leaid,state_postal,state_leaid,fiscal_year,status,topline_amount,yoy_change_pct,yoy_change_dollars,source,source_date,notes
4800001,TX,TX-054901,2025,actual,5111089.0,-7.087208343717897,-389864.0,https://tea.texas.gov/finance-and-grants/state-funding/state-funding-reports-and-data/peims-financial-data-downloads,2026-04-08,PEIMS audited actual; definition='all funds-total operating expenditures by obj'
4800002,TX,TX-063903,2025,actual,3605105.0,-5.076307999846231,-192793.0,https://tea.texas.gov/finance-and-grants/state-funding/state-funding-reports-and-data/peims-financial-data-downloads,2026-04-08,PEIMS audited actual; definition='all funds-total operating expenditures by obj'
4800003,TX,TX-069901,2025,actual,4601555.0,0.8139730023779675,37153.0,https://tea.texas.gov/finance-and-grants/state-funding/state-funding-reports-and-data/peims-financial-data-downloads,2026-04-08,PEIMS audited actual; definition='all funds-total operating expenditures by obj'
4800005,TX,TX-177903,2025,actual,4554665.0,2.9744975243607428,131565.0,https://tea.texas.gov/finance-and-grants/state-funding/state-funding-reports-and-data/peims-financial-data-downloads,2026-04-08,PEIMS audited actual; definition='all funds-total operating expenditures by obj'
4800006,TX,TX-217901,2025,actual,3447401.0,0.645786433288247,22120.0,https://tea.texas.gov/finance-and-grants/state-funding/state-funding-reports-and-data/peims-financial-data-downloads,2026-04-08,PEIMS audited actual; definition='all funds-total operating expenditures by obj'
4800007,TX,TX-042905,2025,actual,3102409.0,-2.1269903663633802,-67422.0,https://tea.texas.gov/finance-and-grants/state-funding/state-funding-reports-and-data/peims-financial-data-downloads,2026-04-08,PEIMS audited actual; definition='all funds-total operating expenditures by obj'
4800008,TX,TX-105904,2025,actual,95067593.0,-0.21971425821549875,-209337.0,https://tea.texas.gov/finance-and-grants/state-funding/state-funding-reports-and-data/peims-financial-data-downloads,2026-04-08,PEIMS audited actual; definition='all funds-total operating expenditures by obj'
4800009,TX,TX-105905,2025,actual,31101742.0,0.1293624660190924,40182.0,https://tea.texas.gov/finance-and-grants/state-funding/state-funding-reports-and-data/peims-financial-data-downloads,2026-04-08,PEIMS audited actual; definition='all funds-total operating expenditures by obj'
4800010,TX,TX-105906,2025,actual,281793637.0,5.5606915683542795,14844233.0,https://tea.texas.gov/finance-and-grants/state-funding/state-funding-reports-and-data/peims-financial-data-downloads,2026-04-08,PEIMS audited actual; definition='all funds-total operating expenditures by obj'
4800011,TX,TX-126901,2025,actual,44763439.0,-2.2861963683075963,-1047324.0,https://tea.texas.gov/finance-and-grants/state-funding/state-funding-reports-and-data/peims-financial-data-downloads,2026-04-08,PEIMS audited actual; definition='all funds-total operating expenditures by obj'
4800012,TX,TX-139905,2025,actual,15781230.0,-2.9030763359215417,-471839.0,https://tea.texas.gov/finance-and-grants/state-funding/state-funding-reports-and-data/peims-financial-data-downloads,2026-04-08,PEIMS audited actual; definition='all funds-total operating expenditures by obj'
4800014,TX,TX-015802,2025,actual,10559409.0,-5.575658116821073,-623522.0,https://tea.texas.gov/finance-and-grants/state-funding/state-funding-reports-and-data/peims-financial-data-downloads,2026-04-08,PEIMS audited actual; definition='all funds-total operating expenditures by obj'
4800018,TX,TX-101802,2025,actual,16448033.0,12.932860080051164,1883598.0,https://tea.texas.gov/finance-and-grants/state-funding/state-funding-reports-and-data/peims-financial-data-downloads,2026-04-08,PEIMS audited actual; definition='all funds-total operating expenditures by obj'
4800019,TX,TX-101803,2025,actual,17016531.0,13.494521739165233,2023269.0,https://tea.texas.gov/finance-and-grants/state-funding/state-funding-reports-and-data/peims-financial-data-downloads,2026-04-08,PEIMS audited actual; definition='all funds-total operating expenditures by obj'
4800020,TX,TX-101804,2025,actual,15039787.0,-12.67570199510977,-2183125.0,https://tea.texas.gov/finance-and-grants/state-funding/state-funding-reports-and-data/peims-financial-data-downloads,2026-04-08,PEIMS audited actual; definition='all funds-total operating expenditures by obj'
4800022,TX,TX-101806,2025,actual,34756369.0,-4.141368302626316,-1501575.0,https://tea.texas.gov/finance-and-grants/state-funding/state-funding-reports-and-data/peims-financial-data-downloads,2026-04-08,PEIMS audited actual; definition='all funds-total operating expenditures by obj'
4800029,TX,TX-057802,2025,actual,5032270.0,-17.821961163815057,-1091349.0,https://tea.texas.gov/finance-and-grants/state-funding/state-funding-reports-and-data/peims-financial-data-downloads,2026-04-08,PEIMS audited actual; definition='all funds-total operating expenditures by obj'
4800030,TX,TX-057803,2025,actual,308290291.0,3.9025191927107112,11579207.0,https://tea.texas.gov/finance-and-grants/state-funding/state-funding-reports-and-data/peims-financial-data-downloads,2026-04-08,PEIMS audited actual; definition='all funds-total operating expenditures by obj'
4800034,TX,TX-212801,2025,actual,21613067.0,-9.1451074205597,-2175489.0,https://tea.texas.gov/finance-and-grants/state-funding/state-funding-reports-and-data/peims-financial-data-downloads,2026-04-08,PEIMS audited actual; definition='all funds-total operating expenditures by obj'
4800037,TX,TX-071801,2025,actual,19769292.0,20.67015904432648,3386375.0,https://tea.texas.gov/finance-and-grants/state-funding/state-funding-reports-and-data/peims-financial-data-downloads,2026-04-08,PEIMS audited actual; definition='all funds-total operating expenditures by obj'
4800041,TX,TX-057806,2025,actual,13542245.0,1.888783129713691,251042.0,https://tea.texas.gov/finance-and-grants/state-funding/state-funding-reports-and-data/peims-financial-data-downloads,2026-04-08,PEIMS audited actual; definition='all funds-total operating expenditures by obj'
4800042,TX,TX-161802,2025,actual,13476628.0,0.995095566165192,132784.0,https://tea.texas.gov/finance-and-grants/state-funding/state-funding-reports-and-data/peims-financial-data-downloads,2026-04-08,PEIMS audited actual; definition='all funds-total operating expenditures by obj'
4800044,TX,TX-227803,2025,actual,23478129.0,0.2857645912465591,66901.0,https://tea.texas.gov/finance-and-grants/state-funding/state-funding-reports-and-data/peims-financial-data-downloads,2026-04-08,PEIMS audited actual; definition='all funds-total operating expenditures by obj'
4800049,TX,TX-101811,2025,actual,5426458.0,5.549538741152754,285310.0,https://tea.texas.gov/finance-and-grants/state-funding/state-funding-reports-and-data/peims-financial-data-downloads,2026-04-08,PEIMS audited actual; definition='all funds-total operating expenditures by obj'
4800053,TX,TX-015808,2025,actual,13467185.0,3.5856271859347615,466168.0,https://tea.texas.gov/finance-and-grants/state-funding/state-funding-reports-and-data/peims-financial-data-downloads,2026-04-08,PEIMS audited actual; definition='all funds-total operating expenditures by obj'
4800055,TX,TX-057807,2025,actual,72514336.0,7.601857817284601,5122994.0,https://tea.texas.gov/finance-and-grants/state-funding/state-funding-reports-and-data/peims-financial-data-downloads,2026-04-08,PEIMS audited actual; definition='all funds-total operating expenditures by obj'
4800058,TX,TX-227804,2025,actual,19569760.0,0.42595598908078847,83005.0,https://tea.texas.gov/finance-and-grants/state-funding/state-funding-reports-and-data/peims-financial-data-downloads,2026-04-08,PEIMS audited actual; definition='all funds-total operating expenditures by obj'
4800062,TX,TX-015806,2025,actual,26029128.0,7.94636258751496,1916108.0,https://tea.texas.gov/finance-and-grants/state-funding/state-funding-reports-and-data/peims-financial-data-downloads,2026-04-08,PEIMS audited actual; definition='all funds-total operating expenditures by obj'
4800063,TX,TX-015807,2025,actual,14586188.0,-1.2187670004502866,-179965.0,https://tea.texas.gov/finance-and-grants/state-funding/state-funding-reports-and-data/peims-financial-data-downloads,2026-04-08,PEIMS audited actual; definition='all funds-total operating expenditures by obj'
4800064,TX,TX-227814,2025,actual,3360663.0,6.574542271778064,207318.0,https://tea.texas.gov/finance-and-grants/state-funding/state-funding-reports-and-data/peims-financial-data-downloads,2026-04-08,PEIMS audited actual; definition='all funds-total operating expenditures by obj'
4800066,TX,TX-227805,2025,actual,10226184.0,33.843918757967536,2585804.0,https://tea.texas.gov/finance-and-grants/state-funding/state-funding-reports-and-data/peims-financial-data-downloads,2026-04-08,PEIMS audited actual; definition='all funds-total operating expenditures by obj'
4800068,TX,TX-220801,2025,actual,4323829.0,9.114472270352143,361175.0,https://tea.texas.gov/finance-and-grants/state-funding/state-funding-reports-and-data/peims-financial-data-downloads,2026-04-08,PEIMS audited actual; definition='all funds-total operating expenditures by obj'
4800070,TX,TX-057808,2025,actual,19692717.0,-0.7060544865519638,-140030.0,https://tea.texas.gov/finance-and-grants/state-funding/state-funding-reports-and-data/peims-financial-data-downloads,2026-04-08,PEIMS audited actual; definition='all funds-total operating expenditures by obj'
4800071,TX,TX-227806,2025,actual,12354705.0,1.4941645007078472,181882.0,https://tea.texas.gov/finance-and-grants/state-funding/state-funding-reports-and-data/peims-financial-data-downloads,2026-04-08,PEIMS audited actual; definition='all funds-total operating expenditures by obj'
4800074,TX,TX-003801,2025,actual,13701499.0,14.040152890306123,1686872.0,https://tea.texas.gov/finance-and-grants/state-funding/state-funding-reports-and-data/peims-financial-data-downloads,2026-04-08,PEIMS audited actual; definition='all funds-total operating expenditures by obj'
4800076,TX,TX-014803,2025,actual,7665167.0,-9.739140612874957,-827071.0,https://tea.texas.gov/finance-and-grants/state-funding/state-funding-reports-and-data/peims-financial-data-downloads,2026-04-08,PEIMS audited actual; definition='all funds-total operating expenditures by obj'
4800080,TX,TX-015815,2025,actual,8334768.0,3.227743336609218,260613.0,https://tea.texas.gov/finance-and-grants/state-funding/state-funding-reports-and-data/peims-financial-data-downloads,2026-04-08,PEIMS audited actual; definition='all funds-total operating expenditures by obj'
4800092,TX,TX-057813,2025,actual,81304241.0,-1.3130410028509332,-1081762.0,https://tea.texas.gov/finance-and-grants/state-funding/state-funding-reports-and-data/peims-financial-data-downloads,2026-04-08,PEIMS audited actual; definition='all funds-total operating expenditures by obj'
4800098,TX,TX-057819,2025,actual,2730941.0,5.604466187085969,144932.0,https://tea.texas.gov/finance-and-grants/state-funding/state-funding-reports-and-data/peims-financial-data-downloads,2026-04-08,PEIMS audited actual; definition='all funds-total operating expenditures by obj'
4800105,TX,TX-070801,2025,actual,44580696.0,-1.3193385178608545,-596034.0,https://tea.texas.gov/finance-and-grants/state-funding/state-funding-reports-and-data/peims-financial-data-downloads,2026-04-08,PEIMS audited actual; definition='all funds-total operating expenditures by obj'
4800108,TX,TX-084802,2025,actual,22999366.0,13.279986839457885,2696251.0,https://tea.texas.gov/finance-and-grants/state-funding/state-funding-reports-and-data/peims-financial-data-downloads,2026-04-08,PEIMS audited actual; definition='all funds-total operating expenditures by obj'
4800118,TX,TX-101828,2025,actual,21406885.0,-0.2979805563483612,-63979.0,https://tea.texas.gov/finance-and-grants/state-funding/state-funding-reports-and-data/peims-financial-data-downloads,2026-04-08,PEIMS audited actual; definition='all funds-total operating expenditures by obj'
4800125,TX,TX-101838,2025,actual,28866221.0,2.778999533535175,780502.0,https://tea.texas.gov/finance-and-grants/state-funding/state-funding-reports-and-data/peims-financial-data-downloads,2026-04-08,PEIMS audited actual; definition='all funds-total operating expenditures by obj'
4800127,TX,TX-101842,2025,actual,928200.0,13.973897251586143,113803.0,https://tea.texas.gov/finance-and-grants/state-funding/state-funding-reports-and-data/peims-financial-data-downloads,2026-04-08,PEIMS audited actual; definition='all funds-total operating expenditures by obj'
4800139,TX,TX-123803,2025,actual,5213329.0,1.7558361477238327,89958.0,https://tea.texas.gov/finance-and-grants/state-funding/state-funding-reports-and-data/peims-financial-data-downloads,2026-04-08,PEIMS audited actual; definition='all funds-total operating expenditures by obj'
4800163,TX,TX-221801,2025,actual,175698645.0,-1.6654073921095536,-2975655.0,https://tea.texas.gov/finance-and-grants/state-funding/state-funding-reports-and-data/peims-financial-data-downloads,2026-04-08,PEIMS audited actual; definition='all funds-total operating expenditures by obj'
4800179,TX,TX-015822,2025,actual,77490258.0,-12.55045133194902,-11121129.0,https://tea.texas.gov/finance-and-grants/state-funding/state-funding-reports-and-data/peims-financial-data-downloads,2026-04-08,PEIMS audited actual; definition='all funds-total operating expenditures by obj'
4800184,TX,TX-057831,2025,actual,5713424.0,-19.095408506005725,-1348504.0,https://tea.texas.gov/finance-and-grants/state-funding/state-funding-reports-and-data/peims-financial-data-downloads,2026-04-08,PEIMS audited actual; definition='all funds-total operating expenditures by obj'
4800195,TX,TX-108808,2025,actual,90417822.0,7.306619900329425,6156644.0,https://tea.texas.gov/finance-and-grants/state-funding/state-funding-reports-and-data/peims-financial-data-downloads,2026-04-08,PEIMS audited actual; definition='all funds-total operating expenditures by obj'
4800203,TX,TX-057829,2025,actual,22249318.0,-9.312971100439107,-2284861.0,https://tea.texas.gov/finance-and-grants/state-funding/state-funding-reports-and-data/peims-financial-data-downloads,2026-04-08,PEIMS audited actual; definition='all funds-total operating expenditures by obj'
4800204,TX,TX-057830,2025,actual,17830335.0,-12.214054841798717,-2480815.0,https://tea.texas.gov/finance-and-grants/state-funding/state-funding-reports-and-data/peims-financial-data-downloads,2026-04-08,PEIMS audited actual; definition='all funds-total operating expenditures by obj'
4800207,TX,TX-072801,2025,actual,89377225.0,8.359802473514765,6895324.0,https://tea.texas.gov/finance-and-grants/state-funding/state-funding-reports-and-data/peims-financial-data-downloads,2026-04-08,PEIMS audited actual; definition='all funds-total operating expenditures by obj'
4800209,TX,TX-101845,2025,actual,277639769.0,6.7871633599568115,17646189.0,https://tea.texas.gov/finance-and-grants/state-funding/state-funding-reports-and-data/peims-financial-data-downloads,2026-04-08,PEIMS audited actual; definition='all funds-total operating expenditures by obj'
4800210,TX,TX-101846,2025,actual,49168165.0,-6.699377057998795,-3530481.0,https://tea.texas.gov/finance-and-grants/state-funding/state-funding-reports-and-data/peims-financial-data-downloads,2026-04-08,PEIMS audited actual; definition='all funds-total operating expenditures by obj'
4800211,TX,TX-108807,2025,actual,1078754985.0,11.076036415485504,107568922.0,https://tea.texas.gov/finance-and-grants/state-funding/state-funding-reports-and-data/peims-financial-data-downloads,2026-04-08,PEIMS audited actual; definition='all funds-total operating expenditures by obj'
4800221,TX,TX-123805,2025,actual,7141050.0,7.937842385855511,525159.0,https://tea.texas.gov/finance-and-grants/state-funding/state-funding-reports-and-data/peims-financial-data-downloads,2026-04-08,PEIMS audited actual; definition='all funds-total operating expenditures by obj'
4800227,TX,TX-193801,2025,actual,3946390.0,0.17514957519882016,6900.0,https://tea.texas.gov/finance-and-grants/state-funding/state-funding-reports-and-data/peims-financial-data-downloads,2026-04-08,PEIMS audited actual; definition='all funds-total operating expenditures by obj'
4800231,TX,TX-220809,2025,actual,7419219.0,5.340950863212303,376166.0,https://tea.texas.gov/finance-and-grants/state-funding/state-funding-reports-and-data/peims-financial-data-downloads,2026-04-08,PEIMS audited actual; definition='all funds-total operating expenditures by obj'
4800232,TX,TX-227817,2025,actual,7442772.0,-4.816608738110664,-376630.0,https://tea.texas.gov/finance-and-grants/state-funding/state-funding-reports-and-data/peims-financial-data-downloads,2026-04-08,PEIMS audited actual; definition='all funds-total operating expenditures by obj'
4800235,TX,TX-014804,2025,actual,20319002.0,9.211431623110467,1713805.0,https://tea.texas.gov/finance-and-grants/state-funding/state-funding-reports-and-data/peims-financial-data-downloads,2026-04-08,PEIMS audited actual; definition='all funds-total operating expenditures by obj'
4800241,TX,TX-227816,2025,actual,58497532.0,3.043628540125138,1727858.0,https://tea.texas.gov/finance-and-grants/state-funding/state-funding-reports-and-data/peims-financial-data-downloads,2026-04-08,PEIMS audited actual; definition='all funds-total operating expenditures by obj'
4800246,TX,TX-015825,2025,actual,6464568.0,17.12795031776137,945332.0,https://tea.texas.gov/finance-and-grants/state-funding/state-funding-reports-and-data/peims-financial-data-downloads,2026-04-08,PEIMS audited actual; definition='all funds-total operating expenditures by obj'
4800254,TX,TX-220810,2025,actual,11899844.0,1.4045913021841046,164829.0,https://tea.texas.gov/finance-and-grants/state-funding/state-funding-reports-and-data/peims-financial-data-downloads,2026-04-08,PEIMS audited actual; definition='all funds-total operating expenditures by obj'
4800258,TX,TX-015827,2025,actual,60934436.0,11.731141305803767,6397773.0,https://tea.texas.gov/finance-and-grants/state-funding/state-funding-reports-and-data/peims-financial-data-downloads,2026-04-08,PEIMS audited actual; definition='all funds-total operating expenditures by obj'
4800259,TX,TX-046802,2025,actual,8064431.0,-5.73651045720609,-490770.0,https://tea.texas.gov/finance-and-grants/state-funding/state-funding-reports-and-data/peims-financial-data-downloads,2026-04-08,PEIMS audited actual; definition='all funds-total operating expenditures by obj'
4800264,TX,TX-227820,2025,actual,460708587.0,2.6659311641438865,11963242.0,https://tea.texas.gov/finance-and-grants/state-funding/state-funding-reports-and-data/peims-financial-data-downloads,2026-04-08,PEIMS audited actual; definition='all funds-total operating expenditures by obj'
4800266,TX,TX-015828,2025,actual,63326105.0,-4.272803524706838,-2826574.0,https://tea.texas.gov/finance-and-grants/state-funding/state-funding-reports-and-data/peims-financial-data-downloads,2026-04-08,PEIMS audited actual; definition='all funds-total operating expenditures by obj'
4800268,TX,TX-015830,2025,actual,32294026.0,-4.364110243269564,-1473659.0,https://tea.texas.gov/finance-and-grants/state-funding/state-funding-reports-and-data/peims-financial-data-downloads,2026-04-08,PEIMS audited actual; definition='all funds-total operating expenditures by obj'
4800272,TX,TX-071806,2025,actual,70330742.0,7.772515322674985,5072228.0,https://tea.texas.gov/finance-and-grants/state-funding/state-funding-reports-and-data/peims-financial-data-downloads,2026-04-08,PEIMS audited actual; definition='all funds-total operating expenditures by obj'
4800274,TX,TX-101858,2025,actual,94346004.0,5.490463884304832,4910428.0,https://tea.texas.gov/finance-and-grants/state-funding/state-funding-reports-and-data/peims-financial-data-downloads,2026-04-08,PEIMS audited actual; definition='all funds-total operating expenditures by obj'
4800292,TX,TX-161807,2025,actual,129717523.0,0.5787396613672785,746407.0,https://tea.texas.gov/finance-and-grants/state-funding/state-funding-reports-and-data/peims-financial-data-downloads,2026-04-08,PEIMS audited actual; definition='all funds-total operating expenditures by obj'
4801400,TX,TX-015831,2025,actual,70392669.0,3.8946163316852807,2638755.0,https://tea.texas.gov/finance-and-grants/state-funding/state-funding-reports-and-data/peims-financial-data-downloads,2026-04-08,PEIMS audited actual; definition='all funds-total operating expenditures by obj'
4801404,TX,TX-130801,2025,actual,2291532.0,5.103418668564908,111268.0,https://tea.texas.gov/finance-and-grants/state-funding/state-funding-reports-and-data/peims-financial-data-downloads,2026-04-08,PEIMS audited actual; definition='all funds-total operating expenditures by obj'
4801405,TX,TX-101862,2025,actual,76258757.0,9.6989617800775,6742368.0,https://tea.texas.gov/finance-and-grants/state-funding/state-funding-reports-and-data/peims-financial-data-downloads,2026-04-08,PEIMS audited actual; definition='all funds-total operating expenditures by obj'
4801409,TX,TX-226801,2025,actual,48956190.0,-0.9856556973790688,-487343.0,https://tea.texas.gov/finance-and-grants/state-funding/state-funding-reports-and-data/peims-financial-data-downloads,2026-04-08,PEIMS audited actual; definition='all funds-total operating expenditures by obj'
4801410,TX,TX-123807,2025,actual,37611527.0,14.63483277998848,4801668.0,https://tea.texas.gov/finance-and-grants/state-funding/state-funding-reports-and-data/peims-financial-data-downloads,2026-04-08,PEIMS audited actual; definition='all funds-total operating expenditures by obj'
4801414,TX,TX-227824,2025,actual,13562576.0,-1.6822480854152295,-232060.0,https://tea.texas.gov/finance-and-grants/state-funding/state-funding-reports-and-data/peims-financial-data-downloads,2026-04-08,PEIMS audited actual; definition='all funds-total operating expenditures by obj'
4801415,TX,TX-057844,2025,actual,8502449.0,14.374172119061774,1068560.0,https://tea.texas.gov/finance-and-grants/state-funding/state-funding-reports-and-data/peims-financial-data-downloads,2026-04-08,PEIMS audited actual; definition='all funds-total operating expenditures by obj'
4801417,TX,TX-068802,2025,actual,15683331.0,25.597450208545187,3196349.0,https://tea.texas.gov/finance-and-grants/state-funding/state-funding-reports-and-data/peims-financial-data-downloads,2026-04-08,PEIMS audited actual; definition='all funds-total operating expenditures by obj'
4801420,TX,TX-061804,2025,actual,13832584.0,6.700158446748247,868607.0,https://tea.texas.gov/finance-and-grants/state-funding/state-funding-reports-and-data/peims-financial-data-downloads,2026-04-08,PEIMS audited actual; definition='all funds-total operating expenditures by obj'
4801421,TX,TX-220817,2025,actual,35823884.0,3.584086340090638,1239533.0,https://tea.texas.gov/finance-and-grants/state-funding/state-funding-reports-and-data/peims-financial-data-downloads,2026-04-08,PEIMS audited actual; definition='all funds-total operating expenditures by obj'
4801422,TX,TX-246801,2025,actual,19118888.0,6.40597319515484,1151017.0,https://tea.texas.gov/finance-and-grants/state-funding/state-funding-reports-and-data/peims-financial-data-downloads,2026-04-08,PEIMS audited actual; definition='all funds-total operating expenditures by obj'
4801425,TX,TX-057845,2025,actual,17413569.0,-1.641032395944013,-290530.0,https://tea.texas.gov/finance-and-grants/state-funding/state-funding-reports-and-data/peims-financial-data-downloads,2026-04-08,PEIMS audited actual; definition='all funds-total operating expenditures by obj'
4801427,TX,TX-212804,2025,actual,12692198.0,9.019271337964776,1050038.0,https://tea.texas.gov/finance-and-grants/state-funding/state-funding-reports-and-data/peims-financial-data-downloads,2026-04-08,PEIMS audited actual; definition='all funds-total operating expenditures by obj'
4801428,TX,TX-057846,2025,actual,15890572.0,-16.496072198607127,-3139158.0,https://tea.texas.gov/finance-and-grants/state-funding/state-funding-reports-and-data/peims-financial-data-downloads,2026-04-08,PEIMS audited actual; definition='all funds-total operating expenditures by obj'
4801429,TX,TX-043801,2025,actual,12788036.0,3.4937541355301445,431700.0,https://tea.texas.gov/finance-and-grants/state-funding/state-funding-reports-and-data/peims-financial-data-downloads,2026-04-08,PEIMS audited actual; definition='all funds-total operating expenditures by obj'
4801431,TX,TX-227825,2025,actual,40450549.0,-7.250498169271206,-3162137.0,https://tea.texas.gov/finance-and-grants/state-funding/state-funding-reports-and-data/peims-financial-data-downloads,2026-04-08,PEIMS audited actual; definition='all funds-total operating expenditures by obj'
4801436,TX,TX-057847,2025,actual,15385712.0,15.221125955987791,2032508.0,https://tea.texas.gov/finance-and-grants/state-funding/state-funding-reports-and-data/peims-financial-data-downloads,2026-04-08,PEIMS audited actual; definition='all funds-total operating expenditures by obj'
4801438,TX,TX-015834,2025,actual,69250004.0,14.587387223885987,8815775.0,https://tea.texas.gov/finance-and-grants/state-funding/state-funding-reports-and-data/peims-financial-data-downloads,2026-04-08,PEIMS audited actual; definition='all funds-total operating expenditures by obj'
4801440,TX,TX-057848,2025,actual,414263509.0,42.99041721727831,124549333.0,https://tea.texas.gov/finance-and-grants/state-funding/state-funding-reports-and-data/peims-financial-data-downloads,2026-04-08,PEIMS audited actual; definition='all funds-total operating expenditures by obj'
4801441,TX,TX-015835,2025,actual,144027238.0,8.476099168352032,11253992.0,https://tea.texas.gov/finance-and-grants/state-funding/state-funding-reports-and-data/peims-financial-data-downloads,2026-04-08,PEIMS audited actual; definition='all funds-total operating expenditures by obj'
4801446,TX,TX-101870,2025,actual,18448544.0,-1.3665473615607664,-255601.0,https://tea.texas.gov/finance-and-grants/state-funding/state-funding-reports-and-data/peims-financial-data-downloads,2026-04-08,PEIMS audited actual; definition='all funds-total operating expenditures by obj'
4801447,TX,TX-105803,2025,actual,9510588.0,0.5425792112367305,51324.0,https://tea.texas.gov/finance-and-grants/state-funding/state-funding-reports-and-data/peims-financial-data-downloads,2026-04-08,PEIMS audited actual; definition='all funds-total operating expenditures by obj'
4801451,TX,TX-057850,2025,actual,30858123.0,-7.123405919030821,-2366742.0,https://tea.texas.gov/finance-and-grants/state-funding/state-funding-reports-and-data/peims-financial-data-downloads,2026-04-08,PEIMS audited actual; definition='all funds-total operating expenditures by obj'
4801456,TX,TX-061805,2025,actual,6864129.0,1.3329371030130925,90291.0,https://tea.texas.gov/finance-and-grants/state-funding/state-funding-reports-and-data/peims-financial-data-downloads,2026-04-08,PEIMS audited actual; definition='all funds-total operating expenditures by obj'
4801457,TX,TX-015838,2025,actual,55351461.0,14.342099432859564,6942816.0,https://tea.texas.gov/finance-and-grants/state-funding/state-funding-reports-and-data/peims-financial-data-downloads,2026-04-08,PEIMS audited actual; definition='all funds-total operating expenditures by obj'
4801461,TX,TX-227829,2025,actual,41138805.0,24.11851870714106,7994029.0,https://tea.texas.gov/finance-and-grants/state-funding/state-funding-reports-and-data/peims-financial-data-downloads,2026-04-08,PEIMS audited actual; definition='all funds-total operating expenditures by obj'
4801477,TX,TX-015842,2025,actual,6808619.0,14.75694403478262,875541.0,https://tea.texas.gov/finance-and-grants/state-funding/state-funding-reports-and-data/peims-financial-data-downloads,2026-04-08,PEIMS audited actual; definition='all funds-total operating expenditures by obj'
4807350,TX,TX-021901,2025,actual,164762375.0,-3.2693445239311427,-5568710.0,https://tea.texas.gov/finance-and-grants/state-funding/state-funding-reports-and-data/peims-financial-data-downloads,2026-04-08,PEIMS audited actual; definition='all funds-total operating expenditures by obj'
4807380,TX,TX-109901,2025,actual,4127343.0,3.1082544201460833,124421.0,https://tea.texas.gov/finance-and-grants/state-funding/state-funding-reports-and-data/peims-financial-data-downloads,2026-04-08,PEIMS audited actual; definition='all funds-total operating expenditures by obj'
4807410,TX,TX-095901,2025,actual,11818225.0,-0.32661010406469587,-38726.0,https://tea.texas.gov/finance-and-grants/state-funding/state-funding-reports-and-data/peims-financial-data-downloads,2026-04-08,PEIMS audited actual; definition='all funds-total operating expenditures by obj'
4807440,TX,TX-221901,2025,actual,180365561.0,2.533773834466236,4457122.0,https://tea.texas.gov/finance-and-grants/state-funding/state-funding-reports-and-data/peims-financial-data-downloads,2026-04-08,PEIMS audited actual; definition='all funds-total operating expenditures by obj'
4807470,TX,TX-014901,2025,actual,24220198.0,14.52812363564523,3072381.0,https://tea.texas.gov/finance-and-grants/state-funding/state-funding-reports-and-data/peims-financial-data-downloads,2026-04-08,PEIMS audited actual; definition='all funds-total operating expenditures by obj'
4807500,TX,TX-180903,2025,actual,2783437.0,9.103990391889552,232259.0,https://tea.texas.gov/finance-and-grants/state-funding/state-funding-reports-and-data/peims-financial-data-downloads,2026-04-08,PEIMS audited actual; definition='all funds-total operating expenditures by obj'
4807530,TX,TX-178901,2025,actual,6847461.0,3.8794315126858026,255722.0,https://tea.texas.gov/finance-and-grants/state-funding/state-funding-reports-and-data/peims-financial-data-downloads,2026-04-08,PEIMS audited actual; definition='all funds-total operating expenditures by obj'
4807590,TX,TX-015901,2025,actual,57599496.0,-6.360293724967924,-3912333.0,https://tea.texas.gov/finance-and-grants/state-funding/state-funding-reports-and-data/peims-financial-data-downloads,2026-04-08,PEIMS audited actual; definition='all funds-total operating expenditures by obj'
4807650,TX,TX-250906,2025,actual,11798765.0,-0.09422608655302804,-11128.0,https://tea.texas.gov/finance-and-grants/state-funding/state-funding-reports-and-data/peims-financial-data-downloads,2026-04-08,PEIMS audited actual; definition='all funds-total operating expenditures by obj'
4807680,TX,TX-209901,2025,actual,7499828.0,4.884645920194379,349279.0,https://tea.texas.gov/finance-and-grants/state-funding/state-funding-reports-and-data/peims-financial-data-downloads,2026-04-08,PEIMS audited actual; definition='all funds-total operating expenditures by obj'
4807710,TX,TX-101902,2025,actual,838775224.0,-0.28667512320395144,-2411473.0,https://tea.texas.gov/finance-and-grants/state-funding/state-funding-reports-and-data/peims-financial-data-downloads,2026-04-08,PEIMS audited actual; definition='all funds-total operating expenditures by obj'
4807780,TX,TX-184907,2025,actual,88668044.0,-2.5886278200909483,-2356281.0,https://tea.texas.gov/finance-and-grants/state-funding/state-funding-reports-and-data/peims-financial-data-downloads,2026-04-08,PEIMS audited actual; definition='all funds-total operating expenditures by obj'
4807800,TX,TX-125901,2025,actual,57256763.0,-4.221034952399378,-2523339.0,https://tea.texas.gov/finance-and-grants/state-funding/state-funding-reports-and-data/peims-financial-data-downloads,2026-04-08,PEIMS audited actual; definition='all funds-total operating expenditures by obj'
4807830,TX,TX-101903,2025,actual,560829906.0,-0.36005075716682483,-2026569.0,https://tea.texas.gov/finance-and-grants/state-funding/state-funding-reports-and-data/peims-financial-data-downloads,2026-04-08,PEIMS audited actual; definition='all funds-total operating expenditures by obj'
4807890,TX,TX-043901,2025,actual,233254804.0,-1.3559594856187795,-3206317.0,https://tea.texas.gov/finance-and-grants/state-funding/state-funding-reports-and-data/peims-financial-data-downloads,2026-04-08,PEIMS audited actual; definition='all funds-total operating expenditures by obj'
4807950,TX,TX-022901,2025,actual,14736273.0,-4.1940401423175855,-645101.0,https://tea.texas.gov/finance-and-grants/state-funding/state-funding-reports-and-data/peims-financial-data-downloads,2026-04-08,PEIMS audited actual; definition='all funds-total operating expenditures by obj'
4807980,TX,TX-037901,2025,actual,9933911.0,0.7008064449093533,69133.0,https://tea.texas.gov/finance-and-grants/state-funding/state-funding-reports-and-data/peims-financial-data-downloads,2026-04-08,PEIMS audited actual; definition='all funds-total operating expenditures by obj'
4808090,TX,TX-020901,2025,actual,361728646.0,4.470230095351731,15478192.0,https://tea.texas.gov/finance-and-grants/state-funding/state-funding-reports-and-data/peims-financial-data-downloads,2026-04-08,PEIMS audited actual; definition='all funds-total operating expenditures by obj'
4808100,TX,TX-249901,2025,actual,11513891.0,3.251539596004126,362589.0,https://tea.texas.gov/finance-and-grants/state-funding/state-funding-reports-and-data/peims-financial-data-downloads,2026-04-08,PEIMS audited actual; definition='all funds-total operating expenditures by obj'
4808130,TX,TX-188901,2025,actual,363817321.0,0.26592769143516964,964925.0,https://tea.texas.gov/finance-and-grants/state-funding/state-funding-reports-and-data/peims-financial-data-downloads,2026-04-08,PEIMS audited actual; definition='all funds-total operating expenditures by obj'
4808160,TX,TX-140901,2025,actual,2471251.0,-2.030859325290716,-51228.0,https://tea.texas.gov/finance-and-grants/state-funding/state-funding-reports-and-data/peims-financial-data-downloads,2026-04-08,PEIMS audited actual; definition='all funds-total operating expenditures by obj'
4808190,TX,TX-036901,2025,actual,21977794.0,4.701776978932393,986943.0,https://tea.texas.gov/finance-and-grants/state-funding/state-funding-reports-and-data/peims-financial-data-downloads,2026-04-08,PEIMS audited actual; definition='all funds-total operating expenditures by obj'
4808230,TX,TX-093901,2025,actual,12995180.0,5.263217580228577,649766.0,https://tea.texas.gov/finance-and-grants/state-funding/state-funding-reports-and-data/peims-financial-data-downloads,2026-04-08,PEIMS audited actual; definition='all funds-total operating expenditures by obj'
4808280,TX,TX-002901,2025,actual,53373991.0,-1.7986666260668156,-977604.0,https://tea.texas.gov/finance-and-grants/state-funding/state-funding-reports-and-data/peims-financial-data-downloads,2026-04-08,PEIMS audited actual; definition='all funds-total operating expenditures by obj'
4808310,TX,TX-020902,2025,actual,89458793.0,0.6751810329271141,599958.0,https://tea.texas.gov/finance-and-grants/state-funding/state-funding-reports-and-data/peims-financial-data-downloads,2026-04-08,PEIMS audited actual; definition='all funds-total operating expenditures by obj'
4808340,TX,TX-043902,2025,actual,72735686.0,9.337529353508852,6211697.0,https://tea.texas.gov/finance-and-grants/state-funding/state-funding-reports-and-data/peims-financial-data-downloads,2026-04-08,PEIMS audited actual; definition='all funds-total operating expenditures by obj'
4808400,TX,TX-127901,2025,actual,11307190.0,2.900597799928088,318731.0,https://tea.texas.gov/finance-and-grants/state-funding/state-funding-reports-and-data/peims-financial-data-downloads,2026-04-08,PEIMS audited actual; definition='all funds-total operating expenditures by obj'
4808430,TX,TX-071906,2025,actual,13012752.0,2.4984240557114323,317189.0,https://tea.texas.gov/finance-and-grants/state-funding/state-funding-reports-and-data/peims-financial-data-downloads,2026-04-08,PEIMS audited actual; definition='all funds-total operating expenditures by obj'
4808460,TX,TX-110901,2025,actual,3259095.0,2.8372341345295213,89917.0,https://tea.texas.gov/finance-and-grants/state-funding/state-funding-reports-and-data/peims-financial-data-downloads,2026-04-08,PEIMS audited actual; definition='all funds-total operating expenditures by obj'
4808490,TX,TX-228905,2025,actual,3289750.0,-7.205491144502749,-255449.0,https://tea.texas.gov/finance-and-grants/state-funding/state-funding-reports-and-data/peims-financial-data-downloads,2026-04-08,PEIMS audited actual; definition='all funds-total operating expenditures by obj'
4808520,TX,TX-109912,2025,actual,5346565.0,-18.761003750182905,-1234714.0,https://tea.texas.gov/finance-and-grants/state-funding/state-funding-reports-and-data/peims-financial-data-downloads,2026-04-08,PEIMS audited actual; definition='all funds-total operating expenditures by obj'
4808550,TX,TX-004901,2025,actual,41352742.0,-5.856757908526747,-2572601.0,https://tea.texas.gov/finance-and-grants/state-funding/state-funding-reports-and-data/peims-financial-data-downloads,2026-04-08,PEIMS audited actual; definition='all funds-total operating expenditures by obj'
4808580,TX,TX-205901,2025,actual,22763266.0,3.147266683749681,694561.0,https://tea.texas.gov/finance-and-grants/state-funding/state-funding-reports-and-data/peims-financial-data-downloads,2026-04-08,PEIMS audited actual; definition='all funds-total operating expenditures by obj'
4808610,TX,TX-005901,2025,actual,7469929.0,-2.640944863622388,-202628.0,https://tea.texas.gov/finance-and-grants/state-funding/state-funding-reports-and-data/peims-financial-data-downloads,2026-04-08,PEIMS audited actual; definition='all funds-total operating expenditures by obj'
4808670,TX,TX-061910,2025,actual,63325274.0,5.921174614160478,3539991.0,https://tea.texas.gov/finance-and-grants/state-funding/state-funding-reports-and-data/peims-financial-data-downloads,2026-04-08,PEIMS audited actual; definition='all funds-total operating expenditures by obj'
4808700,TX,TX-220901,2025,actual,745150326.0,4.4253271944039225,31577914.0,https://tea.texas.gov/finance-and-grants/state-funding/state-funding-reports-and-data/peims-financial-data-downloads,2026-04-08,PEIMS audited actual; definition='all funds-total operating expenditures by obj'
4808730,TX,TX-212901,2025,actual,13967960.0,1.3857176525974466,190911.0,https://tea.texas.gov/finance-and-grants/state-funding/state-funding-reports-and-data/peims-financial-data-downloads,2026-04-08,PEIMS audited actual; definition='all funds-total operating expenditures by obj'
4808870,TX,TX-107901,2025,actual,37465578.0,-6.610936369888869,-2652158.0,https://tea.texas.gov/finance-and-grants/state-funding/state-funding-reports-and-data/peims-financial-data-downloads,2026-04-08,PEIMS audited actual; definition='all funds-total operating expenditures by obj'
4808880,TX,TX-034901,2025,actual,27325289.0,2.728909639554103,725874.0,https://tea.texas.gov/finance-and-grants/state-funding/state-funding-reports-and-data/peims-financial-data-downloads,2026-04-08,PEIMS audited actual; definition='all funds-total operating expenditures by obj'
4808910,TX,TX-061907,2025,actual,50535390.0,14.239157372510164,6298903.0,https://tea.texas.gov/finance-and-grants/state-funding/state-funding-reports-and-data/peims-financial-data-downloads,2026-04-08,PEIMS audited actual; definition='all funds-total operating expenditures by obj'
4808940,TX,TX-227901,2025,actual,1061191518.0,0.7029939368455693,7408034.0,https://tea.texas.gov/finance-and-grants/state-funding/state-funding-reports-and-data/peims-financial-data-downloads,2026-04-08,PEIMS audited actual; definition='all funds-total operating expenditures by obj'
4809000,TX,TX-196901,2025,actual,3119909.0,-11.702679533923718,-413504.0,https://tea.texas.gov/finance-and-grants/state-funding/state-funding-reports-and-data/peims-financial-data-downloads,2026-04-08,PEIMS audited actual; definition='all funds-total operating expenditures by obj'
4809030,TX,TX-070901,2025,actual,4398997.0,1.5666065209084434,67852.0,https://tea.texas.gov/finance-and-grants/state-funding/state-funding-reports-and-data/peims-financial-data-downloads,2026-04-08,PEIMS audited actual; definition='all funds-total operating expenditures by obj'
4809060,TX,TX-194902,2025,actual,5510038.0,-5.257746157505934,-305781.0,https://tea.texas.gov/finance-and-grants/state-funding/state-funding-reports-and-data/peims-financial-data-downloads,2026-04-08,PEIMS audited actual; definition='all funds-total operating expenditures by obj'
4809090,TX,TX-034902,2025,actual,2983984.0,24.279174838496598,582951.0,https://tea.texas.gov/finance-and-grants/state-funding/state-funding-reports-and-data/peims-financial-data-downloads,2026-04-08,PEIMS audited actual; definition='all funds-total operating expenditures by obj'
4809150,TX,TX-161918,2025,actual,13530709.0,3.2259351604205664,422851.0,https://tea.texas.gov/finance-and-grants/state-funding/state-funding-reports-and-data/peims-financial-data-downloads,2026-04-08,PEIMS audited actual; definition='all funds-total operating expenditures by obj'
4809200,TX,TX-220915,2025,actual,90221391.0,0.050034226298465746,45119.0,https://tea.texas.gov/finance-and-grants/state-funding/state-funding-reports-and-data/peims-financial-data-downloads,2026-04-08,PEIMS audited actual; definition='all funds-total operating expenditures by obj'
4809280,TX,TX-030903,2025,actual,6307757.0,1.671618003017062,103708.0,https://tea.texas.gov/finance-and-grants/state-funding/state-funding-reports-and-data/peims-financial-data-downloads,2026-04-08,PEIMS audited actual; definition='all funds-total operating expenditures by obj'
4809300,TX,TX-200901,2025,actual,11896415.0,-6.7246178045955185,-857663.0,https://tea.texas.gov/finance-and-grants/state-funding/state-funding-reports-and-data/peims-financial-data-downloads,2026-04-08,PEIMS audited actual; definition='all funds-total operating expenditures by obj'
4809330,TX,TX-195902,2025,actual,3872098.0,-8.901114568535824,-378336.0,https://tea.texas.gov/finance-and-grants/state-funding/state-funding-reports-and-data/peims-financial-data-downloads,2026-04-08,PEIMS audited actual; definition='all funds-total operating expenditures by obj'
4809360,TX,TX-010902,2025,actual,29819706.0,8.49931703336365,2335933.0,https://tea.texas.gov/finance-and-grants/state-funding/state-funding-reports-and-data/peims-financial-data-downloads,2026-04-08,PEIMS audited actual; definition='all funds-total operating expenditures by obj'
4809390,TX,TX-025901,2025,actual,11002721.0,0.06924898502579374,7614.0,https://tea.texas.gov/finance-and-grants/state-funding/state-funding-reports-and-data/peims-financial-data-downloads,2026-04-08,PEIMS audited actual; definition='all funds-total operating expenditures by obj'
4809410,TX,TX-178913,2025,actual,13636203.0,-0.02264780312643794,-3089.0,https://tea.texas.gov/finance-and-grants/state-funding/state-funding-reports-and-data/peims-financial-data-downloads,2026-04-08,PEIMS audited actual; definition='all funds-total operating expenditures by obj'
4809450,TX,TX-036902,2025,actual,126764407.0,11.105772699585694,12670959.0,https://tea.texas.gov/finance-and-grants/state-funding/state-funding-reports-and-data/peims-financial-data-downloads,2026-04-08,PEIMS audited actual; definition='all funds-total operating expenditures by obj'
4809540,TX,TX-014902,2025,actual,8439528.0,4.284723101779056,346753.0,https://tea.texas.gov/finance-and-grants/state-funding/state-funding-reports-and-data/peims-financial-data-downloads,2026-04-08,PEIMS audited actual; definition='all funds-total operating expenditures by obj'
4809570,TX,TX-011901,2025,actual,151396695.0,2.0676718987737877,3066972.0,https://tea.texas.gov/finance-and-grants/state-funding/state-funding-reports-and-data/peims-financial-data-downloads,2026-04-08,PEIMS audited actual; definition='all funds-total operating expenditures by obj'
4809630,TX,TX-158901,2025,actual,44836397.0,-1.5907021112883064,-724742.0,https://tea.texas.gov/finance-and-grants/state-funding/state-funding-reports-and-data/peims-financial-data-downloads,2026-04-08,PEIMS audited actual; definition='all funds-total operating expenditures by obj'
4809670,TX,TX-123910,2025,actual,210226715.0,-6.672680438149202,-15030708.0,https://tea.texas.gov/finance-and-grants/state-funding/state-funding-reports-and-data/peims-financial-data-downloads,2026-04-08,PEIMS audited actual; definition='all funds-total operating expenditures by obj'
4809690,TX,TX-183901,2025,actual,9768545.0,5.69275419647585,526147.0,https://tea.texas.gov/finance-and-grants/state-funding/state-funding-reports-and-data/peims-financial-data-downloads,2026-04-08,PEIMS audited actual; definition='all funds-total operating expenditures by obj'
4809720,TX,TX-013901,2025,actual,43796433.0,0.25934489191860577,113290.0,https://tea.texas.gov/finance-and-grants/state-funding/state-funding-reports-and-data/peims-financial-data-downloads,2026-04-08,PEIMS audited actual; definition='all funds-total operating expenditures by obj'
4809750,TX,TX-039904,2025,actual,3529600.0,15.768354397580461,480753.0,https://tea.texas.gov/finance-and-grants/state-funding/state-funding-reports-and-data/peims-financial-data-downloads,2026-04-08,PEIMS audited actual; definition='all funds-total operating expenditures by obj'
4809780,TX,TX-091901,2025,actual,12817034.0,4.286287679189965,526795.0,https://tea.texas.gov/finance-and-grants/state-funding/state-funding-reports-and-data/peims-financial-data-downloads,2026-04-08,PEIMS audited actual; definition='all funds-total operating expenditures by obj'
4809810,TX,TX-008901,2025,actual,29483195.0,1.051683911682996,306843.0,https://tea.texas.gov/finance-and-grants/state-funding/state-funding-reports-and-data/peims-financial-data-downloads,2026-04-08,PEIMS audited actual; definition='all funds-total operating expenditures by obj'
4809860,TX,TX-014903,2025,actual,164555924.0,-1.8157378473500487,-3043160.0,https://tea.texas.gov/finance-and-grants/state-funding/state-funding-reports-and-data/peims-financial-data-downloads,2026-04-08,PEIMS audited actual; definition='all funds-total operating expenditures by obj'
4809870,TX,TX-125902,2025,actual,7588552.0,-8.483796068779771,-703479.0,https://tea.texas.gov/finance-and-grants/state-funding/state-funding-reports-and-data/peims-financial-data-downloads,2026-04-08,PEIMS audited actual; definition='all funds-total operating expenditures by obj'
4809980,TX,TX-138904,2025,actual,2897084.0,-7.735649440028637,-242898.0,https://tea.texas.gov/finance-and-grants/state-funding/state-funding-reports-and-data/peims-financial-data-downloads,2026-04-08,PEIMS audited actual; definition='all funds-total operating expenditures by obj'
4810140,TX,TX-230901,2025,actual,9856644.0,5.689409457190169,530597.0,https://tea.texas.gov/finance-and-grants/state-funding/state-funding-reports-and-data/peims-financial-data-downloads,2026-04-08,PEIMS audited actual; definition='all funds-total operating expenditures by obj'
4810170,TX,TX-187901,2025,actual,7617085.0,-2.3866874202103054,-186241.0,https://tea.texas.gov/finance-and-grants/state-funding/state-funding-reports-and-data/peims-financial-data-downloads,2026-04-08,PEIMS audited actual; definition='all funds-total operating expenditures by obj'
4810200,TX,TX-114901,2025,actual,44418434.0,-0.2606114594852494,-116062.0,https://tea.texas.gov/finance-and-grants/state-funding/state-funding-reports-and-data/peims-financial-data-downloads,2026-04-08,PEIMS audited actual; definition='all funds-total operating expenditures by obj'
4810230,TX,TX-220902,2025,actual,271611985.0,2.92709154906619,7724236.0,https://tea.texas.gov/finance-and-grants/state-funding/state-funding-reports-and-data/peims-financial-data-downloads,2026-04-08,PEIMS audited actual; definition='all funds-total operating expenditures by obj'
4810260,TX,TX-178902,2025,actual,22306126.0,-0.0486938361274747,-10867.0,https://tea.texas.gov/finance-and-grants/state-funding/state-funding-reports-and-data/peims-financial-data-downloads,2026-04-08,PEIMS audited actual; definition='all funds-total operating expenditures by obj'
4810320,TX,TX-016902,2025,actual,16993585.0,6.368028973070279,1017370.0,https://tea.texas.gov/finance-and-grants/state-funding/state-funding-reports-and-data/peims-financial-data-downloads,2026-04-08,PEIMS audited actual; definition='all funds-total operating expenditures by obj'
4810350,TX,TX-116915,2025,actual,11495483.0,8.501661152459146,900730.0,https://tea.texas.gov/finance-and-grants/state-funding/state-funding-reports-and-data/peims-financial-data-downloads,2026-04-08,PEIMS audited actual; definition='all funds-total operating expenditures by obj'
4810380,TX,TX-025904,2025,actual,2759484.0,-0.06355842431604072,-1755.0,https://tea.texas.gov/finance-and-grants/state-funding/state-funding-reports-and-data/peims-financial-data-downloads,2026-04-08,PEIMS audited actual; definition='all funds-total operating expenditures by obj'
4810440,TX,TX-034909,2025,actual,3756267.0,-2.994433681161546,-115951.0,https://tea.texas.gov/finance-and-grants/state-funding/state-funding-reports-and-data/peims-financial-data-downloads,2026-04-08,PEIMS audited actual; definition='all funds-total operating expenditures by obj'
4810470,TX,TX-175902,2025,actual,12351689.0,6.8963929607575984,796866.0,https://tea.texas.gov/finance-and-grants/state-funding/state-funding-reports-and-data/peims-financial-data-downloads,2026-04-08,PEIMS audited actual; definition='all funds-total operating expenditures by obj'
4810500,TX,TX-235901,2025,actual,11771231.0,1.2119051617230638,140948.0,https://tea.texas.gov/finance-and-grants/state-funding/state-funding-reports-and-data/peims-financial-data-downloads,2026-04-08,PEIMS audited actual; definition='all funds-total operating expenditures by obj'
4810590,TX,TX-043917,2025,actual,14206715.0,2.169816300637713,301713.0,https://tea.texas.gov/finance-and-grants/state-funding/state-funding-reports-and-data/peims-financial-data-downloads,2026-04-08,PEIMS audited actual; definition='all funds-total operating expenditures by obj'
4810620,TX,TX-072904,2025,actual,3307133.0,6.06720419761639,189173.0,https://tea.texas.gov/finance-and-grants/state-funding/state-funding-reports-and-data/peims-financial-data-downloads,2026-04-08,PEIMS audited actual; definition='all funds-total operating expenditures by obj'
4810650,TX,TX-109913,2025,actual,5659169.0,5.565932340954908,298378.0,https://tea.texas.gov/finance-and-grants/state-funding/state-funding-reports-and-data/peims-financial-data-downloads,2026-04-08,PEIMS audited actual; definition='all funds-total operating expenditures by obj'
4810710,TX,TX-130901,2025,actual,120004457.0,5.957566983223743,6747367.0,https://tea.texas.gov/finance-and-grants/state-funding/state-funding-reports-and-data/peims-financial-data-downloads,2026-04-08,PEIMS audited actual; definition='all funds-total operating expenditures by obj'
4810740,TX,TX-116916,2025,actual,9473967.0,1.0496227478276228,98408.0,https://tea.texas.gov/finance-and-grants/state-funding/state-funding-reports-and-data/peims-financial-data-downloads,2026-04-08,PEIMS audited actual; definition='all funds-total operating expenditures by obj'
4810780,TX,TX-241901,2025,actual,14649028.0,6.810787919999317,934095.0,https://tea.texas.gov/finance-and-grants/state-funding/state-funding-reports-and-data/peims-financial-data-downloads,2026-04-08,PEIMS audited actual; definition='all funds-total operating expenditures by obj'
4810800,TX,TX-074903,2025,actual,25153225.0,5.094494995448509,1219312.0,https://tea.texas.gov/finance-and-grants/state-funding/state-funding-reports-and-data/peims-financial-data-downloads,2026-04-08,PEIMS audited actual; definition='all funds-total operating expenditures by obj'
4810830,TX,TX-148901,2025,actual,6060475.0,2.2319051902072884,132311.0,https://tea.texas.gov/finance-and-grants/state-funding/state-funding-reports-and-data/peims-financial-data-downloads,2026-04-08,PEIMS audited actual; definition='all funds-total operating expenditures by obj'
4810860,TX,TX-017901,2025,actual,7073400.0,1.0731755272997883,75104.0,https://tea.texas.gov/finance-and-grants/state-funding/state-funding-reports-and-data/peims-financial-data-downloads,2026-04-08,PEIMS audited actual; definition='all funds-total operating expenditures by obj'
4810890,TX,TX-117901,2025,actual,28189169.0,-3.686602203007568,-1079001.0,https://tea.texas.gov/finance-and-grants/state-funding/state-funding-reports-and-data/peims-financial-data-downloads,2026-04-08,PEIMS audited actual; definition='all funds-total operating expenditures by obj'
4810910,TX,TX-161923,2025,actual,10494305.0,3.6847116030431475,372943.0,https://tea.texas.gov/finance-and-grants/state-funding/state-funding-reports-and-data/peims-financial-data-downloads,2026-04-08,PEIMS audited actual; definition='all funds-total operating expenditures by obj'
4810950,TX,TX-185901,2025,actual,7365235.0,1.3994885718919399,101653.0,https://tea.texas.gov/finance-and-grants/state-funding/state-funding-reports-and-data/peims-financial-data-downloads,2026-04-08,PEIMS audited actual; definition='all funds-total operating expenditures by obj'
4810990,TX,TX-169901,2025,actual,17721605.0,-1.5124965543610673,-272155.0,https://tea.texas.gov/finance-and-grants/state-funding/state-funding-reports-and-data/peims-financial-data-downloads,2026-04-08,PEIMS audited actual; definition='all funds-total operating expenditures by obj'
4811010,TX,TX-249902,2025,actual,16562936.0,-0.05376588703515589,-8910.0,https://tea.texas.gov/finance-and-grants/state-funding/state-funding-reports-and-data/peims-financial-data-downloads,2026-04-08,PEIMS audited actual; definition='all funds-total operating expenditures by obj'
4811040,TX,TX-180901,2025,actual,6357826.0,2.1124263206077445,131526.0,https://tea.texas.gov/finance-and-grants/state-funding/state-funding-reports-and-data/peims-financial-data-downloads,2026-04-08,PEIMS audited actual; definition='all funds-total operating expenditures by obj'
4811070,TX,TX-136901,2025,actual,9941722.0,5.286723186877404,499200.0,https://tea.texas.gov/finance-and-grants/state-funding/state-funding-reports-and-data/peims-financial-data-downloads,2026-04-08,PEIMS audited actual; definition='all funds-total operating expenditures by obj'
4811110,TX,TX-160901,2025,actual,15216611.0,0.035066089454554014,5334.0,https://tea.texas.gov/finance-and-grants/state-funding/state-funding-reports-and-data/peims-financial-data-downloads,2026-04-08,PEIMS audited actual; definition='all funds-total operating expenditures by obj'
4811190,TX,TX-020905,2025,actual,145665861.0,-5.250441607476648,-8071912.0,https://tea.texas.gov/finance-and-grants/state-funding/state-funding-reports-and-data/peims-financial-data-downloads,2026-04-08,PEIMS audited actual; definition='all funds-total operating expenditures by obj'
4811220,TX,TX-215901,2025,actual,16779855.0,-6.934917161654614,-1250382.0,https://tea.texas.gov/finance-and-grants/state-funding/state-funding-reports-and-data/peims-financial-data-downloads,2026-04-08,PEIMS audited actual; definition='all funds-total operating expenditures by obj'
4811250,TX,TX-198901,2025,actual,7269383.0,2.432059023910123,172598.0,https://tea.texas.gov/finance-and-grants/state-funding/state-funding-reports-and-data/peims-financial-data-downloads,2026-04-08,PEIMS audited actual; definition='all funds-total operating expenditures by obj'
4811280,TX,TX-239901,2025,actual,60111876.0,1.6370596888501607,968217.0,https://tea.texas.gov/finance-and-grants/state-funding/state-funding-reports-and-data/peims-financial-data-downloads,2026-04-08,PEIMS audited actual; definition='all funds-total operating expenditures by obj'
4811310,TX,TX-181901,2025,actual,33713533.0,1.9852829271688122,656280.0,https://tea.texas.gov/finance-and-grants/state-funding/state-funding-reports-and-data/peims-financial-data-downloads,2026-04-08,PEIMS audited actual; definition='all funds-total operating expenditures by obj'
4811340,TX,TX-249903,2025,actual,28211897.0,15.218828357624997,3726405.0,https://tea.texas.gov/finance-and-grants/state-funding/state-funding-reports-and-data/peims-financial-data-downloads,2026-04-08,PEIMS audited actual; definition='all funds-total operating expenditures by obj'
4811400,TX,TX-242906,2025,actual,3266238.0,-3.040610140631336,-102428.0,https://tea.texas.gov/finance-and-grants/state-funding/state-funding-reports-and-data/peims-financial-data-downloads,2026-04-08,PEIMS audited actual; definition='all funds-total operating expenditures by obj'
4811430,TX,TX-203902,2025,actual,6440031.0,6.157991012549496,373572.0,https://tea.texas.gov/finance-and-grants/state-funding/state-funding-reports-and-data/peims-financial-data-downloads,2026-04-08,PEIMS audited actual; definition='all funds-total operating expenditures by obj'
4811460,TX,TX-184909,2025,actual,21475033.0,-8.896545196852944,-2097106.0,https://tea.texas.gov/finance-and-grants/state-funding/state-funding-reports-and-data/peims-financial-data-downloads,2026-04-08,PEIMS audited actual; definition='all funds-total operating expenditures by obj'
4811490,TX,TX-041901,2025,actual,3999278.0,-1.3435730878844565,-54465.0,https://tea.texas.gov/finance-and-grants/state-funding/state-funding-reports-and-data/peims-financial-data-downloads,2026-04-08,PEIMS audited actual; definition='all funds-total operating expenditures by obj'
4811520,TX,TX-121902,2025,actual,6035963.0,-4.840429381028604,-307028.0,https://tea.texas.gov/finance-and-grants/state-funding/state-funding-reports-and-data/peims-financial-data-downloads,2026-04-08,PEIMS audited actual; definition='all funds-total operating expenditures by obj'
4811550,TX,TX-025908,2025,actual,6344966.0,26.324568478337262,1322217.0,https://tea.texas.gov/finance-and-grants/state-funding/state-funding-reports-and-data/peims-financial-data-downloads,2026-04-08,PEIMS audited actual; definition='all funds-total operating expenditures by obj'
4811580,TX,TX-024901,2025,actual,19935404.0,-11.220732716271666,-2519618.0,https://tea.texas.gov/finance-and-grants/state-funding/state-funding-reports-and-data/peims-financial-data-downloads,2026-04-08,PEIMS audited actual; definition='all funds-total operating expenditures by obj'
4811610,TX,TX-223901,2025,actual,27188382.0,0.20927994628846266,56781.0,https://tea.texas.gov/finance-and-grants/state-funding/state-funding-reports-and-data/peims-financial-data-downloads,2026-04-08,PEIMS audited actual; definition='all funds-total operating expenditures by obj'
4811640,TX,TX-107902,2025,actual,30577881.0,-0.9491882712602132,-293023.0,https://tea.texas.gov/finance-and-grants/state-funding/state-funding-reports-and-data/peims-financial-data-downloads,2026-04-08,PEIMS audited actual; definition='all funds-total operating expenditures by obj'
4811680,TX,TX-031901,2025,actual,554149599.0,1.1790158326897253,6457378.0,https://tea.texas.gov/finance-and-grants/state-funding/state-funding-reports-and-data/peims-financial-data-downloads,2026-04-08,PEIMS audited actual; definition='all funds-total operating expenditures by obj'
4811700,TX,TX-025902,2025,actual,42507903.0,-5.595665989917138,-2519588.0,https://tea.texas.gov/finance-and-grants/state-funding/state-funding-reports-and-data/peims-financial-data-downloads,2026-04-08,PEIMS audited actual; definition='all funds-total operating expenditures by obj'
4811730,TX,TX-161919,2025,actual,9572399.0,-2.204306018700144,-215761.0,https://tea.texas.gov/finance-and-grants/state-funding/state-funding-reports-and-data/peims-financial-data-downloads,2026-04-08,PEIMS audited actual; definition='all funds-total operating expenditures by obj'
4811790,TX,TX-021902,2025,actual,219805743.0,2.0003741524700365,4310707.0,https://tea.texas.gov/finance-and-grants/state-funding/state-funding-reports-and-data/peims-financial-data-downloads,2026-04-08,PEIMS audited actual; definition='all funds-total operating expenditures by obj'
4811820,TX,TX-119901,2025,actual,3769890.0,1.699044055045337,62982.0,https://tea.texas.gov/finance-and-grants/state-funding/state-funding-reports-and-data/peims-financial-data-downloads,2026-04-08,PEIMS audited actual; definition='all funds-total operating expenditures by obj'
4811850,TX,TX-166907,2025,actual,2672763.0,-1.587153720283902,-43105.0,https://tea.texas.gov/finance-and-grants/state-funding/state-funding-reports-and-data/peims-financial-data-downloads,2026-04-08,PEIMS audited actual; definition='all funds-total operating expenditures by obj'
4811910,TX,TX-186901,2025,actual,5047854.0,11.415324552869071,517190.0,https://tea.texas.gov/finance-and-grants/state-funding/state-funding-reports-and-data/peims-financial-data-downloads,2026-04-08,PEIMS audited actual; definition='all funds-total operating expenditures by obj'
4811990,TX,TX-145901,2025,actual,15226543.0,2.112149289532409,314955.0,https://tea.texas.gov/finance-and-grants/state-funding/state-funding-reports-and-data/peims-financial-data-downloads,2026-04-08,PEIMS audited actual; definition='all funds-total operating expenditures by obj'
4812060,TX,TX-212902,2025,actual,34245322.0,-1.075232351136668,-372219.0,https://tea.texas.gov/finance-and-grants/state-funding/state-funding-reports-and-data/peims-financial-data-downloads,2026-04-08,PEIMS audited actual; definition='all funds-total operating expenditures by obj'
4812090,TX,TX-121903,2025,actual,24425528.0,9.966777019750012,2213794.0,https://tea.texas.gov/finance-and-grants/state-funding/state-funding-reports-and-data/peims-financial-data-downloads,2026-04-08,PEIMS audited actual; definition='all funds-total operating expenditures by obj'
4812120,TX,TX-243901,2025,actual,41812273.0,-3.3117073352455497,-1432128.0,https://tea.texas.gov/finance-and-grants/state-funding/state-funding-reports-and-data/peims-financial-data-downloads,2026-04-08,PEIMS audited actual; definition='all funds-total operating expenditures by obj'
4812150,TX,TX-176901,2025,actual,4035387.0,-0.6980002716701216,-28365.0,https://tea.texas.gov/finance-and-grants/state-funding/state-funding-reports-and-data/peims-financial-data-downloads,2026-04-08,PEIMS audited actual; definition='all funds-total operating expenditures by obj'
4812180,TX,TX-126902,2025,actual,145997432.0,1.1212521657644183,1618848.0,https://tea.texas.gov/finance-and-grants/state-funding/state-funding-reports-and-data/peims-financial-data-downloads,2026-04-08,PEIMS audited actual; definition='all funds-total operating expenditures by obj'
4812220,TX,TX-027903,2025,actual,39143823.0,-1.263377423732841,-500862.0,https://tea.texas.gov/finance-and-grants/state-funding/state-funding-reports-and-data/peims-financial-data-downloads,2026-04-08,PEIMS audited actual; definition='all funds-total operating expenditures by obj'
4812240,TX,TX-239903,2025,actual,9669909.0,-1.7647563778587665,-173716.0,https://tea.texas.gov/finance-and-grants/state-funding/state-funding-reports-and-data/peims-financial-data-downloads,2026-04-08,PEIMS audited actual; definition='all funds-total operating expenditures by obj'
4812360,TX,TX-109902,2025,actual,2917836.0,-6.778581255115805,-212170.0,https://tea.texas.gov/finance-and-grants/state-funding/state-funding-reports-and-data/peims-financial-data-downloads,2026-04-08,PEIMS audited actual; definition='all funds-total operating expenditures by obj'
4812390,TX,TX-116901,2025,actual,38231840.0,9.075671963529224,3181091.0,https://tea.texas.gov/finance-and-grants/state-funding/state-funding-reports-and-data/peims-financial-data-downloads,2026-04-08,PEIMS audited actual; definition='all funds-total operating expenditures by obj'
4812420,TX,TX-178903,2025,actual,48780850.0,-3.478811920463732,-1758157.0,https://tea.texas.gov/finance-and-grants/state-funding/state-funding-reports-and-data/peims-financial-data-downloads,2026-04-08,PEIMS audited actual; definition='all funds-total operating expenditures by obj'
4812460,TX,TX-026901,2025,actual,23664602.0,-8.62804742556304,-2234595.0,https://tea.texas.gov/finance-and-grants/state-funding/state-funding-reports-and-data/peims-financial-data-downloads,2026-04-08,PEIMS audited actual; definition='all funds-total operating expenditures by obj'
4812480,TX,TX-029901,2025,actual,49100754.0,0.44162543065986926,215888.0,https://tea.texas.gov/finance-and-grants/state-funding/state-funding-reports-and-data/peims-financial-data-downloads,2026-04-08,PEIMS audited actual; definition='all funds-total operating expenditures by obj'
4812510,TX,TX-049905,2025,actual,14758019.0,1.9121802369624326,276905.0,https://tea.texas.gov/finance-and-grants/state-funding/state-funding-reports-and-data/peims-financial-data-downloads,2026-04-08,PEIMS audited actual; definition='all funds-total operating expenditures by obj'
4812540,TX,TX-198902,2025,actual,3528311.0,5.150677354453802,172830.0,https://tea.texas.gov/finance-and-grants/state-funding/state-funding-reports-and-data/peims-financial-data-downloads,2026-04-08,PEIMS audited actual; definition='all funds-total operating expenditures by obj'
4812640,TX,TX-166901,2025,actual,21344463.0,-0.8488702270211534,-182738.0,https://tea.texas.gov/finance-and-grants/state-funding/state-funding-reports-and-data/peims-financial-data-downloads,2026-04-08,PEIMS audited actual; definition='all funds-total operating expenditures by obj'
4812660,TX,TX-116910,2025,actual,5327104.0,7.729539623453478,382217.0,https://tea.texas.gov/finance-and-grants/state-funding/state-funding-reports-and-data/peims-financial-data-downloads,2026-04-08,PEIMS audited actual; definition='all funds-total operating expenditures by obj'
4812700,TX,TX-106901,2025,actual,12673936.0,1.4316955241057556,178891.0,https://tea.texas.gov/finance-and-grants/state-funding/state-funding-reports-and-data/peims-financial-data-downloads,2026-04-08,PEIMS audited actual; definition='all funds-total operating expenditures by obj'
4812750,TX,TX-234902,2025,actual,23999343.0,2.1299964053512648,500524.0,https://tea.texas.gov/finance-and-grants/state-funding/state-funding-reports-and-data/peims-financial-data-downloads,2026-04-08,PEIMS audited actual; definition='all funds-total operating expenditures by obj'
4812780,TX,TX-071907,2025,actual,77659422.0,-2.8506989522658874,-2278798.0,https://tea.texas.gov/finance-and-grants/state-funding/state-funding-reports-and-data/peims-financial-data-downloads,2026-04-08,PEIMS audited actual; definition='all funds-total operating expenditures by obj'
4812810,TX,TX-191901,2025,actual,119884874.0,2.9549806599271338,3440897.0,https://tea.texas.gov/finance-and-grants/state-funding/state-funding-reports-and-data/peims-financial-data-downloads,2026-04-08,PEIMS audited actual; definition='all funds-total operating expenditures by obj'
4812870,TX,TX-201913,2025,actual,10066007.0,0.8748021914248862,87294.0,https://tea.texas.gov/finance-and-grants/state-funding/state-funding-reports-and-data/peims-financial-data-downloads,2026-04-08,PEIMS audited actual; definition='all funds-total operating expenditures by obj'
4812990,TX,TX-064903,2025,actual,32872424.0,-1.7524140165385689,-586336.0,https://tea.texas.gov/finance-and-grants/state-funding/state-funding-reports-and-data/peims-financial-data-downloads,2026-04-08,PEIMS audited actual; definition='all funds-total operating expenditures by obj'
4813020,TX,TX-220919,2025,actual,93616154.0,-3.093826161669595,-2988789.0,https://tea.texas.gov/finance-and-grants/state-funding/state-funding-reports-and-data/peims-financial-data-downloads,2026-04-08,PEIMS audited actual; definition='all funds-total operating expenditures by obj'
4813050,TX,TX-057903,2025,actual,324725446.0,-0.3148499222288057,-1025627.0,https://tea.texas.gov/finance-and-grants/state-funding/state-funding-reports-and-data/peims-financial-data-downloads,2026-04-08,PEIMS audited actual; definition='all funds-total operating expenditures by obj'
4813110,TX,TX-183902,2025,actual,36542178.0,-1.4090834809973019,-522269.0,https://tea.texas.gov/finance-and-grants/state-funding/state-funding-reports-and-data/peims-financial-data-downloads,2026-04-08,PEIMS audited actual; definition='all funds-total operating expenditures by obj'
4813170,TX,TX-220917,2025,actual,54559481.0,-5.998147132803363,-3481376.0,https://tea.texas.gov/finance-and-grants/state-funding/state-funding-reports-and-data/peims-financial-data-downloads,2026-04-08,PEIMS audited actual; definition='all funds-total operating expenditures by obj'
4813200,TX,TX-001902,2025,actual,10793168.0,1.8178154536718227,192697.0,https://tea.texas.gov/finance-and-grants/state-funding/state-funding-reports-and-data/peims-financial-data-downloads,2026-04-08,PEIMS audited actual; definition='all funds-total operating expenditures by obj'
4813230,TX,TX-057904,2025,actual,78157639.0,-4.887705141518799,-4016426.0,https://tea.texas.gov/finance-and-grants/state-funding/state-funding-reports-and-data/peims-financial-data-downloads,2026-04-08,PEIMS audited actual; definition='all funds-total operating expenditures by obj'
4813260,TX,TX-116902,2025,actual,8063851.0,3.016139365629098,236096.0,https://tea.texas.gov/finance-and-grants/state-funding/state-funding-reports-and-data/peims-financial-data-downloads,2026-04-08,PEIMS audited actual; definition='all funds-total operating expenditures by obj'
4813290,TX,TX-043903,2025,actual,61977806.0,19.039273345339222,9912799.0,https://tea.texas.gov/finance-and-grants/state-funding/state-funding-reports-and-data/peims-financial-data-downloads,2026-04-08,PEIMS audited actual; definition='all funds-total operating expenditures by obj'
4813320,TX,TX-210901,2025,actual,32569626.0,-2.1029030835264497,-699620.0,https://tea.texas.gov/finance-and-grants/state-funding/state-funding-reports-and-data/peims-financial-data-downloads,2026-04-08,PEIMS audited actual; definition='all funds-total operating expenditures by obj'
4813350,TX,TX-133901,2025,actual,8674452.0,-4.34055546194245,-393604.0,https://tea.texas.gov/finance-and-grants/state-funding/state-funding-reports-and-data/peims-financial-data-downloads,2026-04-08,PEIMS audited actual; definition='all funds-total operating expenditures by obj'
4813380,TX,TX-228904,2025,actual,2616823.0,4.409640650136615,110519.0,https://tea.texas.gov/finance-and-grants/state-funding/state-funding-reports-and-data/peims-financial-data-downloads,2026-04-08,PEIMS audited actual; definition='all funds-total operating expenditures by obj'
4813410,TX,TX-145902,2025,actual,11065920.0,-1.4703339508473559,-165134.0,https://tea.texas.gov/finance-and-grants/state-funding/state-funding-reports-and-data/peims-financial-data-downloads,2026-04-08,PEIMS audited actual; definition='all funds-total operating expenditures by obj'
4813440,TX,TX-174908,2025,actual,16048272.0,2.853660013785797,445257.0,https://tea.texas.gov/finance-and-grants/state-funding/state-funding-reports-and-data/peims-financial-data-downloads,2026-04-08,PEIMS audited actual; definition='all funds-total operating expenditures by obj'
4813500,TX,TX-003907,2025,actual,19955085.0,-7.773370719891519,-1681925.0,https://tea.texas.gov/finance-and-grants/state-funding/state-funding-reports-and-data/peims-financial-data-downloads,2026-04-08,PEIMS audited actual; definition='all funds-total operating expenditures by obj'
4813530,TX,TX-100907,2025,actual,40775125.0,-3.2825046402907696,-1383871.0,https://tea.texas.gov/finance-and-grants/state-funding/state-funding-reports-and-data/peims-financial-data-downloads,2026-04-08,PEIMS audited actual; definition='all funds-total operating expenditures by obj'
4813590,TX,TX-101905,2025,actual,124942587.0,-7.8985392571436055,-10714965.0,https://tea.texas.gov/finance-and-grants/state-funding/state-funding-reports-and-data/peims-financial-data-downloads,2026-04-08,PEIMS audited actual; definition='all funds-total operating expenditures by obj'
4813620,TX,TX-103901,2025,actual,2459098.0,18.421602629731257,382536.0,https://tea.texas.gov/finance-and-grants/state-funding/state-funding-reports-and-data/peims-financial-data-downloads,2026-04-08,PEIMS audited actual; definition='all funds-total operating expenditures by obj'
4813650,TX,TX-212909,2025,actual,44229797.0,4.050225977990747,1721675.0,https://tea.texas.gov/finance-and-grants/state-funding/state-funding-reports-and-data/peims-financial-data-downloads,2026-04-08,PEIMS audited actual; definition='all funds-total operating expenditures by obj'
4813680,TX,TX-225906,2025,actual,14171191.0,1.566435637376518,218559.0,https://tea.texas.gov/finance-and-grants/state-funding/state-funding-reports-and-data/peims-financial-data-downloads,2026-04-08,PEIMS audited actual; definition='all funds-total operating expenditures by obj'
4813710,TX,TX-007901,2025,actual,8669154.0,4.951913531522544,409034.0,https://tea.texas.gov/finance-and-grants/state-funding/state-funding-reports-and-data/peims-financial-data-downloads,2026-04-08,PEIMS audited actual; definition='all funds-total operating expenditures by obj'
4813740,TX,TX-206903,2025,actual,2908422.0,3.6484077595306705,102376.0,https://tea.texas.gov/finance-and-grants/state-funding/state-funding-reports-and-data/peims-financial-data-downloads,2026-04-08,PEIMS audited actual; definition='all funds-total operating expenditures by obj'
4813770,TX,TX-229906,2025,actual,3336990.0,1.535049018116317,50450.0,https://tea.texas.gov/finance-and-grants/state-funding/state-funding-reports-and-data/peims-financial-data-downloads,2026-04-08,PEIMS audited actual; definition='all funds-total operating expenditures by obj'
4813800,TX,TX-249904,2025,actual,8167414.0,4.652032013416103,363061.0,https://tea.texas.gov/finance-and-grants/state-funding/state-funding-reports-and-data/peims-financial-data-downloads,2026-04-08,PEIMS audited actual; definition='all funds-total operating expenditures by obj'
4813860,TX,TX-038901,2025,actual,13359114.0,0.9184337628996817,121578.0,https://tea.texas.gov/finance-and-grants/state-funding/state-funding-reports-and-data/peims-financial-data-downloads,2026-04-08,PEIMS audited actual; definition='all funds-total operating expenditures by obj'
4813890,TX,TX-099902,2025,actual,4183657.0,5.701876058937164,225679.0,https://tea.texas.gov/finance-and-grants/state-funding/state-funding-reports-and-data/peims-financial-data-downloads,2026-04-08,PEIMS audited actual; definition='all funds-total operating expenditures by obj'
4813920,TX,TX-073901,2025,actual,9691051.0,9.366328664683767,829959.0,https://tea.texas.gov/finance-and-grants/state-funding/state-funding-reports-and-data/peims-financial-data-downloads,2026-04-08,PEIMS audited actual; definition='all funds-total operating expenditures by obj'
4813960,TX,TX-161920,2025,actual,34857177.0,1.9590744197719512,669757.0,https://tea.texas.gov/finance-and-grants/state-funding/state-funding-reports-and-data/peims-financial-data-downloads,2026-04-08,PEIMS audited actual; definition='all funds-total operating expenditures by obj'
4813980,TX,TX-174901,2025,actual,5423702.0,3.926168510288662,204899.0,https://tea.texas.gov/finance-and-grants/state-funding/state-funding-reports-and-data/peims-financial-data-downloads,2026-04-08,PEIMS audited actual; definition='all funds-total operating expenditures by obj'
4814010,TX,TX-226901,2025,actual,8111662.0,11.957603400163803,866364.0,https://tea.texas.gov/finance-and-grants/state-funding/state-funding-reports-and-data/peims-financial-data-downloads,2026-04-08,PEIMS audited actual; definition='all funds-total operating expenditures by obj'
4814070,TX,TX-067902,2025,actual,12448229.0,5.55020380870836,654572.0,https://tea.texas.gov/finance-and-grants/state-funding/state-funding-reports-and-data/peims-financial-data-downloads,2026-04-08,PEIMS audited actual; definition='all funds-total operating expenditures by obj'
4814130,TX,TX-243906,2025,actual,23339012.0,19.241534514477372,3766124.0,https://tea.texas.gov/finance-and-grants/state-funding/state-funding-reports-and-data/peims-financial-data-downloads,2026-04-08,PEIMS audited actual; definition='all funds-total operating expenditures by obj'
4814160,TX,TX-065901,2025,actual,6933521.0,0.971175645479604,66689.0,https://tea.texas.gov/finance-and-grants/state-funding/state-funding-reports-and-data/peims-financial-data-downloads,2026-04-08,PEIMS audited actual; definition='all funds-total operating expenditures by obj'
4814190,TX,TX-194904,2025,actual,8714351.0,-7.747100036692182,-731803.0,https://tea.texas.gov/finance-and-grants/state-funding/state-funding-reports-and-data/peims-financial-data-downloads,2026-04-08,PEIMS audited actual; definition='all funds-total operating expenditures by obj'
4814250,TX,TX-006902,2025,actual,4262423.0,-9.338562616439571,-439050.0,https://tea.texas.gov/finance-and-grants/state-funding/state-funding-reports-and-data/peims-financial-data-downloads,2026-04-08,PEIMS audited actual; definition='all funds-total operating expenditures by obj'
4814280,TX,TX-084910,2025,actual,447252909.0,1.0312290433566607,4565125.0,https://tea.texas.gov/finance-and-grants/state-funding/state-funding-reports-and-data/peims-financial-data-downloads,2026-04-08,PEIMS audited actual; definition='all funds-total operating expenditures by obj'
4814310,TX,TX-126903,2025,actual,90246029.0,-3.0165313742376627,-2806973.0,https://tea.texas.gov/finance-and-grants/state-funding/state-funding-reports-and-data/peims-financial-data-downloads,2026-04-08,PEIMS audited actual; definition='all funds-total operating expenditures by obj'
4814370,TX,TX-146901,2025,actual,154635169.0,1.015884153110399,1555116.0,https://tea.texas.gov/finance-and-grants/state-funding/state-funding-reports-and-data/peims-financial-data-downloads,2026-04-08,PEIMS audited actual; definition='all funds-total operating expenditures by obj'
4814400,TX,TX-018901,2025,actual,13883640.0,-1.344216353678928,-189169.0,https://tea.texas.gov/finance-and-grants/state-funding/state-funding-reports-and-data/peims-financial-data-downloads,2026-04-08,PEIMS audited actual; definition='all funds-total operating expenditures by obj'
4814430,TX,TX-071901,2025,actual,141142358.0,-4.263011283209917,-6284838.0,https://tea.texas.gov/finance-and-grants/state-funding/state-funding-reports-and-data/peims-financial-data-downloads,2026-04-08,PEIMS audited actual; definition='all funds-total operating expenditures by obj'
4814450,TX,TX-030902,2025,actual,17327510.0,-3.1409806459272867,-561903.0,https://tea.texas.gov/finance-and-grants/state-funding/state-funding-reports-and-data/peims-financial-data-downloads,2026-04-08,PEIMS audited actual; definition='all funds-total operating expenditures by obj'
4814490,TX,TX-114902,2025,actual,15398591.0,1.6125271995103676,244366.0,https://tea.texas.gov/finance-and-grants/state-funding/state-funding-reports-and-data/peims-financial-data-downloads,2026-04-08,PEIMS audited actual; definition='all funds-total operating expenditures by obj'
4814520,TX,TX-204901,2025,actual,22406510.0,-1.6852785107190051,-384085.0,https://tea.texas.gov/finance-and-grants/state-funding/state-funding-reports-and-data/peims-financial-data-downloads,2026-04-08,PEIMS audited actual; definition='all funds-total operating expenditures by obj'
4814550,TX,TX-042901,2025,actual,11476724.0,-0.9089964051126214,-105280.0,https://tea.texas.gov/finance-and-grants/state-funding/state-funding-reports-and-data/peims-financial-data-downloads,2026-04-08,PEIMS audited actual; definition='all funds-total operating expenditures by obj'
4814580,TX,TX-091902,2025,actual,8546587.0,7.016271717013617,560337.0,https://tea.texas.gov/finance-and-grants/state-funding/state-funding-reports-and-data/peims-financial-data-downloads,2026-04-08,PEIMS audited actual; definition='all funds-total operating expenditures by obj'
4814600,TX,TX-229901,2025,actual,6203144.0,5.253598781848952,309622.0,https://tea.texas.gov/finance-and-grants/state-funding/state-funding-reports-and-data/peims-financial-data-downloads,2026-04-08,PEIMS audited actual; definition='all funds-total operating expenditures by obj'
4814640,TX,TX-168901,2025,actual,16593080.0,5.599744214761848,879898.0,https://tea.texas.gov/finance-and-grants/state-funding/state-funding-reports-and-data/peims-financial-data-downloads,2026-04-08,PEIMS audited actual; definition='all funds-total operating expenditures by obj'
4814670,TX,TX-020907,2025,actual,35624554.0,1.3686893537328673,481006.0,https://tea.texas.gov/finance-and-grants/state-funding/state-funding-reports-and-data/peims-financial-data-downloads,2026-04-08,PEIMS audited actual; definition='all funds-total operating expenditures by obj'
4814700,TX,TX-045902,2025,actual,20730675.0,-1.6175484660169461,-340842.0,https://tea.texas.gov/finance-and-grants/state-funding/state-funding-reports-and-data/peims-financial-data-downloads,2026-04-08,PEIMS audited actual; definition='all funds-total operating expenditures by obj'
4814730,TX,TX-046902,2025,actual,325543620.0,5.03587031556246,15607958.0,https://tea.texas.gov/finance-and-grants/state-funding/state-funding-reports-and-data/peims-financial-data-downloads,2026-04-08,PEIMS audited actual; definition='all funds-total operating expenditures by obj'
4814760,TX,TX-047901,2025,actual,18326882.0,0.969160325866882,175912.0,https://tea.texas.gov/finance-and-grants/state-funding/state-funding-reports-and-data/peims-financial-data-downloads,2026-04-08,PEIMS audited actual; definition='all funds-total operating expenditures by obj'
4814790,TX,TX-130902,2025,actual,14968880.0,-0.12612272275359204,-18903.0,https://tea.texas.gov/finance-and-grants/state-funding/state-funding-reports-and-data/peims-financial-data-downloads,2026-04-08,PEIMS audited actual; definition='all funds-total operating expenditures by obj'
4814820,TX,TX-116903,2025,actual,27451885.0,4.0469868943530924,1067762.0,https://tea.texas.gov/finance-and-grants/state-funding/state-funding-reports-and-data/peims-financial-data-downloads,2026-04-08,PEIMS audited actual; definition='all funds-total operating expenditures by obj'
4814850,TX,TX-043918,2025,actual,63225893.0,14.424142597487814,7970165.0,https://tea.texas.gov/finance-and-grants/state-funding/state-funding-reports-and-data/peims-financial-data-downloads,2026-04-08,PEIMS audited actual; definition='all funds-total operating expenditures by obj'
4814880,TX,TX-112908,2025,actual,11055526.0,-6.488342937241143,-767092.0,https://tea.texas.gov/finance-and-grants/state-funding/state-funding-reports-and-data/peims-financial-data-downloads,2026-04-08,PEIMS audited actual; definition='all funds-total operating expenditures by obj'
4814920,TX,TX-233903,2025,actual,3214769.0,3.3488062274782266,104168.0,https://tea.texas.gov/finance-and-grants/state-funding/state-funding-reports-and-data/peims-financial-data-downloads,2026-04-08,PEIMS audited actual; definition='all funds-total operating expenditures by obj'
4814970,TX,TX-161921,2025,actual,33580692.0,-6.079572232871881,-2173715.0,https://tea.texas.gov/finance-and-grants/state-funding/state-funding-reports-and-data/peims-financial-data-downloads,2026-04-08,PEIMS audited actual; definition='all funds-total operating expenditures by obj'
4815000,TX,TX-170902,2025,actual,788980787.0,0.3124399199355517,2457413.0,https://tea.texas.gov/finance-and-grants/state-funding/state-funding-reports-and-data/peims-financial-data-downloads,2026-04-08,PEIMS audited actual; definition='all funds-total operating expenditures by obj'
4815120,TX,TX-147901,2025,actual,5116658.0,9.087044360055227,426222.0,https://tea.texas.gov/finance-and-grants/state-funding/state-funding-reports-and-data/peims-financial-data-downloads,2026-04-08,PEIMS audited actual; definition='all funds-total operating expenditures by obj'
4815150,TX,TX-060902,2025,actual,12954946.0,3.1960889992908874,401228.0,https://tea.texas.gov/finance-and-grants/state-funding/state-funding-reports-and-data/peims-financial-data-downloads,2026-04-08,PEIMS audited actual; definition='all funds-total operating expenditures by obj'
4815180,TX,TX-152906,2025,actual,92598908.0,4.152009198058089,3691446.0,https://tea.texas.gov/finance-and-grants/state-funding/state-funding-reports-and-data/peims-financial-data-downloads,2026-04-08,PEIMS audited actual; definition='all funds-total operating expenditures by obj'
4815210,TX,TX-057922,2025,actual,153421251.0,-0.19292364491091596,-296558.0,https://tea.texas.gov/finance-and-grants/state-funding/state-funding-reports-and-data/peims-financial-data-downloads,2026-04-08,PEIMS audited actual; definition='all funds-total operating expenditures by obj'
4815240,TX,TX-050910,2025,actual,106785174.0,2.902145090660704,3011658.0,https://tea.texas.gov/finance-and-grants/state-funding/state-funding-reports-and-data/peims-financial-data-downloads,2026-04-08,PEIMS audited actual; definition='all funds-total operating expenditures by obj'
4815270,TX,TX-178904,2025,actual,421544181.0,1.220363208600767,5082347.0,https://tea.texas.gov/finance-and-grants/state-funding/state-funding-reports-and-data/peims-financial-data-downloads,2026-04-08,PEIMS audited actual; definition='all funds-total operating expenditures by obj'
4815300,TX,TX-187904,2025,actual,14485886.0,-2.2525215248915584,-333817.0,https://tea.texas.gov/finance-and-grants/state-funding/state-funding-reports-and-data/peims-financial-data-downloads,2026-04-08,PEIMS audited actual; definition='all funds-total operating expenditures by obj'
4815330,TX,TX-175903,2025,actual,74985555.0,-0.036259167341063096,-27199.0,https://tea.texas.gov/finance-and-grants/state-funding/state-funding-reports-and-data/peims-financial-data-downloads,2026-04-08,PEIMS audited actual; definition='all funds-total operating expenditures by obj'
4815360,TX,TX-095902,2025,actual,4399957.0,58.3157415239982,1620728.0,https://tea.texas.gov/finance-and-grants/state-funding/state-funding-reports-and-data/peims-financial-data-downloads,2026-04-08,PEIMS audited actual; definition='all funds-total operating expenditures by obj'
4815400,TX,TX-142901,2025,actual,28514278.0,5.6375499633065544,1521719.0,https://tea.texas.gov/finance-and-grants/state-funding/state-funding-reports-and-data/peims-financial-data-downloads,2026-04-08,PEIMS audited actual; definition='all funds-total operating expenditures by obj'
4815480,TX,TX-109903,2025,actual,9226729.0,3.0027173109149135,268976.0,https://tea.texas.gov/finance-and-grants/state-funding/state-funding-reports-and-data/peims-financial-data-downloads,2026-04-08,PEIMS audited actual; definition='all funds-total operating expenditures by obj'
4815510,TX,TX-129901,2025,actual,73235806.0,2.7922826421908584,1989401.0,https://tea.texas.gov/finance-and-grants/state-funding/state-funding-reports-and-data/peims-financial-data-downloads,2026-04-08,PEIMS audited actual; definition='all funds-total operating expenditures by obj'
4815540,TX,TX-052901,2025,actual,20174242.0,2.8121963135945354,551821.0,https://tea.texas.gov/finance-and-grants/state-funding/state-funding-reports-and-data/peims-financial-data-downloads,2026-04-08,PEIMS audited actual; definition='all funds-total operating expenditures by obj'
4815570,TX,TX-018908,2025,actual,2472731.0,-3.4997912121791597,-89679.0,https://tea.texas.gov/finance-and-grants/state-funding/state-funding-reports-and-data/peims-financial-data-downloads,2026-04-08,PEIMS audited actual; definition='all funds-total operating expenditures by obj'
4815600,TX,TX-161901,2025,actual,8444049.0,4.380532822196384,354371.0,https://tea.texas.gov/finance-and-grants/state-funding/state-funding-reports-and-data/peims-financial-data-downloads,2026-04-08,PEIMS audited actual; definition='all funds-total operating expenditures by obj'
4815690,TX,TX-053001,2025,actual,13345141.0,3.458541007330555,446118.0,https://tea.texas.gov/finance-and-grants/state-funding/state-funding-reports-and-data/peims-financial-data-downloads,2026-04-08,PEIMS audited actual; definition='all funds-total operating expenditures by obj'
4815720,TX,TX-113901,2025,actual,19832885.0,1.2859452155940505,251802.0,https://tea.texas.gov/finance-and-grants/state-funding/state-funding-reports-and-data/peims-financial-data-downloads,2026-04-08,PEIMS audited actual; definition='all funds-total operating expenditures by obj'
4815750,TX,TX-101906,2025,actual,77756528.0,6.20074363780859,4539971.0,https://tea.texas.gov/finance-and-grants/state-funding/state-funding-reports-and-data/peims-financial-data-downloads,2026-04-08,PEIMS audited actual; definition='all funds-total operating expenditures by obj'
4815810,TX,TX-030901,2025,actual,5747393.0,0.20078885945233127,11517.0,https://tea.texas.gov/finance-and-grants/state-funding/state-funding-reports-and-data/peims-financial-data-downloads,2026-04-08,PEIMS audited actual; definition='all funds-total operating expenditures by obj'
4815840,TX,TX-107904,2025,actual,9672444.0,14.251634761661263,1206531.0,https://tea.texas.gov/finance-and-grants/state-funding/state-funding-reports-and-data/peims-financial-data-downloads,2026-04-08,PEIMS audited actual; definition='all funds-total operating expenditures by obj'
4815870,TX,TX-078901,2025,actual,3528426.0,1.4246896184184314,49563.0,https://tea.texas.gov/finance-and-grants/state-funding/state-funding-reports-and-data/peims-financial-data-downloads,2026-04-08,PEIMS audited actual; definition='all funds-total operating expenditures by obj'
4815910,TX,TX-220912,2025,actual,216162273.0,-3.3517723270338284,-7496534.0,https://tea.texas.gov/finance-and-grants/state-funding/state-funding-reports-and-data/peims-financial-data-downloads,2026-04-08,PEIMS audited actual; definition='all funds-total operating expenditures by obj'
4815930,TX,TX-254901,2025,actual,24248721.0,-19.101057583434812,-5725368.0,https://tea.texas.gov/finance-and-grants/state-funding/state-funding-reports-and-data/peims-financial-data-downloads,2026-04-08,PEIMS audited actual; definition='all funds-total operating expenditures by obj'
4815960,TX,TX-062901,2025,actual,30349252.0,6.836173444406734,1941971.0,https://tea.texas.gov/finance-and-grants/state-funding/state-funding-reports-and-data/peims-financial-data-downloads,2026-04-08,PEIMS audited actual; definition='all funds-total operating expenditures by obj'
4815990,TX,TX-055901,2025,actual,11389570.0,0.3899844208958315,44245.0,https://tea.texas.gov/finance-and-grants/state-funding/state-funding-reports-and-data/peims-financial-data-downloads,2026-04-08,PEIMS audited actual; definition='all funds-total operating expenditures by obj'
4816020,TX,TX-112905,2025,actual,7857843.0,6.032847090103948,447080.0,https://tea.texas.gov/finance-and-grants/state-funding/state-funding-reports-and-data/peims-financial-data-downloads,2026-04-08,PEIMS audited actual; definition='all funds-total operating expenditures by obj'
4816080,TX,TX-174902,2025,actual,7625199.0,1.7037636746311418,127739.0,https://tea.texas.gov/finance-and-grants/state-funding/state-funding-reports-and-data/peims-financial-data-downloads,2026-04-08,PEIMS audited actual; definition='all funds-total operating expenditures by obj'
4816110,TX,TX-101907,2025,actual,1317022337.0,-1.2010207566368316,-16009995.0,https://tea.texas.gov/finance-and-grants/state-funding/state-funding-reports-and-data/peims-financial-data-downloads,2026-04-08,PEIMS audited actual; definition='all funds-total operating expenditures by obj'
4816140,TX,TX-163902,2025,actual,4266013.0,1.4711849828812495,61851.0,https://tea.texas.gov/finance-and-grants/state-funding/state-funding-reports-and-data/peims-financial-data-downloads,2026-04-08,PEIMS audited actual; definition='all funds-total operating expenditures by obj'
4816180,TX,TX-172902,2025,actual,17016871.0,-7.8765622111308495,-1454944.0,https://tea.texas.gov/finance-and-grants/state-funding/state-funding-reports-and-data/peims-financial-data-downloads,2026-04-08,PEIMS audited actual; definition='all funds-total operating expenditures by obj'
4816200,TX,TX-056901,2025,actual,18837491.0,4.08620966881921,739521.0,https://tea.texas.gov/finance-and-grants/state-funding/state-funding-reports-and-data/peims-financial-data-downloads,2026-04-08,PEIMS audited actual; definition='all funds-total operating expenditures by obj'
4816230,TX,TX-057905,2025,actual,1986168795.0,-7.988273282068163,-172435185.0,https://tea.texas.gov/finance-and-grants/state-funding/state-funding-reports-and-data/peims-financial-data-downloads,2026-04-08,PEIMS audited actual; definition='all funds-total operating expenditures by obj'
4816290,TX,TX-020904,2025,actual,11553213.0,-4.928595721758706,-598930.0,https://tea.texas.gov/finance-and-grants/state-funding/state-funding-reports-and-data/peims-financial-data-downloads,2026-04-08,PEIMS audited actual; definition='all funds-total operating expenditures by obj'
4816320,TX,TX-148905,2025,actual,3147559.0,3.0433137191866164,92961.0,https://tea.texas.gov/finance-and-grants/state-funding/state-funding-reports-and-data/peims-financial-data-downloads,2026-04-08,PEIMS audited actual; definition='all funds-total operating expenditures by obj'
4816350,TX,TX-058902,2025,actual,2836881.0,-5.196309017522542,-155493.0,https://tea.texas.gov/finance-and-grants/state-funding/state-funding-reports-and-data/peims-financial-data-downloads,2026-04-08,PEIMS audited actual; definition='all funds-total operating expenditures by obj'
4816380,TX,TX-175904,2025,actual,8720012.0,-4.4420260322794825,-405351.0,https://tea.texas.gov/finance-and-grants/state-funding/state-funding-reports-and-data/peims-financial-data-downloads,2026-04-08,PEIMS audited actual; definition='all funds-total operating expenditures by obj'
4816410,TX,TX-146902,2025,actual,64399756.0,-0.71348883129667,-462787.0,https://tea.texas.gov/finance-and-grants/state-funding/state-funding-reports-and-data/peims-financial-data-downloads,2026-04-08,PEIMS audited actual; definition='all funds-total operating expenditures by obj'
4816440,TX,TX-047902,2025,actual,12516461.0,-3.5857968529886994,-465507.0,https://tea.texas.gov/finance-and-grants/state-funding/state-funding-reports-and-data/peims-financial-data-downloads,2026-04-08,PEIMS audited actual; definition='all funds-total operating expenditures by obj'
4816500,TX,TX-249905,2025,actual,44270517.0,-2.224241125854727,-1007083.0,https://tea.texas.gov/finance-and-grants/state-funding/state-funding-reports-and-data/peims-financial-data-downloads,2026-04-08,PEIMS audited actual; definition='all funds-total operating expenditures by obj'
4816530,TX,TX-101908,2025,actual,164047724.0,-0.5458492966381205,-900368.0,https://tea.texas.gov/finance-and-grants/state-funding/state-funding-reports-and-data/peims-financial-data-downloads,2026-04-08,PEIMS audited actual; definition='all funds-total operating expenditures by obj'
4816570,TX,TX-019901,2025,actual,11918937.0,-3.6590983546464826,-452690.0,https://tea.texas.gov/finance-and-grants/state-funding/state-funding-reports-and-data/peims-financial-data-downloads,2026-04-08,PEIMS audited actual; definition='all funds-total operating expenditures by obj'
4816620,TX,TX-227910,2025,actual,178621512.0,9.574937313783764,15608403.0,https://tea.texas.gov/finance-and-grants/state-funding/state-funding-reports-and-data/peims-financial-data-downloads,2026-04-08,PEIMS audited actual; definition='all funds-total operating expenditures by obj'
4816650,TX,TX-115903,2025,actual,2555472.0,5.3029506988887745,128691.0,https://tea.texas.gov/finance-and-grants/state-funding/state-funding-reports-and-data/peims-financial-data-downloads,2026-04-08,PEIMS audited actual; definition='all funds-total operating expenditures by obj'
4816710,TX,TX-091903,2025,actual,63372277.0,-0.7863568968045634,-502282.0,https://tea.texas.gov/finance-and-grants/state-funding/state-funding-reports-and-data/peims-financial-data-downloads,2026-04-08,PEIMS audited actual; definition='all funds-total operating expenditures by obj'
4816740,TX,TX-061901,2025,actual,391918747.0,-0.3640288822499666,-1431910.0,https://tea.texas.gov/finance-and-grants/state-funding/state-funding-reports-and-data/peims-financial-data-downloads,2026-04-08,PEIMS audited actual; definition='all funds-total operating expenditures by obj'
4816770,TX,TX-251901,2025,actual,22551950.0,-3.654625846361512,-855453.0,https://tea.texas.gov/finance-and-grants/state-funding/state-funding-reports-and-data/peims-financial-data-downloads,2026-04-08,PEIMS audited actual; definition='all funds-total operating expenditures by obj'
4816860,TX,TX-057906,2025,actual,80686101.0,-1.3563310234635224,-1109418.0,https://tea.texas.gov/finance-and-grants/state-funding/state-funding-reports-and-data/peims-financial-data-downloads,2026-04-08,PEIMS audited actual; definition='all funds-total operating expenditures by obj'
4816890,TX,TX-194905,2025,actual,11158006.0,0.22055156123649353,24555.0,https://tea.texas.gov/finance-and-grants/state-funding/state-funding-reports-and-data/peims-financial-data-downloads,2026-04-08,PEIMS audited actual; definition='all funds-total operating expenditures by obj'
4816950,TX,TX-163901,2025,actual,22507324.0,3.3404229343473375,727537.0,https://tea.texas.gov/finance-and-grants/state-funding/state-funding-reports-and-data/peims-financial-data-downloads,2026-04-08,PEIMS audited actual; definition='all funds-total operating expenditures by obj'
4817010,TX,TX-176903,2025,actual,8297455.0,-0.8229676486889616,-68852.0,https://tea.texas.gov/finance-and-grants/state-funding/state-funding-reports-and-data/peims-financial-data-downloads,2026-04-08,PEIMS audited actual; definition='all funds-total operating expenditures by obj'
4817040,TX,TX-003905,2025,actual,23553446.0,-2.7472745040289563,-665357.0,https://tea.texas.gov/finance-and-grants/state-funding/state-funding-reports-and-data/peims-financial-data-downloads,2026-04-08,PEIMS audited actual; definition='all funds-total operating expenditures by obj'
4817070,TX,TX-084901,2025,actual,158712527.0,-1.6211133163791192,-2615307.0,https://tea.texas.gov/finance-and-grants/state-funding/state-funding-reports-and-data/peims-financial-data-downloads,2026-04-08,PEIMS audited actual; definition='all funds-total operating expenditures by obj'
4817100,TX,TX-082902,2025,actual,16442764.0,3.583930709715396,568908.0,https://tea.texas.gov/finance-and-grants/state-funding/state-funding-reports-and-data/peims-financial-data-downloads,2026-04-08,PEIMS audited actual; definition='all funds-total operating expenditures by obj'
4817130,TX,TX-144903,2025,actual,3281807.0,1.5396129881814802,49761.0,https://tea.texas.gov/finance-and-grants/state-funding/state-funding-reports-and-data/peims-financial-data-downloads,2026-04-08,PEIMS audited actual; definition='all funds-total operating expenditures by obj'
4817160,TX,TX-035901,2025,actual,16602681.0,2.5666115079193967,415463.0,https://tea.texas.gov/finance-and-grants/state-funding/state-funding-reports-and-data/peims-financial-data-downloads,2026-04-08,PEIMS audited actual; definition='all funds-total operating expenditures by obj'
4817280,TX,TX-074904,2025,actual,4653744.0,3.748759917870336,168154.0,https://tea.texas.gov/finance-and-grants/state-funding/state-funding-reports-and-data/peims-financial-data-downloads,2026-04-08,PEIMS audited actual; definition='all funds-total operating expenditures by obj'
4817390,TX,TX-108902,2025,actual,196133881.0,-3.492173831713905,-7097182.0,https://tea.texas.gov/finance-and-grants/state-funding/state-funding-reports-and-data/peims-financial-data-downloads,2026-04-08,PEIMS audited actual; definition='all funds-total operating expenditures by obj'
4817460,TX,TX-174911,2025,actual,5664569.0,2.138600636174457,118606.0,https://tea.texas.gov/finance-and-grants/state-funding/state-funding-reports-and-data/peims-financial-data-downloads,2026-04-08,PEIMS audited actual; definition='all funds-total operating expenditures by obj'
4817580,TX,TX-072902,2025,actual,15619156.0,0.45577356379553224,70865.0,https://tea.texas.gov/finance-and-grants/state-funding/state-funding-reports-and-data/peims-financial-data-downloads,2026-04-08,PEIMS audited actual; definition='all funds-total operating expenditures by obj'
4817610,TX,TX-171901,2025,actual,46400301.0,-0.1342711841009109,-62386.0,https://tea.texas.gov/finance-and-grants/state-funding/state-funding-reports-and-data/peims-financial-data-downloads,2026-04-08,PEIMS audited actual; definition='all funds-total operating expenditures by obj'
4817640,TX,TX-057907,2025,actual,153125399.0,3.6481530011566865,5389627.0,https://tea.texas.gov/finance-and-grants/state-funding/state-funding-reports-and-data/peims-financial-data-downloads,2026-04-08,PEIMS audited actual; definition='all funds-total operating expenditures by obj'
4817700,TX,TX-220918,2025,actual,273962273.0,3.6310896212164927,9599258.0,https://tea.texas.gov/finance-and-grants/state-funding/state-funding-reports-and-data/peims-financial-data-downloads,2026-04-08,PEIMS audited actual; definition='all funds-total operating expenditures by obj'
4817730,TX,TX-159901,2025,actual,172599228.0,-2.550013324058643,-4516474.0,https://tea.texas.gov/finance-and-grants/state-funding/state-funding-reports-and-data/peims-financial-data-downloads,2026-04-08,PEIMS audited actual; definition='all funds-total operating expenditures by obj'
4817760,TX,TX-227909,2025,actual,105520256.0,1.3982410676601569,1455082.0,https://tea.texas.gov/finance-and-grants/state-funding/state-funding-reports-and-data/peims-financial-data-downloads,2026-04-08,PEIMS audited actual; definition='all funds-total operating expenditures by obj'
4817790,TX,TX-025909,2025,actual,13742859.0,0.49312555034864736,67437.0,https://tea.texas.gov/finance-and-grants/state-funding/state-funding-reports-and-data/peims-financial-data-downloads,2026-04-08,PEIMS audited actual; definition='all funds-total operating expenditures by obj'
4817830,TX,TX-241902,2025,actual,13708084.0,6.730222718168847,864408.0,https://tea.texas.gov/finance-and-grants/state-funding/state-funding-reports-and-data/peims-financial-data-downloads,2026-04-08,PEIMS audited actual; definition='all funds-total operating expenditures by obj'
4817850,TX,TX-015911,2025,actual,139591270.0,5.575962764568751,7372471.0,https://tea.texas.gov/finance-and-grants/state-funding/state-funding-reports-and-data/peims-financial-data-downloads,2026-04-08,PEIMS audited actual; definition='all funds-total operating expenditures by obj'
4817880,TX,TX-036903,2025,actual,23623427.0,9.80348492289632,2109149.0,https://tea.texas.gov/finance-and-grants/state-funding/state-funding-reports-and-data/peims-financial-data-downloads,2026-04-08,PEIMS audited actual; definition='all funds-total operating expenditures by obj'
4817960,TX,TX-067903,2025,actual,12712497.0,-2.0076092217471397,-260446.0,https://tea.texas.gov/finance-and-grants/state-funding/state-funding-reports-and-data/peims-financial-data-downloads,2026-04-08,PEIMS audited actual; definition='all funds-total operating expenditures by obj'
4818000,TX,TX-068901,2025,actual,379592769.0,-1.593278974976068,-6145893.0,https://tea.texas.gov/finance-and-grants/state-funding/state-funding-reports-and-data/peims-financial-data-downloads,2026-04-08,PEIMS audited actual; definition='all funds-total operating expenditures by obj'
4818030,TX,TX-074905,2025,actual,3878314.0,4.887984753258688,180737.0,https://tea.texas.gov/finance-and-grants/state-funding/state-funding-reports-and-data/peims-financial-data-downloads,2026-04-08,PEIMS audited actual; definition='all funds-total operating expenditures by obj'
4818060,TX,TX-108903,2025,actual,70301418.0,7.879010988859224,5134508.0,https://tea.texas.gov/finance-and-grants/state-funding/state-funding-reports-and-data/peims-financial-data-downloads,2026-04-08,PEIMS audited actual; definition='all funds-total operating expenditures by obj'
4818070,TX,TX-048901,2025,actual,3644581.0,-10.135025010978595,-411038.0,https://tea.texas.gov/finance-and-grants/state-funding/state-funding-reports-and-data/peims-financial-data-downloads,2026-04-08,PEIMS audited actual; definition='all funds-total operating expenditures by obj'
4818120,TX,TX-234903,2025,actual,14051382.0,1.248344968542243,173247.0,https://tea.texas.gov/finance-and-grants/state-funding/state-funding-reports-and-data/peims-financial-data-downloads,2026-04-08,PEIMS audited actual; definition='all funds-total operating expenditures by obj'
4818150,TX,TX-015905,2025,actual,119944566.0,-9.82112173427245,-13062817.0,https://tea.texas.gov/finance-and-grants/state-funding/state-funding-reports-and-data/peims-financial-data-downloads,2026-04-08,PEIMS audited actual; definition='all funds-total operating expenditures by obj'
4818180,TX,TX-108904,2025,actual,448519784.0,-0.20304258356602448,-912539.0,https://tea.texas.gov/finance-and-grants/state-funding/state-funding-reports-and-data/peims-financial-data-downloads,2026-04-08,PEIMS audited actual; definition='all funds-total operating expenditures by obj'
4818210,TX,TX-120901,2025,actual,21185097.0,0.38524348889649995,81301.0,https://tea.texas.gov/finance-and-grants/state-funding/state-funding-reports-and-data/peims-financial-data-downloads,2026-04-08,PEIMS audited actual; definition='all funds-total operating expenditures by obj'
4818280,TX,TX-241903,2025,actual,43149618.0,-2.9057473105891503,-1291342.0,https://tea.texas.gov/finance-and-grants/state-funding/state-funding-reports-and-data/peims-financial-data-downloads,2026-04-08,PEIMS audited actual; definition='all funds-total operating expenditures by obj'
4818300,TX,TX-071902,2025,actual,657192936.0,-3.2372924279578807,-21987042.0,https://tea.texas.gov/finance-and-grants/state-funding/state-funding-reports-and-data/peims-financial-data-downloads,2026-04-08,PEIMS audited actual; definition='all funds-total operating expenditures by obj'
4818330,TX,TX-243902,2025,actual,7695912.0,0.8020640558860579,61235.0,https://tea.texas.gov/finance-and-grants/state-funding/state-funding-reports-and-data/peims-financial-data-downloads,2026-04-08,PEIMS audited actual; definition='all funds-total operating expenditures by obj'
4818360,TX,TX-011902,2025,actual,72896516.0,7.908388712053604,5342439.0,https://tea.texas.gov/finance-and-grants/state-funding/state-funding-reports-and-data/peims-financial-data-downloads,2026-04-08,PEIMS audited actual; definition='all funds-total operating expenditures by obj'
4818390,TX,TX-001903,2025,actual,15767714.0,-1.5621855089517105,-250230.0,https://tea.texas.gov/finance-and-grants/state-funding/state-funding-reports-and-data/peims-financial-data-downloads,2026-04-08,PEIMS audited actual; definition='all funds-total operating expenditures by obj'
4818480,TX,TX-102906,2025,actual,11790295.0,-17.43873060217591,-2490366.0,https://tea.texas.gov/finance-and-grants/state-funding/state-funding-reports-and-data/peims-financial-data-downloads,2026-04-08,PEIMS audited actual; definition='all funds-total operating expenditures by obj'
4818540,TX,TX-070903,2025,actual,74560004.0,0.052228172797757114,38921.0,https://tea.texas.gov/finance-and-grants/state-funding/state-funding-reports-and-data/peims-financial-data-downloads,2026-04-08,PEIMS audited actual; definition='all funds-total operating expenditures by obj'
4818600,TX,TX-049906,2025,actual,6490890.0,-2.744477198130433,-183168.0,https://tea.texas.gov/finance-and-grants/state-funding/state-funding-reports-and-data/peims-financial-data-downloads,2026-04-08,PEIMS audited actual; definition='all funds-total operating expenditures by obj'
4818690,TX,TX-030906,2025,actual,8010660.0,-0.0018599869251657354,-149.0,https://tea.texas.gov/finance-and-grants/state-funding/state-funding-reports-and-data/peims-financial-data-downloads,2026-04-08,PEIMS audited actual; definition='all funds-total operating expenditures by obj'
4818720,TX,TX-107905,2025,actual,22229124.0,-0.6947043263746452,-155507.0,https://tea.texas.gov/finance-and-grants/state-funding/state-funding-reports-and-data/peims-financial-data-downloads,2026-04-08,PEIMS audited actual; definition='all funds-total operating expenditures by obj'
4818750,TX,TX-121906,2025,actual,6372847.0,-8.530073272428467,-594303.0,https://tea.texas.gov/finance-and-grants/state-funding/state-funding-reports-and-data/peims-financial-data-downloads,2026-04-08,PEIMS audited actual; definition='all funds-total operating expenditures by obj'
4818780,TX,TX-050901,2025,actual,4028067.0,4.916703565754174,188767.0,https://tea.texas.gov/finance-and-grants/state-funding/state-funding-reports-and-data/peims-financial-data-downloads,2026-04-08,PEIMS audited actual; definition='all funds-total operating expenditures by obj'
4818810,TX,TX-220904,2025,actual,67291607.0,-9.371361902297766,-6958220.0,https://tea.texas.gov/finance-and-grants/state-funding/state-funding-reports-and-data/peims-financial-data-downloads,2026-04-08,PEIMS audited actual; definition='all funds-total operating expenditures by obj'
4818890,TX,TX-143906,2025,actual,1853321.0,4.529346903438493,80306.0,https://tea.texas.gov/finance-and-grants/state-funding/state-funding-reports-and-data/peims-financial-data-downloads,2026-04-08,PEIMS audited actual; definition='all funds-total operating expenditures by obj'
4818900,TX,TX-071903,2025,actual,32027547.0,-5.272482553554945,-1782636.0,https://tea.texas.gov/finance-and-grants/state-funding/state-funding-reports-and-data/peims-financial-data-downloads,2026-04-08,PEIMS audited actual; definition='all funds-total operating expenditures by obj'
4818940,TX,TX-081902,2025,actual,23641703.0,-1.7550585124086182,-422338.0,https://tea.texas.gov/finance-and-grants/state-funding/state-funding-reports-and-data/peims-financial-data-downloads,2026-04-08,PEIMS audited actual; definition='all funds-total operating expenditures by obj'
4819020,TX,TX-128904,2025,actual,7200736.0,2.9426729392375788,205837.0,https://tea.texas.gov/finance-and-grants/state-funding/state-funding-reports-and-data/peims-financial-data-downloads,2026-04-08,PEIMS audited actual; definition='all funds-total operating expenditures by obj'
4819050,TX,TX-060914,2025,actual,3951030.0,8.585529624578895,312396.0,https://tea.texas.gov/finance-and-grants/state-funding/state-funding-reports-and-data/peims-financial-data-downloads,2026-04-08,PEIMS audited actual; definition='all funds-total operating expenditures by obj'
4819080,TX,TX-043904,2025,actual,31820697.0,6.669975754733888,1989719.0,https://tea.texas.gov/finance-and-grants/state-funding/state-funding-reports-and-data/peims-financial-data-downloads,2026-04-08,PEIMS audited actual; definition='all funds-total operating expenditures by obj'
4819110,TX,TX-185902,2025,actual,8961722.0,3.1488539843660526,273577.0,https://tea.texas.gov/finance-and-grants/state-funding/state-funding-reports-and-data/peims-financial-data-downloads,2026-04-08,PEIMS audited actual; definition='all funds-total operating expenditures by obj'
4819140,TX,TX-075906,2025,actual,4304494.0,2.414311614029912,101474.0,https://tea.texas.gov/finance-and-grants/state-funding/state-funding-reports-and-data/peims-financial-data-downloads,2026-04-08,PEIMS audited actual; definition='all funds-total operating expenditures by obj'
4819170,TX,TX-070905,2025,actual,42771021.0,1.3481133599808295,568932.0,https://tea.texas.gov/finance-and-grants/state-funding/state-funding-reports-and-data/peims-financial-data-downloads,2026-04-08,PEIMS audited actual; definition='all funds-total operating expenditures by obj'
4819280,TX,TX-075901,2025,actual,10108561.0,2.232836218189659,220778.0,https://tea.texas.gov/finance-and-grants/state-funding/state-funding-reports-and-data/peims-financial-data-downloads,2026-04-08,PEIMS audited actual; definition='all funds-total operating expenditures by obj'
4819320,TX,TX-246902,2025,actual,17514354.0,-3.3060876293918815,-598838.0,https://tea.texas.gov/finance-and-grants/state-funding/state-funding-reports-and-data/peims-financial-data-downloads,2026-04-08,PEIMS audited actual; definition='all funds-total operating expenditures by obj'
4819350,TX,TX-247901,2025,actual,46261812.0,0.09412070467049304,43501.0,https://tea.texas.gov/finance-and-grants/state-funding/state-funding-reports-and-data/peims-financial-data-downloads,2026-04-08,PEIMS audited actual; definition='all funds-total operating expenditures by obj'
4819380,TX,TX-178914,2025,actual,67630333.0,3.976640286074412,2586557.0,https://tea.texas.gov/finance-and-grants/state-funding/state-funding-reports-and-data/peims-financial-data-downloads,2026-04-08,PEIMS audited actual; definition='all funds-total operating expenditures by obj'
4819440,TX,TX-077901,2025,actual,12550169.0,6.913067727366319,811502.0,https://tea.texas.gov/finance-and-grants/state-funding/state-funding-reports-and-data/peims-financial-data-downloads,2026-04-08,PEIMS audited actual; definition='all funds-total operating expenditures by obj'
4819500,TX,TX-148902,2025,actual,3113086.0,4.001630304963911,119781.0,https://tea.texas.gov/finance-and-grants/state-funding/state-funding-reports-and-data/peims-financial-data-downloads,2026-04-08,PEIMS audited actual; definition='all funds-total operating expenditures by obj'
4819530,TX,TX-169910,2025,actual,2842226.0,2.606844148192646,72210.0,https://tea.texas.gov/finance-and-grants/state-funding/state-funding-reports-and-data/peims-financial-data-downloads,2026-04-08,PEIMS audited actual; definition='all funds-total operating expenditures by obj'
4819560,TX,TX-129902,2025,actual,214056588.0,8.199881778902549,16222187.0,https://tea.texas.gov/finance-and-grants/state-funding/state-funding-reports-and-data/peims-financial-data-downloads,2026-04-08,PEIMS audited actual; definition='all funds-total operating expenditures by obj'
4819620,TX,TX-114904,2025,actual,9117533.0,-0.0402249615785288,-3669.0,https://tea.texas.gov/finance-and-grants/state-funding/state-funding-reports-and-data/peims-financial-data-downloads,2026-04-08,PEIMS audited actual; definition='all funds-total operating expenditures by obj'
4819650,TX,TX-079907,2025,actual,926420191.0,2.321473083249832,21018653.0,https://tea.texas.gov/finance-and-grants/state-funding/state-funding-reports-and-data/peims-financial-data-downloads,2026-04-08,PEIMS audited actual; definition='all funds-total operating expenditures by obj'
4819700,TX,TX-220905,2025,actual,976152240.0,-3.124491036308312,-31483488.0,https://tea.texas.gov/finance-and-grants/state-funding/state-funding-reports-and-data/peims-financial-data-downloads,2026-04-08,PEIMS audited actual; definition='all funds-total operating expenditures by obj'
4819740,TX,TX-198903,2025,actual,21444599.0,2.3003580364814336,482210.0,https://tea.texas.gov/finance-and-grants/state-funding/state-funding-reports-and-data/peims-financial-data-downloads,2026-04-08,PEIMS audited actual; definition='all funds-total operating expenditures by obj'
4819770,TX,TX-001904,2025,actual,13566234.0,3.2407885859026013,425852.0,https://tea.texas.gov/finance-and-grants/state-funding/state-funding-reports-and-data/peims-financial-data-downloads,2026-04-08,PEIMS audited actual; definition='all funds-total operating expenditures by obj'
4819820,TX,TX-066903,2025,actual,13743122.0,15.543172096424515,1848761.0,https://tea.texas.gov/finance-and-grants/state-funding/state-funding-reports-and-data/peims-financial-data-downloads,2026-04-08,PEIMS audited actual; definition='all funds-total operating expenditures by obj'
4819830,TX,TX-152907,2025,actual,130949679.0,8.379093369210942,10124089.0,https://tea.texas.gov/finance-and-grants/state-funding/state-funding-reports-and-data/peims-financial-data-downloads,2026-04-08,PEIMS audited actual; definition='all funds-total operating expenditures by obj'
4819840,TX,TX-086901,2025,actual,42052029.0,2.9689448403490286,1212503.0,https://tea.texas.gov/finance-and-grants/state-funding/state-funding-reports-and-data/peims-financial-data-downloads,2026-04-08,PEIMS audited actual; definition='all funds-total operating expenditures by obj'
4819950,TX,TX-084911,2025,actual,67673615.0,-1.4915869109443887,-1024695.0,https://tea.texas.gov/finance-and-grants/state-funding/state-funding-reports-and-data/peims-financial-data-downloads,2026-04-08,PEIMS audited actual; definition='all funds-total operating expenditures by obj'
4819980,TX,TX-185903,2025,actual,16096944.0,0.5590017955376061,89482.0,https://tea.texas.gov/finance-and-grants/state-funding/state-funding-reports-and-data/peims-financial-data-downloads,2026-04-08,PEIMS audited actual; definition='all funds-total operating expenditures by obj'
4820010,TX,TX-043905,2025,actual,723315599.0,0.9872960232726453,7071450.0,https://tea.texas.gov/finance-and-grants/state-funding/state-funding-reports-and-data/peims-financial-data-downloads,2026-04-08,PEIMS audited actual; definition='all funds-total operating expenditures by obj'
4820040,TX,TX-175905,2025,actual,7346373.0,-1.057963405965258,-78553.0,https://tea.texas.gov/finance-and-grants/state-funding/state-funding-reports-and-data/peims-financial-data-downloads,2026-04-08,PEIMS audited actual; definition='all funds-total operating expenditures by obj'
4820070,TX,TX-234909,2025,actual,7402158.0,2.140460695804272,155120.0,https://tea.texas.gov/finance-and-grants/state-funding/state-funding-reports-and-data/peims-financial-data-downloads,2026-04-08,PEIMS audited actual; definition='all funds-total operating expenditures by obj'
4820100,TX,TX-122901,2025,actual,6636013.0,52.82672463446365,2293832.0,https://tea.texas.gov/finance-and-grants/state-funding/state-funding-reports-and-data/peims-financial-data-downloads,2026-04-08,PEIMS audited actual; definition='all funds-total operating expenditures by obj'
4820130,TX,TX-115901,2025,actual,7115284.0,2.4880926265245304,172737.0,https://tea.texas.gov/finance-and-grants/state-funding/state-funding-reports-and-data/peims-financial-data-downloads,2026-04-08,PEIMS audited actual; definition='all funds-total operating expenditures by obj'
4820160,TX,TX-015914,2025,actual,34348586.0,1.8095729302365864,610515.0,https://tea.texas.gov/finance-and-grants/state-funding/state-funding-reports-and-data/peims-financial-data-downloads,2026-04-08,PEIMS audited actual; definition='all funds-total operating expenditures by obj'
4820190,TX,TX-186902,2025,actual,142949277.0,26.232120028270483,29706089.0,https://tea.texas.gov/finance-and-grants/state-funding/state-funding-reports-and-data/peims-financial-data-downloads,2026-04-08,PEIMS audited actual; definition='all funds-total operating expenditures by obj'
4820220,TX,TX-049901,2025,actual,38728845.0,-4.275214223036357,-1729689.0,https://tea.texas.gov/finance-and-grants/state-funding/state-funding-reports-and-data/peims-financial-data-downloads,2026-04-08,PEIMS audited actual; definition='all funds-total operating expenditures by obj'
4820250,TX,TX-101910,2025,actual,285242229.0,-4.14331406201318,-12329324.0,https://tea.texas.gov/finance-and-grants/state-funding/state-funding-reports-and-data/peims-financial-data-downloads,2026-04-08,PEIMS audited actual; definition='all funds-total operating expenditures by obj'
4820280,TX,TX-084902,2025,actual,88584744.0,-4.408496280709824,-4085358.0,https://tea.texas.gov/finance-and-grants/state-funding/state-funding-reports-and-data/peims-financial-data-downloads,2026-04-08,PEIMS audited actual; definition='all funds-total operating expenditures by obj'
4820310,TX,TX-120902,2025,actual,10778741.0,22.680839362431286,1992739.0,https://tea.texas.gov/finance-and-grants/state-funding/state-funding-reports-and-data/peims-financial-data-downloads,2026-04-08,PEIMS audited actual; definition='all funds-total operating expenditures by obj'
4820340,TX,TX-057909,2025,actual,655017629.0,-6.846869340086339,-48144599.0,https://tea.texas.gov/finance-and-grants/state-funding/state-funding-reports-and-data/peims-financial-data-downloads,2026-04-08,PEIMS audited actual; definition='all funds-total operating expenditures by obj'
4820370,TX,TX-184911,2025,actual,5594842.0,2.636069553081132,143696.0,https://tea.texas.gov/finance-and-grants/state-funding/state-funding-reports-and-data/peims-financial-data-downloads,2026-04-08,PEIMS audited actual; definition='all funds-total operating expenditures by obj'
4820400,TX,TX-174903,2025,actual,10198246.0,3.660548049997779,360129.0,https://tea.texas.gov/finance-and-grants/state-funding/state-funding-reports-and-data/peims-financial-data-downloads,2026-04-08,PEIMS audited actual; definition='all funds-total operating expenditures by obj'
4820460,TX,TX-183904,2025,actual,7381249.0,8.333581616935339,567804.0,https://tea.texas.gov/finance-and-grants/state-funding/state-funding-reports-and-data/peims-financial-data-downloads,2026-04-08,PEIMS audited actual; definition='all funds-total operating expenditures by obj'
4820500,TX,TX-050902,2025,actual,33940594.0,5.22653599375919,1685808.0,https://tea.texas.gov/finance-and-grants/state-funding/state-funding-reports-and-data/peims-financial-data-downloads,2026-04-08,PEIMS audited actual; definition='all funds-total operating expenditures by obj'
4820550,TX,TX-149901,2025,actual,13746265.0,-4.471450502800859,-643428.0,https://tea.texas.gov/finance-and-grants/state-funding/state-funding-reports-and-data/peims-financial-data-downloads,2026-04-08,PEIMS audited actual; definition='all funds-total operating expenditures by obj'
4820600,TX,TX-246904,2025,actual,166716395.0,3.7163280913524708,5973725.0,https://tea.texas.gov/finance-and-grants/state-funding/state-funding-reports-and-data/peims-financial-data-downloads,2026-04-08,PEIMS audited actual; definition='all funds-total operating expenditures by obj'
4820610,TX,TX-161925,2025,actual,3561237.0,2.712543998191041,94049.0,https://tea.texas.gov/finance-and-grants/state-funding/state-funding-reports-and-data/peims-financial-data-downloads,2026-04-08,PEIMS audited actual; definition='all funds-total operating expenditures by obj'
4820640,TX,TX-144901,2025,actual,23090415.0,3.052669589668069,683994.0,https://tea.texas.gov/finance-and-grants/state-funding/state-funding-reports-and-data/peims-financial-data-downloads,2026-04-08,PEIMS audited actual; definition='all funds-total operating expenditures by obj'
4820700,TX,TX-230902,2025,actual,39522741.0,4.705541254473487,1776180.0,https://tea.texas.gov/finance-and-grants/state-funding/state-funding-reports-and-data/peims-financial-data-downloads,2026-04-08,PEIMS audited actual; definition='all funds-total operating expenditures by obj'
4820760,TX,TX-092901,2025,actual,24909811.0,4.65720095112312,1108476.0,https://tea.texas.gov/finance-and-grants/state-funding/state-funding-reports-and-data/peims-financial-data-downloads,2026-04-08,PEIMS audited actual; definition='all funds-total operating expenditures by obj'
4820790,TX,TX-087901,2025,actual,9762867.0,9.125158190601315,816381.0,https://tea.texas.gov/finance-and-grants/state-funding/state-funding-reports-and-data/peims-financial-data-downloads,2026-04-08,PEIMS audited actual; definition='all funds-total operating expenditures by obj'
4820850,TX,TX-213901,2025,actual,27936109.0,1.6314668070836302,448452.0,https://tea.texas.gov/finance-and-grants/state-funding/state-funding-reports-and-data/peims-financial-data-downloads,2026-04-08,PEIMS audited actual; definition='all funds-total operating expenditures by obj'
4820960,TX,TX-126911,2025,actual,41859629.0,-3.455738595861748,-1498338.0,https://tea.texas.gov/finance-and-grants/state-funding/state-funding-reports-and-data/peims-financial-data-downloads,2026-04-08,PEIMS audited actual; definition='all funds-total operating expenditures by obj'
4820970,TX,TX-169906,2025,actual,2591766.0,-1.0173372787392625,-26638.0,https://tea.texas.gov/finance-and-grants/state-funding/state-funding-reports-and-data/peims-financial-data-downloads,2026-04-08,PEIMS audited actual; definition='all funds-total operating expenditures by obj'
4821000,TX,TX-167901,2025,actual,11064045.0,3.327121652808835,356261.0,https://tea.texas.gov/finance-and-grants/state-funding/state-funding-reports-and-data/peims-financial-data-downloads,2026-04-08,PEIMS audited actual; definition='all funds-total operating expenditures by obj'
4821030,TX,TX-088902,2025,actual,17480924.0,-6.868753630421579,-1289279.0,https://tea.texas.gov/finance-and-grants/state-funding/state-funding-reports-and-data/peims-financial-data-downloads,2026-04-08,PEIMS audited actual; definition='all funds-total operating expenditures by obj'
4821060,TX,TX-089901,2025,actual,36145273.0,-1.667148873506332,-612812.0,https://tea.texas.gov/finance-and-grants/state-funding/state-funding-reports-and-data/peims-financial-data-downloads,2026-04-08,PEIMS audited actual; definition='all funds-total operating expenditures by obj'
4821090,TX,TX-187903,2025,actual,4583144.0,11.295629349359919,465153.0,https://tea.texas.gov/finance-and-grants/state-funding/state-funding-reports-and-data/peims-financial-data-downloads,2026-04-08,PEIMS audited actual; definition='all funds-total operating expenditures by obj'
4821150,TX,TX-101911,2025,actual,312847034.0,1.5530756316535403,4784445.0,https://tea.texas.gov/finance-and-grants/state-funding/state-funding-reports-and-data/peims-financial-data-downloads,2026-04-08,PEIMS audited actual; definition='all funds-total operating expenditures by obj'
4821180,TX,TX-182901,2025,actual,3867529.0,3.7012001363187976,138036.0,https://tea.texas.gov/finance-and-grants/state-funding/state-funding-reports-and-data/peims-financial-data-downloads,2026-04-08,PEIMS audited actual; definition='all funds-total operating expenditures by obj'
4821270,TX,TX-067904,2025,actual,6668429.0,-9.536403896413095,-702966.0,https://tea.texas.gov/finance-and-grants/state-funding/state-funding-reports-and-data/peims-financial-data-downloads,2026-04-08,PEIMS audited actual; definition='all funds-total operating expenditures by obj'
4821300,TX,TX-156905,2025,actual,6396601.0,7.963865546643992,471840.0,https://tea.texas.gov/finance-and-grants/state-funding/state-funding-reports-and-data/peims-financial-data-downloads,2026-04-08,PEIMS audited actual; definition='all funds-total operating expenditures by obj'
4821330,TX,TX-182902,2025,actual,6279909.0,10.639225626952951,603885.0,https://tea.texas.gov/finance-and-grants/state-funding/state-funding-reports-and-data/peims-financial-data-downloads,2026-04-08,PEIMS audited actual; definition='all funds-total operating expenditures by obj'
4821360,TX,TX-252901,2025,actual,27426656.0,1.257548354436212,340620.0,https://tea.texas.gov/finance-and-grants/state-funding/state-funding-reports-and-data/peims-financial-data-downloads,2026-04-08,PEIMS audited actual; definition='all funds-total operating expenditures by obj'
4821390,TX,TX-111901,2025,actual,95415378.0,-2.1294742892947323,-2076055.0,https://tea.texas.gov/finance-and-grants/state-funding/state-funding-reports-and-data/peims-financial-data-downloads,2026-04-08,PEIMS audited actual; definition='all funds-total operating expenditures by obj'
4821420,TX,TX-057910,2025,actual,331580937.0,0.5598853988114084,1846137.0,https://tea.texas.gov/finance-and-grants/state-funding/state-funding-reports-and-data/peims-financial-data-downloads,2026-04-08,PEIMS audited actual; definition='all funds-total operating expenditures by obj'
4821450,TX,TX-234904,2025,actual,17035461.0,0.7146794575282289,120885.0,https://tea.texas.gov/finance-and-grants/state-funding/state-funding-reports-and-data/peims-financial-data-downloads,2026-04-08,PEIMS audited actual; definition='all funds-total operating expenditures by obj'
4821480,TX,TX-238904,2025,actual,3461862.0,15.061147366899158,453147.0,https://tea.texas.gov/finance-and-grants/state-funding/state-funding-reports-and-data/peims-financial-data-downloads,2026-04-08,PEIMS audited actual; definition='all funds-total operating expenditures by obj'
4821540,TX,TX-126904,2025,actual,17850928.0,0.26229724759759315,46700.0,https://tea.texas.gov/finance-and-grants/state-funding/state-funding-reports-and-data/peims-financial-data-downloads,2026-04-08,PEIMS audited actual; definition='all funds-total operating expenditures by obj'
4821590,TX,TX-246905,2025,actual,8102260.0,-2.5443503999137818,-211532.0,https://tea.texas.gov/finance-and-grants/state-funding/state-funding-reports-and-data/peims-financial-data-downloads,2026-04-08,PEIMS audited actual; definition='all funds-total operating expenditures by obj'
4821600,TX,TX-226907,2025,actual,15853149.0,8.4706925589859,1238004.0,https://tea.texas.gov/finance-and-grants/state-funding/state-funding-reports-and-data/peims-financial-data-downloads,2026-04-08,PEIMS audited actual; definition='all funds-total operating expenditures by obj'
4821630,TX,TX-113902,2025,actual,11104134.0,10.401398294784283,1046169.0,https://tea.texas.gov/finance-and-grants/state-funding/state-funding-reports-and-data/peims-financial-data-downloads,2026-04-08,PEIMS audited actual; definition='all funds-total operating expenditures by obj'
4821660,TX,TX-220906,2025,actual,158234784.0,-1.048924727679528,-1677358.0,https://tea.texas.gov/finance-and-grants/state-funding/state-funding-reports-and-data/peims-financial-data-downloads,2026-04-08,PEIMS audited actual; definition='all funds-total operating expenditures by obj'
4821720,TX,TX-116905,2025,actual,70184384.0,-1.625258622295524,-1159523.0,https://tea.texas.gov/finance-and-grants/state-funding/state-funding-reports-and-data/peims-financial-data-downloads,2026-04-08,PEIMS audited actual; definition='all funds-total operating expenditures by obj'
4821750,TX,TX-165902,2025,actual,49554564.0,12.006367794898996,5311933.0,https://tea.texas.gov/finance-and-grants/state-funding/state-funding-reports-and-data/peims-financial-data-downloads,2026-04-08,PEIMS audited actual; definition='all funds-total operating expenditures by obj'
4821780,TX,TX-205902,2025,actual,77257715.0,6.452468393801346,4682869.0,https://tea.texas.gov/finance-and-grants/state-funding/state-funding-reports-and-data/peims-financial-data-downloads,2026-04-08,PEIMS audited actual; definition='all funds-total operating expenditures by obj'
4821810,TX,TX-147902,2025,actual,18922020.0,-1.9838891562345733,-382990.0,https://tea.texas.gov/finance-and-grants/state-funding/state-funding-reports-and-data/peims-financial-data-downloads,2026-04-08,PEIMS audited actual; definition='all funds-total operating expenditures by obj'
4821840,TX,TX-033901,2025,actual,2761419.0,-1.8296168629776413,-51465.0,https://tea.texas.gov/finance-and-grants/state-funding/state-funding-reports-and-data/peims-financial-data-downloads,2026-04-08,PEIMS audited actual; definition='all funds-total operating expenditures by obj'
4821900,TX,TX-228901,2025,actual,12038570.0,1.7938477081233868,212148.0,https://tea.texas.gov/finance-and-grants/state-funding/state-funding-reports-and-data/peims-financial-data-downloads,2026-04-08,PEIMS audited actual; definition='all funds-total operating expenditures by obj'
4821930,TX,TX-098901,2025,actual,7218200.0,6.2211056577873896,422752.0,https://tea.texas.gov/finance-and-grants/state-funding/state-funding-reports-and-data/peims-financial-data-downloads,2026-04-08,PEIMS audited actual; definition='all funds-total operating expenditures by obj'
4821960,TX,TX-091917,2025,actual,19785235.0,-18.99181816845563,-4638514.0,https://tea.texas.gov/finance-and-grants/state-funding/state-funding-reports-and-data/peims-financial-data-downloads,2026-04-08,PEIMS audited actual; definition='all funds-total operating expenditures by obj'
4821990,TX,TX-047903,2025,actual,2961557.0,-9.094042804631924,-296268.0,https://tea.texas.gov/finance-and-grants/state-funding/state-funding-reports-and-data/peims-financial-data-downloads,2026-04-08,PEIMS audited actual; definition='all funds-total operating expenditures by obj'
4822020,TX,TX-135001,2025,actual,2977153.0,-15.18483741224774,-533013.0,https://tea.texas.gov/finance-and-grants/state-funding/state-funding-reports-and-data/peims-financial-data-downloads,2026-04-08,PEIMS audited actual; definition='all funds-total operating expenditures by obj'
4822050,TX,TX-095903,2025,actual,9461634.0,5.923765523939899,529140.0,https://tea.texas.gov/finance-and-grants/state-funding/state-funding-reports-and-data/peims-financial-data-downloads,2026-04-08,PEIMS audited actual; definition='all funds-total operating expenditures by obj'
4822120,TX,TX-143901,2025,actual,15416137.0,-0.19950857628574692,-30818.0,https://tea.texas.gov/finance-and-grants/state-funding/state-funding-reports-and-data/peims-financial-data-downloads,2026-04-08,PEIMS audited actual; definition='all funds-total operating expenditures by obj'
4822170,TX,TX-102904,2025,actual,265960194.0,7.86830754213553,19400106.0,https://tea.texas.gov/finance-and-grants/state-funding/state-funding-reports-and-data/peims-financial-data-downloads,2026-04-08,PEIMS audited actual; definition='all funds-total operating expenditures by obj'
4822230,TX,TX-097902,2025,actual,12590787.0,0.12945237066512894,16278.0,https://tea.texas.gov/finance-and-grants/state-funding/state-funding-reports-and-data/peims-financial-data-downloads,2026-04-08,PEIMS audited actual; definition='all funds-total operating expenditures by obj'
4822260,TX,TX-127903,2025,actual,6991484.0,2.8747613341275127,195372.0,https://tea.texas.gov/finance-and-grants/state-funding/state-funding-reports-and-data/peims-financial-data-downloads,2026-04-08,PEIMS audited actual; definition='all funds-total operating expenditures by obj'
4822320,TX,TX-123914,2025,actual,23472174.0,-0.677530615949618,-160116.0,https://tea.texas.gov/finance-and-grants/state-funding/state-funding-reports-and-data/peims-financial-data-downloads,2026-04-08,PEIMS audited actual; definition='all funds-total operating expenditures by obj'
4822350,TX,TX-219901,2025,actual,4392364.0,5.723113123984256,237772.0,https://tea.texas.gov/finance-and-grants/state-funding/state-funding-reports-and-data/peims-financial-data-downloads,2026-04-08,PEIMS audited actual; definition='all funds-total operating expenditures by obj'
4822380,TX,TX-146904,2025,actual,15430247.0,0.31264147886681165,48091.0,https://tea.texas.gov/finance-and-grants/state-funding/state-funding-reports-and-data/peims-financial-data-downloads,2026-04-08,PEIMS audited actual; definition='all funds-total operating expenditures by obj'
4822410,TX,TX-100905,2025,actual,31483536.0,4.759639566160128,1430420.0,https://tea.texas.gov/finance-and-grants/state-funding/state-funding-reports-and-data/peims-financial-data-downloads,2026-04-08,PEIMS audited actual; definition='all funds-total operating expenditures by obj'
4822470,TX,TX-015904,2025,actual,164744398.0,2.534914839165763,4072886.0,https://tea.texas.gov/finance-and-grants/state-funding/state-funding-reports-and-data/peims-financial-data-downloads,2026-04-08,PEIMS audited actual; definition='all funds-total operating expenditures by obj'
4822500,TX,TX-102905,2025,actual,10422308.0,0.019884386495660943,2072.0,https://tea.texas.gov/finance-and-grants/state-funding/state-funding-reports-and-data/peims-financial-data-downloads,2026-04-08,PEIMS audited actual; definition='all funds-total operating expenditures by obj'
4822530,TX,TX-031903,2025,actual,232217451.0,-3.2110739317293717,-7704057.0,https://tea.texas.gov/finance-and-grants/state-funding/state-funding-reports-and-data/peims-financial-data-downloads,2026-04-08,PEIMS audited actual; definition='all funds-total operating expenditures by obj'
4822560,TX,TX-230905,2025,actual,13329666.0,-0.19766299447756547,-26400.0,https://tea.texas.gov/finance-and-grants/state-funding/state-funding-reports-and-data/peims-financial-data-downloads,2026-04-08,PEIMS audited actual; definition='all funds-total operating expenditures by obj'
4822590,TX,TX-086902,2025,actual,8634725.0,9.622133737422569,757917.0,https://tea.texas.gov/finance-and-grants/state-funding/state-funding-reports-and-data/peims-financial-data-downloads,2026-04-08,PEIMS audited actual; definition='all funds-total operating expenditures by obj'
4822620,TX,TX-244901,2025,actual,2784756.0,1.1681310992290204,32154.0,https://tea.texas.gov/finance-and-grants/state-funding/state-funding-reports-and-data/peims-financial-data-downloads,2026-04-08,PEIMS audited actual; definition='all funds-total operating expenditures by obj'
4822650,TX,TX-035902,2025,actual,4201372.0,22.487979689961715,771344.0,https://tea.texas.gov/finance-and-grants/state-funding/state-funding-reports-and-data/peims-financial-data-downloads,2026-04-08,PEIMS audited actual; definition='all funds-total operating expenditures by obj'
4822680,TX,TX-103902,2025,actual,3654525.0,-0.8374423534238458,-30863.0,https://tea.texas.gov/finance-and-grants/state-funding/state-funding-reports-and-data/peims-financial-data-downloads,2026-04-08,PEIMS audited actual; definition='all funds-total operating expenditures by obj'
4822710,TX,TX-225907,2025,actual,10860141.0,0.08029357979429066,8713.0,https://tea.texas.gov/finance-and-grants/state-funding/state-funding-reports-and-data/peims-financial-data-downloads,2026-04-08,PEIMS audited actual; definition='all funds-total operating expenditures by obj'
4822740,TX,TX-104901,2025,actual,8824228.0,-0.9998931939409551,-89124.0,https://tea.texas.gov/finance-and-grants/state-funding/state-funding-reports-and-data/peims-financial-data-downloads,2026-04-08,PEIMS audited actual; definition='all funds-total operating expenditures by obj'
4822770,TX,TX-250902,2025,actual,11221339.0,-4.1826702503650575,-489840.0,https://tea.texas.gov/finance-and-grants/state-funding/state-funding-reports-and-data/peims-financial-data-downloads,2026-04-08,PEIMS audited actual; definition='all funds-total operating expenditures by obj'
4822800,TX,TX-127904,2025,actual,13784353.0,-5.008024562763149,-726718.0,https://tea.texas.gov/finance-and-grants/state-funding/state-funding-reports-and-data/peims-financial-data-downloads,2026-04-08,PEIMS audited actual; definition='all funds-total operating expenditures by obj'
4822830,TX,TX-198905,2025,actual,14804216.0,5.4800293749473195,769127.0,https://tea.texas.gov/finance-and-grants/state-funding/state-funding-reports-and-data/peims-financial-data-downloads,2026-04-08,PEIMS audited actual; definition='all funds-total operating expenditures by obj'
4822850,TX,TX-065902,2025,actual,2589868.0,8.496323504769055,202812.0,https://tea.texas.gov/finance-and-grants/state-funding/state-funding-reports-and-data/peims-financial-data-downloads,2026-04-08,PEIMS audited actual; definition='all funds-total operating expenditures by obj'
4822890,TX,TX-202903,2025,actual,12992072.0,5.359690410310141,660912.0,https://tea.texas.gov/finance-and-grants/state-funding/state-funding-reports-and-data/peims-financial-data-downloads,2026-04-08,PEIMS audited actual; definition='all funds-total operating expenditures by obj'
4822920,TX,TX-237902,2025,actual,23625066.0,3.1087248242475782,712295.0,https://tea.texas.gov/finance-and-grants/state-funding/state-funding-reports-and-data/peims-financial-data-downloads,2026-04-08,PEIMS audited actual; definition='all funds-total operating expenditures by obj'
4822970,TX,TX-201902,2025,actual,42557581.0,-8.620605026100863,-4014823.0,https://tea.texas.gov/finance-and-grants/state-funding/state-funding-reports-and-data/peims-financial-data-downloads,2026-04-08,PEIMS audited actual; definition='all funds-total operating expenditures by obj'
4822980,TX,TX-039902,2025,actual,15242311.0,-1.7136439467879419,-265753.0,https://tea.texas.gov/finance-and-grants/state-funding/state-funding-reports-and-data/peims-financial-data-downloads,2026-04-08,PEIMS audited actual; definition='all funds-total operating expenditures by obj'
4823010,TX,TX-059901,2025,actual,51953359.0,8.42110840654398,4035237.0,https://tea.texas.gov/finance-and-grants/state-funding/state-funding-reports-and-data/peims-financial-data-downloads,2026-04-08,PEIMS audited actual; definition='all funds-total operating expenditures by obj'
4823040,TX,TX-208901,2025,actual,4331172.0,12.067518321832917,466384.0,https://tea.texas.gov/finance-and-grants/state-funding/state-funding-reports-and-data/peims-financial-data-downloads,2026-04-08,PEIMS audited actual; definition='all funds-total operating expenditures by obj'
4823070,TX,TX-097903,2025,actual,8765271.0,1.1387303552888555,98689.0,https://tea.texas.gov/finance-and-grants/state-funding/state-funding-reports-and-data/peims-financial-data-downloads,2026-04-08,PEIMS audited actual; definition='all funds-total operating expenditures by obj'
4823100,TX,TX-108905,2025,actual,47147413.0,0.9188593749421397,429274.0,https://tea.texas.gov/finance-and-grants/state-funding/state-funding-reports-and-data/peims-financial-data-downloads,2026-04-08,PEIMS audited actual; definition='all funds-total operating expenditures by obj'
4823160,TX,TX-084903,2025,actual,3190034.0,-5.052266830645706,-169745.0,https://tea.texas.gov/finance-and-grants/state-funding/state-funding-reports-and-data/peims-financial-data-downloads,2026-04-08,PEIMS audited actual; definition='all funds-total operating expenditures by obj'
4823190,TX,TX-177905,2025,actual,4651124.0,-9.606295478666702,-494283.0,https://tea.texas.gov/finance-and-grants/state-funding/state-funding-reports-and-data/peims-financial-data-downloads,2026-04-08,PEIMS audited actual; definition='all funds-total operating expenditures by obj'
4823250,TX,TX-057911,2025,actual,88614305.0,-0.08482286083496617,-75229.0,https://tea.texas.gov/finance-and-grants/state-funding/state-funding-reports-and-data/peims-financial-data-downloads,2026-04-08,PEIMS audited actual; definition='all funds-total operating expenditures by obj'
4823280,TX,TX-109904,2025,actual,27087023.0,-2.1910316903749187,-606780.0,https://tea.texas.gov/finance-and-grants/state-funding/state-funding-reports-and-data/peims-financial-data-downloads,2026-04-08,PEIMS audited actual; definition='all funds-total operating expenditures by obj'
4823310,TX,TX-084908,2025,actual,27219086.0,-14.064184212669051,-4454653.0,https://tea.texas.gov/finance-and-grants/state-funding/state-funding-reports-and-data/peims-financial-data-downloads,2026-04-08,PEIMS audited actual; definition='all funds-total operating expenditures by obj'
4823370,TX,TX-014905,2025,actual,11307802.0,0.6168540452589795,69325.0,https://tea.texas.gov/finance-and-grants/state-funding/state-funding-reports-and-data/peims-financial-data-downloads,2026-04-08,PEIMS audited actual; definition='all funds-total operating expenditures by obj'
4823400,TX,TX-005902,2025,actual,13860520.0,2.4191364380832674,327385.0,https://tea.texas.gov/finance-and-grants/state-funding/state-funding-reports-and-data/peims-financial-data-downloads,2026-04-08,PEIMS audited actual; definition='all funds-total operating expenditures by obj'
4823430,TX,TX-163904,2025,actual,22370632.0,3.635617272108728,784779.0,https://tea.texas.gov/finance-and-grants/state-funding/state-funding-reports-and-data/peims-financial-data-downloads,2026-04-08,PEIMS audited actual; definition='all funds-total operating expenditures by obj'
4823460,TX,TX-074907,2025,actual,12178841.0,5.846737589570897,672732.0,https://tea.texas.gov/finance-and-grants/state-funding/state-funding-reports-and-data/peims-financial-data-downloads,2026-04-08,PEIMS audited actual; definition='all funds-total operating expenditures by obj'
4823490,TX,TX-019902,2025,actual,12999723.0,7.400054477773043,895704.0,https://tea.texas.gov/finance-and-grants/state-funding/state-funding-reports-and-data/peims-financial-data-downloads,2026-04-08,PEIMS audited actual; definition='all funds-total operating expenditures by obj'
4823640,TX,TX-101912,2025,actual,2490508068.0,-5.39020868689687,-141891849.0,https://tea.texas.gov/finance-and-grants/state-funding/state-funding-reports-and-data/peims-financial-data-downloads,2026-04-08,PEIMS audited actual; definition='all funds-total operating expenditures by obj'
4823670,TX,TX-091905,2025,actual,16215740.0,0.7158667672185217,115258.0,https://tea.texas.gov/finance-and-grants/state-funding/state-funding-reports-and-data/peims-financial-data-downloads,2026-04-08,PEIMS audited actual; definition='all funds-total operating expenditures by obj'
4823730,TX,TX-109905,2025,actual,7411849.0,10.456223899863701,701635.0,https://tea.texas.gov/finance-and-grants/state-funding/state-funding-reports-and-data/peims-financial-data-downloads,2026-04-08,PEIMS audited actual; definition='all funds-total operating expenditures by obj'
4823760,TX,TX-072908,2025,actual,4396424.0,4.446581533648701,187168.0,https://tea.texas.gov/finance-and-grants/state-funding/state-funding-reports-and-data/peims-financial-data-downloads,2026-04-08,PEIMS audited actual; definition='all funds-total operating expenditures by obj'
4823790,TX,TX-003902,2025,actual,34206491.0,-0.6203916731042942,-213539.0,https://tea.texas.gov/finance-and-grants/state-funding/state-funding-reports-and-data/peims-financial-data-downloads,2026-04-08,PEIMS audited actual; definition='all funds-total operating expenditures by obj'
4823820,TX,TX-101925,2025,actual,46104218.0,-5.100311320719375,-2477836.0,https://tea.texas.gov/finance-and-grants/state-funding/state-funding-reports-and-data/peims-financial-data-downloads,2026-04-08,PEIMS audited actual; definition='all funds-total operating expenditures by obj'
4823850,TX,TX-034903,2025,actual,15210173.0,-3.957062917890158,-626674.0,https://tea.texas.gov/finance-and-grants/state-funding/state-funding-reports-and-data/peims-financial-data-downloads,2026-04-08,PEIMS audited actual; definition='all funds-total operating expenditures by obj'
4823880,TX,TX-146905,2025,actual,7793885.0,3.0427816302972985,230148.0,https://tea.texas.gov/finance-and-grants/state-funding/state-funding-reports-and-data/peims-financial-data-downloads,2026-04-08,PEIMS audited actual; definition='all funds-total operating expenditures by obj'
4823910,TX,TX-101913,2025,actual,591082940.0,4.8848323937518145,27528681.0,https://tea.texas.gov/finance-and-grants/state-funding/state-funding-reports-and-data/peims-financial-data-downloads,2026-04-08,PEIMS audited actual; definition='all funds-total operating expenditures by obj'
4824000,TX,TX-003904,2025,actual,20979536.0,-4.316755213632163,-946493.0,https://tea.texas.gov/finance-and-grants/state-funding/state-funding-reports-and-data/peims-financial-data-downloads,2026-04-08,PEIMS audited actual; definition='all funds-total operating expenditures by obj'
4824030,TX,TX-236902,2025,actual,116486767.0,-0.3637981293141015,-425324.0,https://tea.texas.gov/finance-and-grants/state-funding/state-funding-reports-and-data/peims-financial-data-downloads,2026-04-08,PEIMS audited actual; definition='all funds-total operating expenditures by obj'
4824060,TX,TX-220916,2025,actual,253706612.0,-2.1115032503632074,-5472577.0,https://tea.texas.gov/finance-and-grants/state-funding/state-funding-reports-and-data/peims-financial-data-downloads,2026-04-08,PEIMS audited actual; definition='all funds-total operating expenditures by obj'
4824100,TX,TX-246906,2025,actual,129950156.0,4.463118896009039,5552036.0,https://tea.texas.gov/finance-and-grants/state-funding/state-funding-reports-and-data/peims-financial-data-downloads,2026-04-08,PEIMS audited actual; definition='all funds-total operating expenditures by obj'
4824120,TX,TX-152910,2025,actual,13156776.0,3.2898823337300556,419056.0,https://tea.texas.gov/finance-and-grants/state-funding/state-funding-reports-and-data/peims-financial-data-downloads,2026-04-08,PEIMS audited actual; definition='all funds-total operating expenditures by obj'
4824150,TX,TX-120905,2025,actual,13634957.0,-10.329661035842665,-1570692.0,https://tea.texas.gov/finance-and-grants/state-funding/state-funding-reports-and-data/peims-financial-data-downloads,2026-04-08,PEIMS audited actual; definition='all funds-total operating expenditures by obj'
4824180,TX,TX-205903,2025,actual,27862802.0,-0.354314580120253,-99073.0,https://tea.texas.gov/finance-and-grants/state-funding/state-funding-reports-and-data/peims-financial-data-downloads,2026-04-08,PEIMS audited actual; definition='all funds-total operating expenditures by obj'
4824210,TX,TX-133904,2025,actual,18356862.0,1.3929609657087942,252191.0,https://tea.texas.gov/finance-and-grants/state-funding/state-funding-reports-and-data/peims-financial-data-downloads,2026-04-08,PEIMS audited actual; definition='all funds-total operating expenditures by obj'
4824240,TX,TX-093903,2025,actual,9982697.0,4.808298826632174,457977.0,https://tea.texas.gov/finance-and-grants/state-funding/state-funding-reports-and-data/peims-financial-data-downloads,2026-04-08,PEIMS audited actual; definition='all funds-total operating expenditures by obj'
4824260,TX,TX-243903,2025,actual,24643617.0,4.1156573767643145,974154.0,https://tea.texas.gov/finance-and-grants/state-funding/state-funding-reports-and-data/peims-financial-data-downloads,2026-04-08,PEIMS audited actual; definition='all funds-total operating expenditures by obj'
4824300,TX,TX-208903,2025,actual,4159008.0,4.9386946246966525,195734.0,https://tea.texas.gov/finance-and-grants/state-funding/state-funding-reports-and-data/peims-financial-data-downloads,2026-04-08,PEIMS audited actual; definition='all funds-total operating expenditures by obj'
4824330,TX,TX-186903,2025,actual,7019895.0,-1.2580503321408165,-89439.0,https://tea.texas.gov/finance-and-grants/state-funding/state-funding-reports-and-data/peims-financial-data-downloads,2026-04-08,PEIMS audited actual; definition='all funds-total operating expenditures by obj'
4824360,TX,TX-018906,2025,actual,2566328.0,2.11265812308613,53096.0,https://tea.texas.gov/finance-and-grants/state-funding/state-funding-reports-and-data/peims-financial-data-downloads,2026-04-08,PEIMS audited actual; definition='all funds-total operating expenditures by obj'
4824420,TX,TX-057912,2025,actual,368615325.0,-8.425181674302454,-33913811.0,https://tea.texas.gov/finance-and-grants/state-funding/state-funding-reports-and-data/peims-financial-data-downloads,2026-04-08,PEIMS audited actual; definition='all funds-total operating expenditures by obj'
4824450,TX,TX-070907,2025,actual,12211074.0,5.721213697459079,660815.0,https://tea.texas.gov/finance-and-grants/state-funding/state-funding-reports-and-data/peims-financial-data-downloads,2026-04-08,PEIMS audited actual; definition='all funds-total operating expenditures by obj'
4824480,TX,TX-109907,2025,actual,10665155.0,12.470836045319235,1182559.0,https://tea.texas.gov/finance-and-grants/state-funding/state-funding-reports-and-data/peims-financial-data-downloads,2026-04-08,PEIMS audited actual; definition='all funds-total operating expenditures by obj'
4824530,TX,TX-119902,2025,actual,16680691.0,1.1987919985648325,197598.0,https://tea.texas.gov/finance-and-grants/state-funding/state-funding-reports-and-data/peims-financial-data-downloads,2026-04-08,PEIMS audited actual; definition='all funds-total operating expenditures by obj'
4824590,TX,TX-037904,2025,actual,58515529.0,-0.6808768023058462,-401150.0,https://tea.texas.gov/finance-and-grants/state-funding/state-funding-reports-and-data/peims-financial-data-downloads,2026-04-08,PEIMS audited actual; definition='all funds-total operating expenditures by obj'
4824600,TX,TX-246907,2025,actual,48000190.0,6.84285488231295,3074219.0,https://tea.texas.gov/finance-and-grants/state-funding/state-funding-reports-and-data/peims-financial-data-downloads,2026-04-08,PEIMS audited actual; definition='all funds-total operating expenditures by obj'
4824630,TX,TX-121904,2025,actual,31228201.0,2.132457566555819,652024.0,https://tea.texas.gov/finance-and-grants/state-funding/state-funding-reports-and-data/peims-financial-data-downloads,2026-04-08,PEIMS audited actual; definition='all funds-total operating expenditures by obj'
4824660,TX,TX-132902,2025,actual,4813376.0,8.070650636428708,359460.0,https://tea.texas.gov/finance-and-grants/state-funding/state-funding-reports-and-data/peims-financial-data-downloads,2026-04-08,PEIMS audited actual; definition='all funds-total operating expenditures by obj'
4824730,TX,TX-155901,2025,actual,18166246.0,2.1569122645062286,383557.0,https://tea.texas.gov/finance-and-grants/state-funding/state-funding-reports-and-data/peims-financial-data-downloads,2026-04-08,PEIMS audited actual; definition='all funds-total operating expenditures by obj'
4824750,TX,TX-124901,2025,actual,16801828.0,-5.724641088429756,-1020250.0,https://tea.texas.gov/finance-and-grants/state-funding/state-funding-reports-and-data/peims-financial-data-downloads,2026-04-08,PEIMS audited actual; definition='all funds-total operating expenditures by obj'
4824780,TX,TX-221911,2025,actual,20768147.0,-0.33784980240947665,-70403.0,https://tea.texas.gov/finance-and-grants/state-funding/state-funding-reports-and-data/peims-financial-data-downloads,2026-04-08,PEIMS audited actual; definition='all funds-total operating expenditures by obj'
4824810,TX,TX-210902,2025,actual,11865561.0,4.047442689142774,461570.0,https://tea.texas.gov/finance-and-grants/state-funding/state-funding-reports-and-data/peims-financial-data-downloads,2026-04-08,PEIMS audited actual; definition='all funds-total operating expenditures by obj'
4824840,TX,TX-016901,2025,actual,11401064.0,1.6627622297806288,186472.0,https://tea.texas.gov/finance-and-grants/state-funding/state-funding-reports-and-data/peims-financial-data-downloads,2026-04-08,PEIMS audited actual; definition='all funds-total operating expenditures by obj'
4824900,TX,TX-050909,2025,actual,4586931.0,12.058720923414883,493603.0,https://tea.texas.gov/finance-and-grants/state-funding/state-funding-reports-and-data/peims-financial-data-downloads,2026-04-08,PEIMS audited actual; definition='all funds-total operating expenditures by obj'
4824930,TX,TX-126905,2025,actual,72705356.0,-2.432169386103612,-1812398.0,https://tea.texas.gov/finance-and-grants/state-funding/state-funding-reports-and-data/peims-financial-data-downloads,2026-04-08,PEIMS audited actual; definition='all funds-total operating expenditures by obj'
4824960,TX,TX-007902,2025,actual,20066267.0,-2.291260394319101,-470552.0,https://tea.texas.gov/finance-and-grants/state-funding/state-funding-reports-and-data/peims-financial-data-downloads,2026-04-08,PEIMS audited actual; definition='all funds-total operating expenditures by obj'
4824990,TX,TX-015916,2025,actual,308717930.0,-4.963167470065552,-16122368.0,https://tea.texas.gov/finance-and-grants/state-funding/state-funding-reports-and-data/peims-financial-data-downloads,2026-04-08,PEIMS audited actual; definition='all funds-total operating expenditures by obj'
4825020,TX,TX-134901,2025,actual,9318513.0,2.873090099744311,260252.0,https://tea.texas.gov/finance-and-grants/state-funding/state-funding-reports-and-data/peims-financial-data-downloads,2026-04-08,PEIMS audited actual; definition='all funds-total operating expenditures by obj'
4825140,TX,TX-128901,2025,actual,25371285.0,3.0669664516344466,754974.0,https://tea.texas.gov/finance-and-grants/state-funding/state-funding-reports-and-data/peims-financial-data-downloads,2026-04-08,PEIMS audited actual; definition='all funds-total operating expenditures by obj'
4825170,TX,TX-101914,2025,actual,1182930076.0,5.006144935807645,56395932.0,https://tea.texas.gov/finance-and-grants/state-funding/state-funding-reports-and-data/peims-financial-data-downloads,2026-04-08,PEIMS audited actual; definition='all funds-total operating expenditures by obj'
4825200,TX,TX-129903,2025,actual,51356168.0,-0.40362812283910554,-208128.0,https://tea.texas.gov/finance-and-grants/state-funding/state-funding-reports-and-data/peims-financial-data-downloads,2026-04-08,PEIMS audited actual; definition='all funds-total operating expenditures by obj'
4825230,TX,TX-126906,2025,actual,15827732.0,1.5383304706498064,239794.0,https://tea.texas.gov/finance-and-grants/state-funding/state-funding-reports-and-data/peims-financial-data-downloads,2026-04-08,PEIMS audited actual; definition='all funds-total operating expenditures by obj'
4825260,TX,TX-220907,2025,actual,343759238.0,-6.970439058094175,-25756897.0,https://tea.texas.gov/finance-and-grants/state-funding/state-funding-reports-and-data/peims-financial-data-downloads,2026-04-08,PEIMS audited actual; definition='all funds-total operating expenditures by obj'
4825290,TX,TX-242905,2025,actual,3028365.0,4.33345058522013,125782.0,https://tea.texas.gov/finance-and-grants/state-funding/state-funding-reports-and-data/peims-financial-data-downloads,2026-04-08,PEIMS audited actual; definition='all funds-total operating expenditures by obj'
4825320,TX,TX-129904,2025,actual,27990547.0,9.829328793862109,2505053.0,https://tea.texas.gov/finance-and-grants/state-funding/state-funding-reports-and-data/peims-financial-data-downloads,2026-04-08,PEIMS audited actual; definition='all funds-total operating expenditures by obj'
4825440,TX,TX-128902,2025,actual,13280621.0,2.6752851116046714,346037.0,https://tea.texas.gov/finance-and-grants/state-funding/state-funding-reports-and-data/peims-financial-data-downloads,2026-04-08,PEIMS audited actual; definition='all funds-total operating expenditures by obj'
4825470,TX,TX-113906,2025,actual,4119225.0,1.3101223918802858,53269.0,https://tea.texas.gov/finance-and-grants/state-funding/state-funding-reports-and-data/peims-financial-data-downloads,2026-04-08,PEIMS audited actual; definition='all funds-total operating expenditures by obj'
4825500,TX,TX-220914,2025,actual,38921531.0,8.169692116754529,2939612.0,https://tea.texas.gov/finance-and-grants/state-funding/state-funding-reports-and-data/peims-financial-data-downloads,2026-04-08,PEIMS audited actual; definition='all funds-total operating expenditures by obj'
4825530,TX,TX-175907,2025,actual,11045514.0,11.108513614308944,1104319.0,https://tea.texas.gov/finance-and-grants/state-funding/state-funding-reports-and-data/peims-financial-data-downloads,2026-04-08,PEIMS audited actual; definition='all funds-total operating expenditures by obj'
4825560,TX,TX-248901,2025,actual,19339679.0,4.116682606545732,764674.0,https://tea.texas.gov/finance-and-grants/state-funding/state-funding-reports-and-data/peims-financial-data-downloads,2026-04-08,PEIMS audited actual; definition='all funds-total operating expenditures by obj'
4825590,TX,TX-133903,2025,actual,54620130.0,-1.9492468465277972,-1085847.0,https://tea.texas.gov/finance-and-grants/state-funding/state-funding-reports-and-data/peims-financial-data-downloads,2026-04-08,PEIMS audited actual; definition='all funds-total operating expenditures by obj'
4825620,TX,TX-092902,2025,actual,44351969.0,-2.5351343044680856,-1153628.0,https://tea.texas.gov/finance-and-grants/state-funding/state-funding-reports-and-data/peims-financial-data-downloads,2026-04-08,PEIMS audited actual; definition='all funds-total operating expenditures by obj'
4825660,TX,TX-014906,2025,actual,542412841.0,-4.02433918402611,-22743821.0,https://tea.texas.gov/finance-and-grants/state-funding/state-funding-reports-and-data/peims-financial-data-downloads,2026-04-08,PEIMS audited actual; definition='all funds-total operating expenditures by obj'
4825680,TX,TX-137901,2025,actual,37720672.0,-2.5180317107948635,-974353.0,https://tea.texas.gov/finance-and-grants/state-funding/state-funding-reports-and-data/peims-financial-data-downloads,2026-04-08,PEIMS audited actual; definition='all funds-total operating expenditures by obj'
4825710,TX,TX-121905,2025,actual,17541225.0,-0.8602625776170653,-152210.0,https://tea.texas.gov/finance-and-grants/state-funding/state-funding-reports-and-data/peims-financial-data-downloads,2026-04-08,PEIMS audited actual; definition='all funds-total operating expenditures by obj'
4825740,TX,TX-101915,2025,actual,622791164.0,-0.30755651205882373,-1921344.0,https://tea.texas.gov/finance-and-grants/state-funding/state-funding-reports-and-data/peims-financial-data-downloads,2026-04-08,PEIMS audited actual; definition='all funds-total operating expenditures by obj'
4825790,TX,TX-058905,2025,actual,6139918.0,2.69252010475446,160984.0,https://tea.texas.gov/finance-and-grants/state-funding/state-funding-reports-and-data/peims-financial-data-downloads,2026-04-08,PEIMS audited actual; definition='all funds-total operating expenditures by obj'
4825800,TX,TX-232901,2025,actual,6501093.0,9.68982065692481,574296.0,https://tea.texas.gov/finance-and-grants/state-funding/state-funding-reports-and-data/peims-financial-data-downloads,2026-04-08,PEIMS audited actual; definition='all funds-total operating expenditures by obj'
4825870,TX,TX-138902,2025,actual,4550184.0,0.8715168312283814,39313.0,https://tea.texas.gov/finance-and-grants/state-funding/state-funding-reports-and-data/peims-financial-data-downloads,2026-04-08,PEIMS audited actual; definition='all funds-total operating expenditures by obj'
4825890,TX,TX-018907,2025,actual,3014976.0,0.8592338450823288,25685.0,https://tea.texas.gov/finance-and-grants/state-funding/state-funding-reports-and-data/peims-financial-data-downloads,2026-04-08,PEIMS audited actual; definition='all funds-total operating expenditures by obj'
4825920,TX,TX-100903,2025,actual,18891856.0,8.596740302470554,1495518.0,https://tea.texas.gov/finance-and-grants/state-funding/state-funding-reports-and-data/peims-financial-data-downloads,2026-04-08,PEIMS audited actual; definition='all funds-total operating expenditures by obj'
4825950,TX,TX-219905,2025,actual,5126979.0,10.885343177160339,503303.0,https://tea.texas.gov/finance-and-grants/state-funding/state-funding-reports-and-data/peims-financial-data-downloads,2026-04-08,PEIMS audited actual; definition='all funds-total operating expenditures by obj'
4825980,TX,TX-061905,2025,actual,28883462.0,4.2306659952629815,1172364.0,https://tea.texas.gov/finance-and-grants/state-funding/state-funding-reports-and-data/peims-financial-data-downloads,2026-04-08,PEIMS audited actual; definition='all funds-total operating expenditures by obj'
4826040,TX,TX-031905,2025,actual,41007476.0,-6.095978107223102,-2662087.0,https://tea.texas.gov/finance-and-grants/state-funding/state-funding-reports-and-data/peims-financial-data-downloads,2026-04-08,PEIMS audited actual; definition='all funds-total operating expenditures by obj'
4826100,TX,TX-075902,2025,actual,24188038.0,2.63570259709758,621153.0,https://tea.texas.gov/finance-and-grants/state-funding/state-funding-reports-and-data/peims-financial-data-downloads,2026-04-08,PEIMS audited actual; definition='all funds-total operating expenditures by obj'
4826130,TX,TX-108912,2025,actual,312238890.0,-9.101988734685055,-31265754.0,https://tea.texas.gov/finance-and-grants/state-funding/state-funding-reports-and-data/peims-financial-data-downloads,2026-04-08,PEIMS audited actual; definition='all funds-total operating expenditures by obj'
4826190,TX,TX-101916,2025,actual,93424868.0,0.35685303838764354,332204.0,https://tea.texas.gov/finance-and-grants/state-funding/state-funding-reports-and-data/peims-financial-data-downloads,2026-04-08,PEIMS audited actual; definition='all funds-total operating expenditures by obj'
4826220,TX,TX-107910,2025,actual,7979491.0,2.8880506602533322,223983.0,https://tea.texas.gov/finance-and-grants/state-funding/state-funding-reports-and-data/peims-financial-data-downloads,2026-04-08,PEIMS audited actual; definition='all funds-total operating expenditures by obj'
4826250,TX,TX-254902,2025,actual,8661532.0,-2.4638938130029797,-218802.0,https://tea.texas.gov/finance-and-grants/state-funding/state-funding-reports-and-data/peims-financial-data-downloads,2026-04-08,PEIMS audited actual; definition='all funds-total operating expenditures by obj'
4826280,TX,TX-161906,2025,actual,46235177.0,3.6919438631660015,1646200.0,https://tea.texas.gov/finance-and-grants/state-funding/state-funding-reports-and-data/peims-financial-data-downloads,2026-04-08,PEIMS audited actual; definition='all funds-total operating expenditures by obj'
4826310,TX,TX-247903,2025,actual,36577870.0,0.12097880552494149,44198.0,https://tea.texas.gov/finance-and-grants/state-funding/state-funding-reports-and-data/peims-financial-data-downloads,2026-04-08,PEIMS audited actual; definition='all funds-total operating expenditures by obj'
4826340,TX,TX-108914,2025,actual,11604387.0,-5.765483739728464,-709983.0,https://tea.texas.gov/finance-and-grants/state-funding/state-funding-reports-and-data/peims-financial-data-downloads,2026-04-08,PEIMS audited actual; definition='all funds-total operating expenditures by obj'
4826370,TX,TX-015913,2025,actual,20493972.0,4.578539846039604,897244.0,https://tea.texas.gov/finance-and-grants/state-funding/state-funding-reports-and-data/peims-financial-data-downloads,2026-04-08,PEIMS audited actual; definition='all funds-total operating expenditures by obj'
4826400,TX,TX-227912,2025,actual,23117991.0,3.5149977922791966,785004.0,https://tea.texas.gov/finance-and-grants/state-funding/state-funding-reports-and-data/peims-financial-data-downloads,2026-04-08,PEIMS audited actual; definition='all funds-total operating expenditures by obj'
4826430,TX,TX-061912,2025,actual,47172926.0,2.2750061785058415,1049315.0,https://tea.texas.gov/finance-and-grants/state-funding/state-funding-reports-and-data/peims-financial-data-downloads,2026-04-08,PEIMS audited actual; definition='all funds-total operating expenditures by obj'
4826470,TX,TX-227913,2025,actual,130005383.0,-3.409280882673043,-4588690.0,https://tea.texas.gov/finance-and-grants/state-funding/state-funding-reports-and-data/peims-financial-data-downloads,2026-04-08,PEIMS audited actual; definition='all funds-total operating expenditures by obj'
4826490,TX,TX-220910,2025,actual,46197876.0,-8.985530910427283,-4560950.0,https://tea.texas.gov/finance-and-grants/state-funding/state-funding-reports-and-data/peims-financial-data-downloads,2026-04-08,PEIMS audited actual; definition='all funds-total operating expenditures by obj'
4826580,TX,TX-079901,2025,actual,525157737.0,6.904292084955396,33916715.0,https://tea.texas.gov/finance-and-grants/state-funding/state-funding-reports-and-data/peims-financial-data-downloads,2026-04-08,PEIMS audited actual; definition='all funds-total operating expenditures by obj'
4826610,TX,TX-058906,2025,actual,22624042.0,1.222732908494533,273290.0,https://tea.texas.gov/finance-and-grants/state-funding/state-funding-reports-and-data/peims-financial-data-downloads,2026-04-08,PEIMS audited actual; definition='all funds-total operating expenditures by obj'
4826640,TX,TX-141901,2025,actual,46105784.0,0.4002986893481613,183825.0,https://tea.texas.gov/finance-and-grants/state-funding/state-funding-reports-and-data/peims-financial-data-downloads,2026-04-08,PEIMS audited actual; definition='all funds-total operating expenditures by obj'
4826670,TX,TX-057913,2025,actual,94175112.0,3.4610926990073807,3150448.0,https://tea.texas.gov/finance-and-grants/state-funding/state-funding-reports-and-data/peims-financial-data-downloads,2026-04-08,PEIMS audited actual; definition='all funds-total operating expenditures by obj'
4826700,TX,TX-201903,2025,actual,2985338.0,-6.255106712630481,-199196.0,https://tea.texas.gov/finance-and-grants/state-funding/state-funding-reports-and-data/peims-financial-data-downloads,2026-04-08,PEIMS audited actual; definition='all funds-total operating expenditures by obj'
4826790,TX,TX-240901,2025,actual,277104824.0,-3.8092274781393263,-10973561.0,https://tea.texas.gov/finance-and-grants/state-funding/state-funding-reports-and-data/peims-financial-data-downloads,2026-04-08,PEIMS audited actual; definition='all funds-total operating expenditures by obj'
4826850,TX,TX-245901,2025,actual,7193150.0,-0.3517193714683816,-25389.0,https://tea.texas.gov/finance-and-grants/state-funding/state-funding-reports-and-data/peims-financial-data-downloads,2026-04-08,PEIMS audited actual; definition='all funds-total operating expenditures by obj'
4826910,TX,TX-113905,2025,actual,7778654.0,5.009396457331066,371075.0,https://tea.texas.gov/finance-and-grants/state-funding/state-funding-reports-and-data/peims-financial-data-downloads,2026-04-08,PEIMS audited actual; definition='all funds-total operating expenditures by obj'
4826970,TX,TX-185904,2025,actual,2668918.0,1.4475632261240252,38083.0,https://tea.texas.gov/finance-and-grants/state-funding/state-funding-reports-and-data/peims-financial-data-downloads,2026-04-08,PEIMS audited actual; definition='all funds-total operating expenditures by obj'
4827000,TX,TX-193902,2025,actual,4932975.0,-7.055350486760738,-374458.0,https://tea.texas.gov/finance-and-grants/state-funding/state-funding-reports-and-data/peims-financial-data-downloads,2026-04-08,PEIMS audited actual; definition='all funds-total operating expenditures by obj'
4827030,TX,TX-246913,2025,actual,491396426.0,4.750238070309055,22283959.0,https://tea.texas.gov/finance-and-grants/state-funding/state-funding-reports-and-data/peims-financial-data-downloads,2026-04-08,PEIMS audited actual; definition='all funds-total operating expenditures by obj'
4827090,TX,TX-090902,2025,actual,4071737.0,13.77231270294595,492890.0,https://tea.texas.gov/finance-and-grants/state-funding/state-funding-reports-and-data/peims-financial-data-downloads,2026-04-08,PEIMS audited actual; definition='all funds-total operating expenditures by obj'
4827120,TX,TX-187906,2025,actual,3508369.0,7.282846182425873,238164.0,https://tea.texas.gov/finance-and-grants/state-funding/state-funding-reports-and-data/peims-financial-data-downloads,2026-04-08,PEIMS audited actual; definition='all funds-total operating expenditures by obj'
4827180,TX,TX-145911,2025,actual,11020600.0,1.1321875307131,123377.0,https://tea.texas.gov/finance-and-grants/state-funding/state-funding-reports-and-data/peims-financial-data-downloads,2026-04-08,PEIMS audited actual; definition='all funds-total operating expenditures by obj'
4827210,TX,TX-074909,2025,actual,12537609.0,-4.187220860539914,-547920.0,https://tea.texas.gov/finance-and-grants/state-funding/state-funding-reports-and-data/peims-financial-data-downloads,2026-04-08,PEIMS audited actual; definition='all funds-total operating expenditures by obj'
4827240,TX,TX-110902,2025,actual,32942072.0,-12.828759322985094,-4847997.0,https://tea.texas.gov/finance-and-grants/state-funding/state-funding-reports-and-data/peims-financial-data-downloads,2026-04-08,PEIMS audited actual; definition='all funds-total operating expenditures by obj'
4827270,TX,TX-201904,2025,actual,3767060.0,-1.7606905589276516,-67515.0,https://tea.texas.gov/finance-and-grants/state-funding/state-funding-reports-and-data/peims-financial-data-downloads,2026-04-08,PEIMS audited actual; definition='all funds-total operating expenditures by obj'
4827300,TX,TX-061902,2025,actual,570922542.0,-1.2855545464433171,-7435103.0,https://tea.texas.gov/finance-and-grants/state-funding/state-funding-reports-and-data/peims-financial-data-downloads,2026-04-08,PEIMS audited actual; definition='all funds-total operating expenditures by obj'
4827330,TX,TX-144902,2025,actual,15307781.0,7.65450062450068,1088421.0,https://tea.texas.gov/finance-and-grants/state-funding/state-funding-reports-and-data/peims-financial-data-downloads,2026-04-08,PEIMS audited actual; definition='all funds-total operating expenditures by obj'
4827390,TX,TX-019908,2025,actual,26946231.0,-0.6062868621973273,-164368.0,https://tea.texas.gov/finance-and-grants/state-funding/state-funding-reports-and-data/peims-financial-data-downloads,2026-04-08,PEIMS audited actual; definition='all funds-total operating expenditures by obj'
4827420,TX,TX-246908,2025,actual,104392789.0,9.786296623710932,9305522.0,https://tea.texas.gov/finance-and-grants/state-funding/state-funding-reports-and-data/peims-financial-data-downloads,2026-04-08,PEIMS audited actual; definition='all funds-total operating expenditures by obj'
4827450,TX,TX-146906,2025,actual,32297332.0,7.794186876825957,2335297.0,https://tea.texas.gov/finance-and-grants/state-funding/state-funding-reports-and-data/peims-financial-data-downloads,2026-04-08,PEIMS audited actual; definition='all funds-total operating expenditures by obj'
4827510,TX,TX-212903,2025,actual,54568427.0,4.099359015997864,2148866.0,https://tea.texas.gov/finance-and-grants/state-funding/state-funding-reports-and-data/peims-financial-data-downloads,2026-04-08,PEIMS audited actual; definition='all funds-total operating expenditures by obj'
4827540,TX,TX-034905,2025,actual,9902990.0,-2.0642867562161746,-208735.0,https://tea.texas.gov/finance-and-grants/state-funding/state-funding-reports-and-data/peims-financial-data-downloads,2026-04-08,PEIMS audited actual; definition='all funds-total operating expenditures by obj'
4827570,TX,TX-049907,2025,actual,6539549.0,-0.8531161937585007,-56270.0,https://tea.texas.gov/finance-and-grants/state-funding/state-funding-reports-and-data/peims-financial-data-downloads,2026-04-08,PEIMS audited actual; definition='all funds-total operating expenditures by obj'
4827600,TX,TX-072909,2025,actual,4387146.0,7.81072144032493,317842.0,https://tea.texas.gov/finance-and-grants/state-funding/state-funding-reports-and-data/peims-financial-data-downloads,2026-04-08,PEIMS audited actual; definition='all funds-total operating expenditures by obj'
4827630,TX,TX-111902,2025,actual,6594524.0,-5.5053856503977086,-384206.0,https://tea.texas.gov/finance-and-grants/state-funding/state-funding-reports-and-data/peims-financial-data-downloads,2026-04-08,PEIMS audited actual; definition='all funds-total operating expenditures by obj'
4827690,TX,TX-181908,2025,actual,41263779.0,0.8514174289995032,348361.0,https://tea.texas.gov/finance-and-grants/state-funding/state-funding-reports-and-data/peims-financial-data-downloads,2026-04-08,PEIMS audited actual; definition='all funds-total operating expenditures by obj'
4827720,TX,TX-061914,2025,actual,96905789.0,-2.7536289244368986,-2743985.0,https://tea.texas.gov/finance-and-grants/state-funding/state-funding-reports-and-data/peims-financial-data-downloads,2026-04-08,PEIMS audited actual; definition='all funds-total operating expenditures by obj'
4827750,TX,TX-140904,2025,actual,17766504.0,1.1366305391170657,199670.0,https://tea.texas.gov/finance-and-grants/state-funding/state-funding-reports-and-data/peims-financial-data-downloads,2026-04-08,PEIMS audited actual; definition='all funds-total operating expenditures by obj'
4827780,TX,TX-187907,2025,actual,52750181.0,3.075798633921099,1574074.0,https://tea.texas.gov/finance-and-grants/state-funding/state-funding-reports-and-data/peims-financial-data-downloads,2026-04-08,PEIMS audited actual; definition='all funds-total operating expenditures by obj'
4827810,TX,TX-150901,2025,actual,28356839.0,5.74055876914412,1539467.0,https://tea.texas.gov/finance-and-grants/state-funding/state-funding-reports-and-data/peims-financial-data-downloads,2026-04-08,PEIMS audited actual; definition='all funds-total operating expenditures by obj'
4827870,TX,TX-028902,2025,actual,79598946.0,1.8593414941832043,1453000.0,https://tea.texas.gov/finance-and-grants/state-funding/state-funding-reports-and-data/peims-financial-data-downloads,2026-04-08,PEIMS audited actual; definition='all funds-total operating expenditures by obj'
4827890,TX,TX-077902,2025,actual,7724687.0,4.19016547957001,310660.0,https://tea.texas.gov/finance-and-grants/state-funding/state-funding-reports-and-data/peims-financial-data-downloads,2026-04-08,PEIMS audited actual; definition='all funds-total operating expenditures by obj'
4827930,TX,TX-160905,2025,actual,2977880.0,6.051406021241763,169921.0,https://tea.texas.gov/finance-and-grants/state-funding/state-funding-reports-and-data/peims-financial-data-downloads,2026-04-08,PEIMS audited actual; definition='all funds-total operating expenditures by obj'
4827960,TX,TX-141902,2025,actual,5026249.0,-3.328463452622331,-173057.0,https://tea.texas.gov/finance-and-grants/state-funding/state-funding-reports-and-data/peims-financial-data-downloads,2026-04-08,PEIMS audited actual; definition='all funds-total operating expenditures by obj'
4827990,TX,TX-178906,2025,actual,18179875.0,10.029999419584735,1657222.0,https://tea.texas.gov/finance-and-grants/state-funding/state-funding-reports-and-data/peims-financial-data-downloads,2026-04-08,PEIMS audited actual; definition='all funds-total operating expenditures by obj'
4828020,TX,TX-116906,2025,actual,14738844.0,-0.5303618778695091,-78586.0,https://tea.texas.gov/finance-and-grants/state-funding/state-funding-reports-and-data/peims-financial-data-downloads,2026-04-08,PEIMS audited actual; definition='all funds-total operating expenditures by obj'
4828110,TX,TX-092903,2025,actual,120043487.0,-0.22893403530539805,-275451.0,https://tea.texas.gov/finance-and-grants/state-funding/state-funding-reports-and-data/peims-financial-data-downloads,2026-04-08,PEIMS audited actual; definition='all funds-total operating expenditures by obj'
4828140,TX,TX-083902,2025,actual,3546770.0,2.7670973293888914,95500.0,https://tea.texas.gov/finance-and-grants/state-funding/state-funding-reports-and-data/peims-financial-data-downloads,2026-04-08,PEIMS audited actual; definition='all funds-total operating expenditures by obj'
4828170,TX,TX-168902,2025,actual,2988618.0,-2.81005571331383,-86410.0,https://tea.texas.gov/finance-and-grants/state-funding/state-funding-reports-and-data/peims-financial-data-downloads,2026-04-08,PEIMS audited actual; definition='all funds-total operating expenditures by obj'
4828200,TX,TX-161907,2025,actual,22778079.0,3.7684849215957965,827215.0,https://tea.texas.gov/finance-and-grants/state-funding/state-funding-reports-and-data/peims-financial-data-downloads,2026-04-08,PEIMS audited actual; definition='all funds-total operating expenditures by obj'
4828230,TX,TX-054902,2025,actual,5833242.0,2.241131480005616,127865.0,https://tea.texas.gov/finance-and-grants/state-funding/state-funding-reports-and-data/peims-financial-data-downloads,2026-04-08,PEIMS audited actual; definition='all funds-total operating expenditures by obj'
4828290,TX,TX-031906,2025,actual,135941959.0,-3.493568379877008,-4921149.0,https://tea.texas.gov/finance-and-grants/state-funding/state-funding-reports-and-data/peims-financial-data-downloads,2026-04-08,PEIMS audited actual; definition='all funds-total operating expenditures by obj'
4828350,TX,TX-241906,2025,actual,8456350.0,-2.4505403411921076,-212432.0,https://tea.texas.gov/finance-and-grants/state-funding/state-funding-reports-and-data/peims-financial-data-downloads,2026-04-08,PEIMS audited actual; definition='all funds-total operating expenditures by obj'
4828380,TX,TX-043919,2025,actual,46404729.0,1.221560839693864,560021.0,https://tea.texas.gov/finance-and-grants/state-funding/state-funding-reports-and-data/peims-financial-data-downloads,2026-04-08,PEIMS audited actual; definition='all funds-total operating expenditures by obj'
4828410,TX,TX-113903,2025,actual,7993363.0,3.2074057021148357,248412.0,https://tea.texas.gov/finance-and-grants/state-funding/state-funding-reports-and-data/peims-financial-data-downloads,2026-04-08,PEIMS audited actual; definition='all funds-total operating expenditures by obj'
4828500,TX,TX-152901,2025,actual,315179140.0,-6.639459667837351,-22414386.0,https://tea.texas.gov/finance-and-grants/state-funding/state-funding-reports-and-data/peims-financial-data-downloads,2026-04-08,PEIMS audited actual; definition='all funds-total operating expenditures by obj'
4828530,TX,TX-127905,2025,actual,2558332.0,-0.9903932895833196,-25591.0,https://tea.texas.gov/finance-and-grants/state-funding/state-funding-reports-and-data/peims-financial-data-downloads,2026-04-08,PEIMS audited actual; definition='all funds-total operating expenditures by obj'
4828550,TX,TX-003903,2025,actual,89397044.0,-4.480750984772981,-4193562.0,https://tea.texas.gov/finance-and-grants/state-funding/state-funding-reports-and-data/peims-financial-data-downloads,2026-04-08,PEIMS audited actual; definition='all funds-total operating expenditures by obj'
4828590,TX,TX-028903,2025,actual,17215802.0,2.3625593217355982,397346.0,https://tea.texas.gov/finance-and-grants/state-funding/state-funding-reports-and-data/peims-financial-data-downloads,2026-04-08,PEIMS audited actual; definition='all funds-total operating expenditures by obj'
4828620,TX,TX-245902,2025,actual,24086268.0,2.309181652038307,543642.0,https://tea.texas.gov/finance-and-grants/state-funding/state-funding-reports-and-data/peims-financial-data-downloads,2026-04-08,PEIMS audited actual; definition='all funds-total operating expenditures by obj'
4828650,TX,TX-007904,2025,actual,23670372.0,-1.2160542464326494,-291388.0,https://tea.texas.gov/finance-and-grants/state-funding/state-funding-reports-and-data/peims-financial-data-downloads,2026-04-08,PEIMS audited actual; definition='all funds-total operating expenditures by obj'
4828680,TX,TX-129905,2025,actual,49976435.0,4.816293615617861,2296410.0,https://tea.texas.gov/finance-and-grants/state-funding/state-funding-reports-and-data/peims-financial-data-downloads,2026-04-08,PEIMS audited actual; definition='all funds-total operating expenditures by obj'
4828710,TX,TX-154901,2025,actual,30115967.0,1.2527503200126335,372610.0,https://tea.texas.gov/finance-and-grants/state-funding/state-funding-reports-and-data/peims-financial-data-downloads,2026-04-08,PEIMS audited actual; definition='all funds-total operating expenditures by obj'
4828740,TX,TX-170906,2025,actual,160079378.0,1.503590551287748,2371284.0,https://tea.texas.gov/finance-and-grants/state-funding/state-funding-reports-and-data/peims-financial-data-downloads,2026-04-08,PEIMS audited actual; definition='all funds-total operating expenditures by obj'
4828780,TX,TX-107906,2025,actual,24304247.0,14.30879041373633,3042324.0,https://tea.texas.gov/finance-and-grants/state-funding/state-funding-reports-and-data/peims-financial-data-downloads,2026-04-08,PEIMS audited actual; definition='all funds-total operating expenditures by obj'
4828890,TX,TX-227907,2025,actual,134404503.0,1.2623435056663987,1675496.0,https://tea.texas.gov/finance-and-grants/state-funding/state-funding-reports-and-data/peims-financial-data-downloads,2026-04-08,PEIMS audited actual; definition='all funds-total operating expenditures by obj'
4828920,TX,TX-220908,2025,actual,429099075.0,2.850835231957213,11893834.0,https://tea.texas.gov/finance-and-grants/state-funding/state-funding-reports-and-data/peims-financial-data-downloads,2026-04-08,PEIMS audited actual; definition='all funds-total operating expenditures by obj'
4828980,TX,TX-022902,2025,actual,1903811.0,8.118924450648523,142962.0,https://tea.texas.gov/finance-and-grants/state-funding/state-funding-reports-and-data/peims-financial-data-downloads,2026-04-08,PEIMS audited actual; definition='all funds-total operating expenditures by obj'
4829010,TX,TX-027904,2025,actual,56770974.0,1.5442873598580515,863374.0,https://tea.texas.gov/finance-and-grants/state-funding/state-funding-reports-and-data/peims-financial-data-downloads,2026-04-08,PEIMS audited actual; definition='all funds-total operating expenditures by obj'
4829040,TX,TX-189901,2025,actual,4765725.0,4.545605112895367,207212.0,https://tea.texas.gov/finance-and-grants/state-funding/state-funding-reports-and-data/peims-financial-data-downloads,2026-04-08,PEIMS audited actual; definition='all funds-total operating expenditures by obj'
4829100,TX,TX-094904,2025,actual,21214134.0,7.488959954357761,1478029.0,https://tea.texas.gov/finance-and-grants/state-funding/state-funding-reports-and-data/peims-financial-data-downloads,2026-04-08,PEIMS audited actual; definition='all funds-total operating expenditures by obj'
4829130,TX,TX-073903,2025,actual,16573775.0,3.314364058231344,531693.0,https://tea.texas.gov/finance-and-grants/state-funding/state-funding-reports-and-data/peims-financial-data-downloads,2026-04-08,PEIMS audited actual; definition='all funds-total operating expenditures by obj'
4829160,TX,TX-102902,2025,actual,59215864.0,4.0777348009705605,2320060.0,https://tea.texas.gov/finance-and-grants/state-funding/state-funding-reports-and-data/peims-financial-data-downloads,2026-04-08,PEIMS audited actual; definition='all funds-total operating expenditures by obj'
4829190,TX,TX-161908,2025,actual,8816800.0,3.3064193911614006,282190.0,https://tea.texas.gov/finance-and-grants/state-funding/state-funding-reports-and-data/peims-financial-data-downloads,2026-04-08,PEIMS audited actual; definition='all funds-total operating expenditures by obj'
4829220,TX,TX-234905,2025,actual,7408539.0,6.072874551893323,424153.0,https://tea.texas.gov/finance-and-grants/state-funding/state-funding-reports-and-data/peims-financial-data-downloads,2026-04-08,PEIMS audited actual; definition='all funds-total operating expenditures by obj'
4829250,TX,TX-174909,2025,actual,5490172.0,2.7999853949951645,149537.0,https://tea.texas.gov/finance-and-grants/state-funding/state-funding-reports-and-data/peims-financial-data-downloads,2026-04-08,PEIMS audited actual; definition='all funds-total operating expenditures by obj'
4829280,TX,TX-157901,2025,actual,10794834.0,2.187683085136665,231101.0,https://tea.texas.gov/finance-and-grants/state-funding/state-funding-reports-and-data/peims-financial-data-downloads,2026-04-08,PEIMS audited actual; definition='all funds-total operating expenditures by obj'
4829370,TX,TX-158904,2025,actual,2735567.0,16.754587909719394,392561.0,https://tea.texas.gov/finance-and-grants/state-funding/state-funding-reports-and-data/peims-financial-data-downloads,2026-04-08,PEIMS audited actual; definition='all funds-total operating expenditures by obj'
4829400,TX,TX-205904,2025,actual,24883330.0,-4.61552320277222,-1204070.0,https://tea.texas.gov/finance-and-grants/state-funding/state-funding-reports-and-data/peims-financial-data-downloads,2026-04-08,PEIMS audited actual; definition='all funds-total operating expenditures by obj'
4829460,TX,TX-019903,2025,actual,7068910.0,6.168372356101274,410703.0,https://tea.texas.gov/finance-and-grants/state-funding/state-funding-reports-and-data/peims-financial-data-downloads,2026-04-08,PEIMS audited actual; definition='all funds-total operating expenditures by obj'
4829520,TX,TX-025905,2025,actual,4045664.0,3.549965088017102,138696.0,https://tea.texas.gov/finance-and-grants/state-funding/state-funding-reports-and-data/peims-financial-data-downloads,2026-04-08,PEIMS audited actual; definition='all funds-total operating expenditures by obj'
4829580,TX,TX-070915,2025,actual,15310694.0,1.6824798668185925,253337.0,https://tea.texas.gov/finance-and-grants/state-funding/state-funding-reports-and-data/peims-financial-data-downloads,2026-04-08,PEIMS audited actual; definition='all funds-total operating expenditures by obj'
4829670,TX,TX-108906,2025,actual,273329466.0,-2.5929703590289432,-7276017.0,https://tea.texas.gov/finance-and-grants/state-funding/state-funding-reports-and-data/peims-financial-data-downloads,2026-04-08,PEIMS audited actual; definition='all funds-total operating expenditures by obj'
4829700,TX,TX-231901,2025,actual,10015438.0,1.690682149643961,166514.0,https://tea.texas.gov/finance-and-grants/state-funding/state-funding-reports-and-data/peims-financial-data-downloads,2026-04-08,PEIMS audited actual; definition='all funds-total operating expenditures by obj'
4829760,TX,TX-011905,2025,actual,6546325.0,5.208916760349811,324110.0,https://tea.texas.gov/finance-and-grants/state-funding/state-funding-reports-and-data/peims-financial-data-downloads,2026-04-08,PEIMS audited actual; definition='all funds-total operating expenditures by obj'
4829820,TX,TX-161909,2025,actual,20842077.0,-2.857875145751101,-613164.0,https://tea.texas.gov/finance-and-grants/state-funding/state-funding-reports-and-data/peims-financial-data-downloads,2026-04-08,PEIMS audited actual; definition='all funds-total operating expenditures by obj'
4829850,TX,TX-043907,2025,actual,293907345.0,2.6382834449532564,7554792.0,https://tea.texas.gov/finance-and-grants/state-funding/state-funding-reports-and-data/peims-financial-data-downloads,2026-04-08,PEIMS audited actual; definition='all funds-total operating expenditures by obj'
4829880,TX,TX-090903,2025,actual,3561450.0,3.7270317051227577,127967.0,https://tea.texas.gov/finance-and-grants/state-funding/state-funding-reports-and-data/peims-financial-data-downloads,2026-04-08,PEIMS audited actual; definition='all funds-total operating expenditures by obj'
4829910,TX,TX-034906,2025,actual,5313763.0,1.765267577602829,92175.0,https://tea.texas.gov/finance-and-grants/state-funding/state-funding-reports-and-data/peims-financial-data-downloads,2026-04-08,PEIMS audited actual; definition='all funds-total operating expenditures by obj'
4829940,TX,TX-162904,2025,actual,8110781.0,9.32437705595292,691776.0,https://tea.texas.gov/finance-and-grants/state-funding/state-funding-reports-and-data/peims-financial-data-downloads,2026-04-08,PEIMS audited actual; definition='all funds-total operating expenditures by obj'
4830000,TX,TX-223902,2025,actual,4748889.0,-4.122312020625592,-204181.0,https://tea.texas.gov/finance-and-grants/state-funding/state-funding-reports-and-data/peims-financial-data-downloads,2026-04-08,PEIMS audited actual; definition='all funds-total operating expenditures by obj'
4830030,TX,TX-010901,2025,actual,5026253.0,7.389137406949946,345842.0,https://tea.texas.gov/finance-and-grants/state-funding/state-funding-reports-and-data/peims-financial-data-downloads,2026-04-08,PEIMS audited actual; definition='all funds-total operating expenditures by obj'
4830060,TX,TX-163908,2025,actual,103643471.0,7.752021083257876,7456439.0,https://tea.texas.gov/finance-and-grants/state-funding/state-funding-reports-and-data/peims-financial-data-downloads,2026-04-08,PEIMS audited actual; definition='all funds-total operating expenditures by obj'
4830120,TX,TX-043908,2025,actual,92254881.0,23.11044933163437,17318203.0,https://tea.texas.gov/finance-and-grants/state-funding/state-funding-reports-and-data/peims-financial-data-downloads,2026-04-08,PEIMS audited actual; definition='all funds-total operating expenditures by obj'
4830180,TX,TX-096904,2025,actual,8542367.0,0.07315968539343744,6245.0,https://tea.texas.gov/finance-and-grants/state-funding/state-funding-reports-and-data/peims-financial-data-downloads,2026-04-08,PEIMS audited actual; definition='all funds-total operating expenditures by obj'
4830210,TX,TX-164901,2025,actual,6243617.0,2.202648003226685,134561.0,https://tea.texas.gov/finance-and-grants/state-funding/state-funding-reports-and-data/peims-financial-data-downloads,2026-04-08,PEIMS audited actual; definition='all funds-total operating expenditures by obj'
4830250,TX,TX-108907,2025,actual,64576300.0,-5.4588173136872,-3728642.0,https://tea.texas.gov/finance-and-grants/state-funding/state-funding-reports-and-data/peims-financial-data-downloads,2026-04-08,PEIMS audited actual; definition='all funds-total operating expenditures by obj'
4830300,TX,TX-018902,2025,actual,7690860.0,9.219525585824806,649207.0,https://tea.texas.gov/finance-and-grants/state-funding/state-funding-reports-and-data/peims-financial-data-downloads,2026-04-08,PEIMS audited actual; definition='all funds-total operating expenditures by obj'
4830340,TX,TX-221904,2025,actual,14604241.0,1.502834338556686,216228.0,https://tea.texas.gov/finance-and-grants/state-funding/state-funding-reports-and-data/peims-financial-data-downloads,2026-04-08,PEIMS audited actual; definition='all funds-total operating expenditures by obj'
4830360,TX,TX-118902,2025,actual,6879365.0,3.379328357042646,224877.0,https://tea.texas.gov/finance-and-grants/state-funding/state-funding-reports-and-data/peims-financial-data-downloads,2026-04-08,PEIMS audited actual; definition='all funds-total operating expenditures by obj'
4830390,TX,TX-057914,2025,actual,515426142.0,1.5510045565460935,7872185.0,https://tea.texas.gov/finance-and-grants/state-funding/state-funding-reports-and-data/peims-financial-data-downloads,2026-04-08,PEIMS audited actual; definition='all funds-total operating expenditures by obj'
4830420,TX,TX-147903,2025,actual,27861308.0,0.18694091811878472,51987.0,https://tea.texas.gov/finance-and-grants/state-funding/state-funding-reports-and-data/peims-financial-data-downloads,2026-04-08,PEIMS audited actual; definition='all funds-total operating expenditures by obj'
4830480,TX,TX-197902,2025,actual,3445354.0,-2.868099128073507,-101734.0,https://tea.texas.gov/finance-and-grants/state-funding/state-funding-reports-and-data/peims-financial-data-downloads,2026-04-08,PEIMS audited actual; definition='all funds-total operating expenditures by obj'
4830570,TX,TX-165901,2025,actual,342020069.0,-4.500047490289007,-16116307.0,https://tea.texas.gov/finance-and-grants/state-funding/state-funding-reports-and-data/peims-financial-data-downloads,2026-04-08,PEIMS audited actual; definition='all funds-total operating expenditures by obj'
4830600,TX,TX-070908,2025,actual,117750194.0,0.2549178234142331,299403.0,https://tea.texas.gov/finance-and-grants/state-funding/state-funding-reports-and-data/peims-financial-data-downloads,2026-04-08,PEIMS audited actual; definition='all funds-total operating expenditures by obj'
4830640,TX,TX-161903,2025,actual,100594905.0,3.2859035364297156,3200293.0,https://tea.texas.gov/finance-and-grants/state-funding/state-funding-reports-and-data/peims-financial-data-downloads,2026-04-08,PEIMS audited actual; definition='all funds-total operating expenditures by obj'
4830660,TX,TX-039905,2025,actual,3046388.0,6.291954416817251,180331.0,https://tea.texas.gov/finance-and-grants/state-funding/state-funding-reports-and-data/peims-financial-data-downloads,2026-04-08,PEIMS audited actual; definition='all funds-total operating expenditures by obj'
4830690,TX,TX-166903,2025,actual,7129475.0,3.3969936379336247,234231.0,https://tea.texas.gov/finance-and-grants/state-funding/state-funding-reports-and-data/peims-financial-data-downloads,2026-04-08,PEIMS audited actual; definition='all funds-total operating expenditures by obj'
4830720,TX,TX-175910,2025,actual,11278866.0,10.386592552755758,1061261.0,https://tea.texas.gov/finance-and-grants/state-funding/state-funding-reports-and-data/peims-financial-data-downloads,2026-04-08,PEIMS audited actual; definition='all funds-total operating expenditures by obj'
4830750,TX,TX-200902,2025,actual,6909159.0,1.9072996780015832,129312.0,https://tea.texas.gov/finance-and-grants/state-funding/state-funding-reports-and-data/peims-financial-data-downloads,2026-04-08,PEIMS audited actual; definition='all funds-total operating expenditures by obj'
4830780,TX,TX-070909,2025,actual,4149287.0,5.754599522620718,225782.0,https://tea.texas.gov/finance-and-grants/state-funding/state-funding-reports-and-data/peims-financial-data-downloads,2026-04-08,PEIMS audited actual; definition='all funds-total operating expenditures by obj'
4830810,TX,TX-112907,2025,actual,4345812.0,-8.141496960992267,-385173.0,https://tea.texas.gov/finance-and-grants/state-funding/state-funding-reports-and-data/peims-financial-data-downloads,2026-04-08,PEIMS audited actual; definition='all funds-total operating expenditures by obj'
4830870,TX,TX-184904,2025,actual,14118368.0,0.6045951971287037,84846.0,https://tea.texas.gov/finance-and-grants/state-funding/state-funding-reports-and-data/peims-financial-data-downloads,2026-04-08,PEIMS audited actual; definition='all funds-total operating expenditures by obj'
4830930,TX,TX-250903,2025,actual,26965657.0,2.7717276968107813,727257.0,https://tea.texas.gov/finance-and-grants/state-funding/state-funding-reports-and-data/peims-financial-data-downloads,2026-04-08,PEIMS audited actual; definition='all funds-total operating expenditures by obj'
4830950,TX,TX-182903,2025,actual,40615185.0,-2.293721129387543,-953469.0,https://tea.texas.gov/finance-and-grants/state-funding/state-funding-reports-and-data/peims-financial-data-downloads,2026-04-08,PEIMS audited actual; definition='all funds-total operating expenditures by obj'
4831040,TX,TX-108908,2025,actual,216708340.0,-1.7415439304290161,-3840963.0,https://tea.texas.gov/finance-and-grants/state-funding/state-funding-reports-and-data/peims-financial-data-downloads,2026-04-08,PEIMS audited actual; definition='all funds-total operating expenditures by obj'
4831170,TX,TX-238902,2025,actual,31062964.0,3.1996582310934154,963093.0,https://tea.texas.gov/finance-and-grants/state-funding/state-funding-reports-and-data/peims-financial-data-downloads,2026-04-08,PEIMS audited actual; definition='all funds-total operating expenditures by obj'
4831230,TX,TX-108915,2025,actual,14278686.0,7.651848121833901,1014923.0,https://tea.texas.gov/finance-and-grants/state-funding/state-funding-reports-and-data/peims-financial-data-downloads,2026-04-08,PEIMS audited actual; definition='all funds-total operating expenditures by obj'
4831260,TX,TX-170903,2025,actual,109423016.0,6.961964525305192,7122150.0,https://tea.texas.gov/finance-and-grants/state-funding/state-funding-reports-and-data/peims-financial-data-downloads,2026-04-08,PEIMS audited actual; definition='all funds-total operating expenditures by obj'
4831290,TX,TX-161910,2025,actual,11940382.0,3.1978468466763275,370003.0,https://tea.texas.gov/finance-and-grants/state-funding/state-funding-reports-and-data/peims-financial-data-downloads,2026-04-08,PEIMS audited actual; definition='all funds-total operating expenditures by obj'
4831320,TX,TX-209902,2025,actual,3184466.0,6.322704288177837,189371.0,https://tea.texas.gov/finance-and-grants/state-funding/state-funding-reports-and-data/peims-financial-data-downloads,2026-04-08,PEIMS audited actual; definition='all funds-total operating expenditures by obj'
4831380,TX,TX-018903,2025,actual,3072748.0,19.395629054412424,499163.0,https://tea.texas.gov/finance-and-grants/state-funding/state-funding-reports-and-data/peims-financial-data-downloads,2026-04-08,PEIMS audited actual; definition='all funds-total operating expenditures by obj'
4831470,TX,TX-040901,2025,actual,6016274.0,-6.340765224614693,-407304.0,https://tea.texas.gov/finance-and-grants/state-funding/state-funding-reports-and-data/peims-financial-data-downloads,2026-04-08,PEIMS audited actual; definition='all funds-total operating expenditures by obj'
4831500,TX,TX-173901,2025,actual,3709970.0,0.012535365230670939,465.0,https://tea.texas.gov/finance-and-grants/state-funding/state-funding-reports-and-data/peims-financial-data-downloads,2026-04-08,PEIMS audited actual; definition='all funds-total operating expenditures by obj'
4831560,TX,TX-143902,2025,actual,5033423.0,-5.128099287267123,-272071.0,https://tea.texas.gov/finance-and-grants/state-funding/state-funding-reports-and-data/peims-financial-data-downloads,2026-04-08,PEIMS audited actual; definition='all funds-total operating expenditures by obj'
4831620,TX,TX-109910,2025,actual,4015151.0,7.281823962892306,272531.0,https://tea.texas.gov/finance-and-grants/state-funding/state-funding-reports-and-data/peims-financial-data-downloads,2026-04-08,PEIMS audited actual; definition='all funds-total operating expenditures by obj'
4831650,TX,TX-201907,2025,actual,7186102.0,3.3200549920591627,230916.0,https://tea.texas.gov/finance-and-grants/state-funding/state-funding-reports-and-data/peims-financial-data-downloads,2026-04-08,PEIMS audited actual; definition='all funds-total operating expenditures by obj'
4831760,TX,TX-225902,2025,actual,67918712.0,-0.8307104028659418,-568934.0,https://tea.texas.gov/finance-and-grants/state-funding/state-funding-reports-and-data/peims-financial-data-downloads,2026-04-08,PEIMS audited actual; definition='all funds-total operating expenditures by obj'
4831770,TX,TX-080901,2025,actual,20817704.0,2.3199654413310413,472013.0,https://tea.texas.gov/finance-and-grants/state-funding/state-funding-reports-and-data/peims-financial-data-downloads,2026-04-08,PEIMS audited actual; definition='all funds-total operating expenditures by obj'
4831860,TX,TX-049902,2025,actual,8117141.0,10.047052194774883,741077.0,https://tea.texas.gov/finance-and-grants/state-funding/state-funding-reports-and-data/peims-financial-data-downloads,2026-04-08,PEIMS audited actual; definition='all funds-total operating expenditures by obj'
4831890,TX,TX-009901,2025,actual,18459021.0,-4.784728311044248,-927597.0,https://tea.texas.gov/finance-and-grants/state-funding/state-funding-reports-and-data/peims-financial-data-downloads,2026-04-08,PEIMS audited actual; definition='all funds-total operating expenditures by obj'
4831920,TX,TX-167902,2025,actual,4455990.0,-23.098469041714342,-1338420.0,https://tea.texas.gov/finance-and-grants/state-funding/state-funding-reports-and-data/peims-financial-data-downloads,2026-04-08,PEIMS audited actual; definition='all funds-total operating expenditures by obj'
4831950,TX,TX-198906,2025,actual,6890216.0,9.211589950439464,581164.0,https://tea.texas.gov/finance-and-grants/state-funding/state-funding-reports-and-data/peims-financial-data-downloads,2026-04-08,PEIMS audited actual; definition='all funds-total operating expenditures by obj'
4831970,TX,TX-138903,2025,actual,6730939.0,4.172525876219446,269601.0,https://tea.texas.gov/finance-and-grants/state-funding/state-funding-reports-and-data/peims-financial-data-downloads,2026-04-08,PEIMS audited actual; definition='all funds-total operating expenditures by obj'
4832090,TX,TX-174904,2025,actual,76015331.0,0.04803311279999078,36495.0,https://tea.texas.gov/finance-and-grants/state-funding/state-funding-reports-and-data/peims-financial-data-downloads,2026-04-08,PEIMS audited actual; definition='all funds-total operating expenditures by obj'
4832130,TX,TX-163903,2025,actual,19218014.0,2.983055446834032,556678.0,https://tea.texas.gov/finance-and-grants/state-funding/state-funding-reports-and-data/peims-financial-data-downloads,2026-04-08,PEIMS audited actual; definition='all funds-total operating expenditures by obj'
4832160,TX,TX-094903,2025,actual,32245714.0,8.48912564007419,2523183.0,https://tea.texas.gov/finance-and-grants/state-funding/state-funding-reports-and-data/peims-financial-data-downloads,2026-04-08,PEIMS audited actual; definition='all funds-total operating expenditures by obj'
4832190,TX,TX-093904,2025,actual,42381086.0,2.283578032116317,946198.0,https://tea.texas.gov/finance-and-grants/state-funding/state-funding-reports-and-data/peims-financial-data-downloads,2026-04-08,PEIMS audited actual; definition='all funds-total operating expenditures by obj'
4832220,TX,TX-035903,2025,actual,3886384.0,0.07315484854937875,2841.0,https://tea.texas.gov/finance-and-grants/state-funding/state-funding-reports-and-data/peims-financial-data-downloads,2026-04-08,PEIMS audited actual; definition='all funds-total operating expenditures by obj'
4832250,TX,TX-001906,2025,actual,5284650.0,2.0399888086481575,105651.0,https://tea.texas.gov/finance-and-grants/state-funding/state-funding-reports-and-data/peims-financial-data-downloads,2026-04-08,PEIMS audited actual; definition='all funds-total operating expenditures by obj'
4832280,TX,TX-123905,2025,actual,62102843.0,1.5813014690813514,966746.0,https://tea.texas.gov/finance-and-grants/state-funding/state-funding-reports-and-data/peims-financial-data-downloads,2026-04-08,PEIMS audited actual; definition='all funds-total operating expenditures by obj'
4832310,TX,TX-079906,2025,actual,43647869.0,0.9504748870484809,410956.0,https://tea.texas.gov/finance-and-grants/state-funding/state-funding-reports-and-data/peims-financial-data-downloads,2026-04-08,PEIMS audited actual; definition='all funds-total operating expenditures by obj'
4832340,TX,TX-019905,2025,actual,19619896.0,3.7302263868677894,705548.0,https://tea.texas.gov/finance-and-grants/state-funding/state-funding-reports-and-data/peims-financial-data-downloads,2026-04-08,PEIMS audited actual; definition='all funds-total operating expenditures by obj'
4832370,TX,TX-046901,2025,actual,114421752.0,9.65548006227094,10075164.0,https://tea.texas.gov/finance-and-grants/state-funding/state-funding-reports-and-data/peims-financial-data-downloads,2026-04-08,PEIMS audited actual; definition='all funds-total operating expenditures by obj'
4832400,TX,TX-170908,2025,actual,244856134.0,3.972422847547801,9355097.0,https://tea.texas.gov/finance-and-grants/state-funding/state-funding-reports-and-data/peims-financial-data-downloads,2026-04-08,PEIMS audited actual; definition='all funds-total operating expenditures by obj'
4832430,TX,TX-152902,2025,actual,10615513.0,3.64671369386652,373497.0,https://tea.texas.gov/finance-and-grants/state-funding/state-funding-reports-and-data/peims-financial-data-downloads,2026-04-08,PEIMS audited actual; definition='all funds-total operating expenditures by obj'
4832460,TX,TX-230906,2025,actual,11807369.0,-10.322842109716236,-1359160.0,https://tea.texas.gov/finance-and-grants/state-funding/state-funding-reports-and-data/peims-financial-data-downloads,2026-04-08,PEIMS audited actual; definition='all funds-total operating expenditures by obj'
4832490,TX,TX-153905,2025,actual,7569805.0,-0.9431579663642978,-72075.0,https://tea.texas.gov/finance-and-grants/state-funding/state-funding-reports-and-data/peims-financial-data-downloads,2026-04-08,PEIMS audited actual; definition='all funds-total operating expenditures by obj'
4832610,TX,TX-037908,2025,actual,8647744.0,1.1060733251180268,94604.0,https://tea.texas.gov/finance-and-grants/state-funding/state-funding-reports-and-data/peims-financial-data-downloads,2026-04-08,PEIMS audited actual; definition='all funds-total operating expenditures by obj'
4832640,TX,TX-236901,2025,actual,15825842.0,1.893148006908664,294040.0,https://tea.texas.gov/finance-and-grants/state-funding/state-funding-reports-and-data/peims-financial-data-downloads,2026-04-08,PEIMS audited actual; definition='all funds-total operating expenditures by obj'
4832700,TX,TX-252902,2025,actual,4040974.0,13.718809088220304,487495.0,https://tea.texas.gov/finance-and-grants/state-funding/state-funding-reports-and-data/peims-financial-data-downloads,2026-04-08,PEIMS audited actual; definition='all funds-total operating expenditures by obj'
4832730,TX,TX-176902,2025,actual,17446951.0,5.419401453942281,896913.0,https://tea.texas.gov/finance-and-grants/state-funding/state-funding-reports-and-data/peims-financial-data-downloads,2026-04-08,PEIMS audited actual; definition='all funds-total operating expenditures by obj'
4832740,TX,TX-089903,2025,actual,17970093.0,3.801908628221843,658183.0,https://tea.texas.gov/finance-and-grants/state-funding/state-funding-reports-and-data/peims-financial-data-downloads,2026-04-08,PEIMS audited actual; definition='all funds-total operating expenditures by obj'
4832790,TX,TX-169902,2025,actual,14201347.0,1.7106247655774565,238846.0,https://tea.texas.gov/finance-and-grants/state-funding/state-funding-reports-and-data/peims-financial-data-downloads,2026-04-08,PEIMS audited actual; definition='all funds-total operating expenditures by obj'
4832880,TX,TX-062902,2025,actual,2967817.0,2.7706145182139945,80010.0,https://tea.texas.gov/finance-and-grants/state-funding/state-funding-reports-and-data/peims-financial-data-downloads,2026-04-08,PEIMS audited actual; definition='all funds-total operating expenditures by obj'
4832910,TX,TX-145906,2025,actual,9724313.0,3.903811076383832,365356.0,https://tea.texas.gov/finance-and-grants/state-funding/state-funding-reports-and-data/peims-financial-data-downloads,2026-04-08,PEIMS audited actual; definition='all funds-total operating expenditures by obj'
4832940,TX,TX-015910,2025,actual,699362052.0,-1.3917520178359937,-9870762.0,https://tea.texas.gov/finance-and-grants/state-funding/state-funding-reports-and-data/peims-financial-data-downloads,2026-04-08,PEIMS audited actual; definition='all funds-total operating expenditures by obj'
4832970,TX,TX-112906,2025,actual,8362557.0,-1.1549865063440041,-97715.0,https://tea.texas.gov/finance-and-grants/state-funding/state-funding-reports-and-data/peims-financial-data-downloads,2026-04-08,PEIMS audited actual; definition='all funds-total operating expenditures by obj'
4833010,TX,TX-139911,2025,actual,28880329.0,-5.571113329394482,-1703881.0,https://tea.texas.gov/finance-and-grants/state-funding/state-funding-reports-and-data/peims-financial-data-downloads,2026-04-08,PEIMS audited actual; definition='all funds-total operating expenditures by obj'
4833030,TX,TX-154903,2025,actual,5862940.0,2.8718976471168287,163677.0,https://tea.texas.gov/finance-and-grants/state-funding/state-funding-reports-and-data/peims-financial-data-downloads,2026-04-08,PEIMS audited actual; definition='all funds-total operating expenditures by obj'
4833090,TX,TX-244905,2025,actual,3481778.0,6.061777461379568,198995.0,https://tea.texas.gov/finance-and-grants/state-funding/state-funding-reports-and-data/peims-financial-data-downloads,2026-04-08,PEIMS audited actual; definition='all funds-total operating expenditures by obj'
4833120,TX,TX-015915,2025,actual,1224460371.0,-3.012590513785747,-38033779.0,https://tea.texas.gov/finance-and-grants/state-funding/state-funding-reports-and-data/peims-financial-data-downloads,2026-04-08,PEIMS audited actual; definition='all funds-total operating expenditures by obj'
4833180,TX,TX-061911,2025,actual,352892391.0,6.828678762333435,22557508.0,https://tea.texas.gov/finance-and-grants/state-funding/state-funding-reports-and-data/peims-financial-data-downloads,2026-04-08,PEIMS audited actual; definition='all funds-total operating expenditures by obj'
4833240,TX,TX-069902,2025,actual,4437674.0,3.472168302220618,148913.0,https://tea.texas.gov/finance-and-grants/state-funding/state-funding-reports-and-data/peims-financial-data-downloads,2026-04-08,PEIMS audited actual; definition='all funds-total operating expenditures by obj'
4833340,TX,TX-145907,2025,actual,3964906.0,-4.011122868917726,-165683.0,https://tea.texas.gov/finance-and-grants/state-funding/state-funding-reports-and-data/peims-financial-data-downloads,2026-04-08,PEIMS audited actual; definition='all funds-total operating expenditures by obj'
4833360,TX,TX-205905,2025,actual,14297950.0,-0.9881826649077431,-142700.0,https://tea.texas.gov/finance-and-grants/state-funding/state-funding-reports-and-data/peims-financial-data-downloads,2026-04-08,PEIMS audited actual; definition='all funds-total operating expenditures by obj'
4833390,TX,TX-153903,2025,actual,5544892.0,-5.472168469776843,-320991.0,https://tea.texas.gov/finance-and-grants/state-funding/state-funding-reports-and-data/peims-financial-data-downloads,2026-04-08,PEIMS audited actual; definition='all funds-total operating expenditures by obj'
4833420,TX,TX-050904,2025,actual,3931936.0,10.88832810844897,386084.0,https://tea.texas.gov/finance-and-grants/state-funding/state-funding-reports-and-data/peims-financial-data-downloads,2026-04-08,PEIMS audited actual; definition='all funds-total operating expenditures by obj'
4833570,TX,TX-200906,2025,actual,2788301.0,-0.46382136255601875,-12993.0,https://tea.texas.gov/finance-and-grants/state-funding/state-funding-reports-and-data/peims-financial-data-downloads,2026-04-08,PEIMS audited actual; definition='all funds-total operating expenditures by obj'
4833630,TX,TX-252903,2025,actual,13707499.0,4.958377290918226,647561.0,https://tea.texas.gov/finance-and-grants/state-funding/state-funding-reports-and-data/peims-financial-data-downloads,2026-04-08,PEIMS audited actual; definition='all funds-total operating expenditures by obj'
4833660,TX,TX-140905,2025,actual,9399831.0,6.345729848026957,560895.0,https://tea.texas.gov/finance-and-grants/state-funding/state-funding-reports-and-data/peims-financial-data-downloads,2026-04-08,PEIMS audited actual; definition='all funds-total operating expenditures by obj'
4833690,TX,TX-187910,2025,actual,17203787.0,1.3616710388904518,231112.0,https://tea.texas.gov/finance-and-grants/state-funding/state-funding-reports-and-data/peims-financial-data-downloads,2026-04-08,PEIMS audited actual; definition='all funds-total operating expenditures by obj'
4833720,TX,TX-125903,2025,actual,21386085.0,-1.4350167556579352,-311362.0,https://tea.texas.gov/finance-and-grants/state-funding/state-funding-reports-and-data/peims-financial-data-downloads,2026-04-08,PEIMS audited actual; definition='all funds-total operating expenditures by obj'
4833780,TX,TX-181905,2025,actual,22591189.0,5.224804992693805,1121737.0,https://tea.texas.gov/finance-and-grants/state-funding/state-funding-reports-and-data/peims-financial-data-downloads,2026-04-08,PEIMS audited actual; definition='all funds-total operating expenditures by obj'
4833840,TX,TX-230903,2025,actual,14461734.0,8.210420237082602,1097278.0,https://tea.texas.gov/finance-and-grants/state-funding/state-funding-reports-and-data/peims-financial-data-downloads,2026-04-08,PEIMS audited actual; definition='all funds-total operating expenditures by obj'
4833870,TX,TX-201908,2025,actual,8015429.0,-2.524000735986492,-207548.0,https://tea.texas.gov/finance-and-grants/state-funding/state-funding-reports-and-data/peims-financial-data-downloads,2026-04-08,PEIMS audited actual; definition='all funds-total operating expenditures by obj'
4833900,TX,TX-051901,2025,actual,3262028.0,-4.333687802034021,-147770.0,https://tea.texas.gov/finance-and-grants/state-funding/state-funding-reports-and-data/peims-financial-data-downloads,2026-04-08,PEIMS audited actual; definition='all funds-total operating expenditures by obj'
4833960,TX,TX-104907,2025,actual,2980772.0,0.6708752855542962,19864.0,https://tea.texas.gov/finance-and-grants/state-funding/state-funding-reports-and-data/peims-financial-data-downloads,2026-04-08,PEIMS audited actual; definition='all funds-total operating expenditures by obj'
4833980,TX,TX-048903,2025,actual,7963457.0,17.063697048364833,1160787.0,https://tea.texas.gov/finance-and-grants/state-funding/state-funding-reports-and-data/peims-financial-data-downloads,2026-04-08,PEIMS audited actual; definition='all funds-total operating expenditures by obj'
4834020,TX,TX-158905,2025,actual,21150126.0,-0.20617328955579603,-43696.0,https://tea.texas.gov/finance-and-grants/state-funding/state-funding-reports-and-data/peims-financial-data-downloads,2026-04-08,PEIMS audited actual; definition='all funds-total operating expenditures by obj'
4834050,TX,TX-001907,2025,actual,48126720.0,-1.5369708555758055,-751240.0,https://tea.texas.gov/finance-and-grants/state-funding/state-funding-reports-and-data/peims-financial-data-downloads,2026-04-08,PEIMS audited actual; definition='all funds-total operating expenditures by obj'
4834110,TX,TX-070910,2025,actual,17154573.0,1.623444576108317,274046.0,https://tea.texas.gov/finance-and-grants/state-funding/state-funding-reports-and-data/peims-financial-data-downloads,2026-04-08,PEIMS audited actual; definition='all funds-total operating expenditures by obj'
4834170,TX,TX-090904,2025,actual,35196498.0,-2.229622521847256,-802645.0,https://tea.texas.gov/finance-and-grants/state-funding/state-funding-reports-and-data/peims-financial-data-downloads,2026-04-08,PEIMS audited actual; definition='all funds-total operating expenditures by obj'
4834230,TX,TX-033902,2025,actual,9232392.0,-2.63141353526192,-249508.0,https://tea.texas.gov/finance-and-grants/state-funding/state-funding-reports-and-data/peims-financial-data-downloads,2026-04-08,PEIMS audited actual; definition='all funds-total operating expenditures by obj'
4834260,TX,TX-249906,2025,actual,14443301.0,-1.573529984999527,-230903.0,https://tea.texas.gov/finance-and-grants/state-funding/state-funding-reports-and-data/peims-financial-data-downloads,2026-04-08,PEIMS audited actual; definition='all funds-total operating expenditures by obj'
4834290,TX,TX-139909,2025,actual,49444451.0,-5.2980402117279315,-2766138.0,https://tea.texas.gov/finance-and-grants/state-funding/state-funding-reports-and-data/peims-financial-data-downloads,2026-04-08,PEIMS audited actual; definition='all funds-total operating expenditures by obj'
4834320,TX,TX-101917,2025,actual,663371926.0,-0.4967540049546494,-3311778.0,https://tea.texas.gov/finance-and-grants/state-funding/state-funding-reports-and-data/peims-financial-data-downloads,2026-04-08,PEIMS audited actual; definition='all funds-total operating expenditures by obj'
4834380,TX,TX-063906,2025,actual,2128647.0,-6.8901353225726725,-157520.0,https://tea.texas.gov/finance-and-grants/state-funding/state-funding-reports-and-data/peims-financial-data-downloads,2026-04-08,PEIMS audited actual; definition='all funds-total operating expenditures by obj'
4834410,TX,TX-013902,2025,actual,10543586.0,-10.001639734811945,-1171723.0,https://tea.texas.gov/finance-and-grants/state-funding/state-funding-reports-and-data/peims-financial-data-downloads,2026-04-08,PEIMS audited actual; definition='all funds-total operating expenditures by obj'
4834440,TX,TX-020908,2025,actual,227493090.0,2.851734364393234,6307622.0,https://tea.texas.gov/finance-and-grants/state-funding/state-funding-reports-and-data/peims-financial-data-downloads,2026-04-08,PEIMS audited actual; definition='all funds-total operating expenditures by obj'
4834470,TX,TX-082903,2025,actual,29950014.0,6.1897008093282375,1745759.0,https://tea.texas.gov/finance-and-grants/state-funding/state-funding-reports-and-data/peims-financial-data-downloads,2026-04-08,PEIMS audited actual; definition='all funds-total operating expenditures by obj'
4834500,TX,TX-184908,2025,actual,22941297.0,-3.813999537880488,-909676.0,https://tea.texas.gov/finance-and-grants/state-funding/state-funding-reports-and-data/peims-financial-data-downloads,2026-04-08,PEIMS audited actual; definition='all funds-total operating expenditures by obj'
4834550,TX,TX-195901,2025,actual,65189176.0,14.820184808761121,8414162.0,https://tea.texas.gov/finance-and-grants/state-funding/state-funding-reports-and-data/peims-financial-data-downloads,2026-04-08,PEIMS audited actual; definition='all funds-total operating expenditures by obj'
4834560,TX,TX-109914,2025,actual,3236703.0,2.510226626347134,79259.0,https://tea.texas.gov/finance-and-grants/state-funding/state-funding-reports-and-data/peims-financial-data-downloads,2026-04-08,PEIMS audited actual; definition='all funds-total operating expenditures by obj'
4834630,TX,TX-119903,2025,actual,4746572.0,-4.459354628855434,-221546.0,https://tea.texas.gov/finance-and-grants/state-funding/state-funding-reports-and-data/peims-financial-data-downloads,2026-04-08,PEIMS audited actual; definition='all funds-total operating expenditures by obj'
4834650,TX,TX-179901,2025,actual,23354386.0,-0.8477601406262392,-199682.0,https://tea.texas.gov/finance-and-grants/state-funding/state-funding-reports-and-data/peims-financial-data-downloads,2026-04-08,PEIMS audited actual; definition='all funds-total operating expenditures by obj'
4834680,TX,TX-095904,2025,actual,5004127.0,0.2885125470691707,14396.0,https://tea.texas.gov/finance-and-grants/state-funding/state-funding-reports-and-data/peims-financial-data-downloads,2026-04-08,PEIMS audited actual; definition='all funds-total operating expenditures by obj'
4834710,TX,TX-039903,2025,actual,7374519.0,3.547930935273618,252678.0,https://tea.texas.gov/finance-and-grants/state-funding/state-funding-reports-and-data/peims-financial-data-downloads,2026-04-08,PEIMS audited actual; definition='all funds-total operating expenditures by obj'
4834770,TX,TX-013903,2025,actual,8036124.0,12.04874965647605,864135.0,https://tea.texas.gov/finance-and-grants/state-funding/state-funding-reports-and-data/peims-financial-data-downloads,2026-04-08,PEIMS audited actual; definition='all funds-total operating expenditures by obj'
4834800,TX,TX-172905,2025,actual,11647861.0,-0.00982058124277567,-1144.0,https://tea.texas.gov/finance-and-grants/state-funding/state-funding-reports-and-data/peims-financial-data-downloads,2026-04-08,PEIMS audited actual; definition='all funds-total operating expenditures by obj'
4834830,TX,TX-227904,2025,actual,319887093.0,3.9144360842122263,12050083.0,https://tea.texas.gov/finance-and-grants/state-funding/state-funding-reports-and-data/peims-financial-data-downloads,2026-04-08,PEIMS audited actual; definition='all funds-total operating expenditures by obj'
4834860,TX,TX-108909,2025,actual,483487351.0,-0.1618582781502027,-783833.0,https://tea.texas.gov/finance-and-grants/state-funding/state-funding-reports-and-data/peims-financial-data-downloads,2026-04-08,PEIMS audited actual; definition='all funds-total operating expenditures by obj'
4834920,TX,TX-061903,2025,actual,21532965.0,4.6551877402807165,957812.0,https://tea.texas.gov/finance-and-grants/state-funding/state-funding-reports-and-data/peims-financial-data-downloads,2026-04-08,PEIMS audited actual; definition='all funds-total operating expenditures by obj'
4834980,TX,TX-092904,2025,actual,54653497.0,-4.878733453570059,-2803157.0,https://tea.texas.gov/finance-and-grants/state-funding/state-funding-reports-and-data/peims-financial-data-downloads,2026-04-08,PEIMS audited actual; definition='all funds-total operating expenditures by obj'
4835010,TX,TX-032902,2025,actual,33596422.0,7.218001624015101,2261738.0,https://tea.texas.gov/finance-and-grants/state-funding/state-funding-reports-and-data/peims-financial-data-downloads,2026-04-08,PEIMS audited actual; definition='all funds-total operating expenditures by obj'
4835040,TX,TX-251902,2025,actual,9978594.0,1.2494912713786512,123143.0,https://tea.texas.gov/finance-and-grants/state-funding/state-funding-reports-and-data/peims-financial-data-downloads,2026-04-08,PEIMS audited actual; definition='all funds-total operating expenditures by obj'
4835070,TX,TX-095905,2025,actual,55465187.0,-5.734227196113173,-3373971.0,https://tea.texas.gov/finance-and-grants/state-funding/state-funding-reports-and-data/peims-financial-data-downloads,2026-04-08,PEIMS audited actual; definition='all funds-total operating expenditures by obj'
4835100,TX,TX-043910,2025,actual,608809225.0,2.675894985002944,15866524.0,https://tea.texas.gov/finance-and-grants/state-funding/state-funding-reports-and-data/peims-financial-data-downloads,2026-04-08,PEIMS audited actual; definition='all funds-total operating expenditures by obj'
4835130,TX,TX-019912,2025,actual,27489594.0,3.995010889562023,1056024.0,https://tea.texas.gov/finance-and-grants/state-funding/state-funding-reports-and-data/peims-financial-data-downloads,2026-04-08,PEIMS audited actual; definition='all funds-total operating expenditures by obj'
4835190,TX,TX-007905,2025,actual,46541841.0,-9.628460091621156,-4958710.0,https://tea.texas.gov/finance-and-grants/state-funding/state-funding-reports-and-data/peims-financial-data-downloads,2026-04-08,PEIMS audited actual; definition='all funds-total operating expenditures by obj'
4835250,TX,TX-031909,2025,actual,32146202.0,-2.3549780362350483,-775294.0,https://tea.texas.gov/finance-and-grants/state-funding/state-funding-reports-and-data/peims-financial-data-downloads,2026-04-08,PEIMS audited actual; definition='all funds-total operating expenditures by obj'
4835310,TX,TX-061906,2025,actual,21922253.0,10.038196697456627,1999850.0,https://tea.texas.gov/finance-and-grants/state-funding/state-funding-reports-and-data/peims-financial-data-downloads,2026-04-08,PEIMS audited actual; definition='all funds-total operating expenditures by obj'
4835340,TX,TX-184901,2025,actual,10106390.0,5.342325895065122,512535.0,https://tea.texas.gov/finance-and-grants/state-funding/state-funding-reports-and-data/peims-financial-data-downloads,2026-04-08,PEIMS audited actual; definition='all funds-total operating expenditures by obj'
4835370,TX,TX-178908,2025,actual,9742561.0,-5.437707837978366,-560236.0,https://tea.texas.gov/finance-and-grants/state-funding/state-funding-reports-and-data/peims-financial-data-downloads,2026-04-08,PEIMS audited actual; definition='all funds-total operating expenditures by obj'
4835400,TX,TX-123907,2025,actual,124001241.0,5.149089189473396,6072268.0,https://tea.texas.gov/finance-and-grants/state-funding/state-funding-reports-and-data/peims-financial-data-downloads,2026-04-08,PEIMS audited actual; definition='all funds-total operating expenditures by obj'
4835430,TX,TX-123908,2025,actual,63192110.0,2.0607491357710366,1275937.0,https://tea.texas.gov/finance-and-grants/state-funding/state-funding-reports-and-data/peims-financial-data-downloads,2026-04-08,PEIMS audited actual; definition='all funds-total operating expenditures by obj'
4835490,TX,TX-085902,2025,actual,10594455.0,4.530513478913991,459180.0,https://tea.texas.gov/finance-and-grants/state-funding/state-funding-reports-and-data/peims-financial-data-downloads,2026-04-08,PEIMS audited actual; definition='all funds-total operating expenditures by obj'
4835520,TX,TX-007906,2025,actual,25722053.0,6.063756630981315,1470552.0,https://tea.texas.gov/finance-and-grants/state-funding/state-funding-reports-and-data/peims-financial-data-downloads,2026-04-08,PEIMS audited actual; definition='all funds-total operating expenditures by obj'
4835550,TX,TX-247904,2025,actual,12072149.0,1.0648598671639702,127197.0,https://tea.texas.gov/finance-and-grants/state-funding/state-funding-reports-and-data/peims-financial-data-downloads,2026-04-08,PEIMS audited actual; definition='all funds-total operating expenditures by obj'
4835560,TX,TX-188903,2025,actual,11560167.0,0.49125256277244056,56512.0,https://tea.texas.gov/finance-and-grants/state-funding/state-funding-reports-and-data/peims-financial-data-downloads,2026-04-08,PEIMS audited actual; definition='all funds-total operating expenditures by obj'
4835570,TX,TX-188904,2025,actual,17483893.0,-19.118041704610196,-4132662.0,https://tea.texas.gov/finance-and-grants/state-funding/state-funding-reports-and-data/peims-financial-data-downloads,2026-04-08,PEIMS audited actual; definition='all funds-total operating expenditures by obj'
4835580,TX,TX-091913,2025,actual,17870935.0,5.817646949455207,982509.0,https://tea.texas.gov/finance-and-grants/state-funding/state-funding-reports-and-data/peims-financial-data-downloads,2026-04-08,PEIMS audited actual; definition='all funds-total operating expenditures by obj'
4835700,TX,TX-028906,2025,actual,5018429.0,8.230112314188148,381615.0,https://tea.texas.gov/finance-and-grants/state-funding/state-funding-reports-and-data/peims-financial-data-downloads,2026-04-08,PEIMS audited actual; definition='all funds-total operating expenditures by obj'
4835730,TX,TX-169909,2025,actual,2694050.0,13.956926434851392,329955.0,https://tea.texas.gov/finance-and-grants/state-funding/state-funding-reports-and-data/peims-financial-data-downloads,2026-04-08,PEIMS audited actual; definition='all funds-total operating expenditures by obj'
4835740,TX,TX-139912,2025,actual,13815121.0,-0.1382294543886894,-19123.0,https://tea.texas.gov/finance-and-grants/state-funding/state-funding-reports-and-data/peims-financial-data-downloads,2026-04-08,PEIMS audited actual; definition='all funds-total operating expenditures by obj'
4835760,TX,TX-125905,2025,actual,14816091.0,13.421337931809513,1753213.0,https://tea.texas.gov/finance-and-grants/state-funding/state-funding-reports-and-data/peims-financial-data-downloads,2026-04-08,PEIMS audited actual; definition='all funds-total operating expenditures by obj'
4835800,TX,TX-189902,2025,actual,16805904.0,0.7722075787417038,128782.0,https://tea.texas.gov/finance-and-grants/state-funding/state-funding-reports-and-data/peims-financial-data-downloads,2026-04-08,PEIMS audited actual; definition='all funds-total operating expenditures by obj'
4835820,TX,TX-167904,2025,actual,2986200.0,20.59953257685686,510071.0,https://tea.texas.gov/finance-and-grants/state-funding/state-funding-reports-and-data/peims-financial-data-downloads,2026-04-08,PEIMS audited actual; definition='all funds-total operating expenditures by obj'
4835850,TX,TX-043911,2025,actual,115719975.0,15.491850876474752,15522451.0,https://tea.texas.gov/finance-and-grants/state-funding/state-funding-reports-and-data/peims-financial-data-downloads,2026-04-08,PEIMS audited actual; definition='all funds-total operating expenditures by obj'
4835890,TX,TX-098903,2025,actual,2882042.0,16.08466081579502,399335.0,https://tea.texas.gov/finance-and-grants/state-funding/state-funding-reports-and-data/peims-financial-data-downloads,2026-04-08,PEIMS audited actual; definition='all funds-total operating expenditures by obj'
4835910,TX,TX-108910,2025,actual,23028653.0,-0.35921673176940794,-83021.0,https://tea.texas.gov/finance-and-grants/state-funding/state-funding-reports-and-data/peims-financial-data-downloads,2026-04-08,PEIMS audited actual; definition='all funds-total operating expenditures by obj'
4836000,TX,TX-043912,2025,actual,368088081.0,14.853246995509014,47602513.0,https://tea.texas.gov/finance-and-grants/state-funding/state-funding-reports-and-data/peims-financial-data-downloads,2026-04-08,PEIMS audited actual; definition='all funds-total operating expenditures by obj'
4836180,TX,TX-099903,2025,actual,9634382.0,-3.7073595384053375,-370933.0,https://tea.texas.gov/finance-and-grants/state-funding/state-funding-reports-and-data/peims-financial-data-downloads,2026-04-08,PEIMS audited actual; definition='all funds-total operating expenditures by obj'
4836210,TX,TX-034907,2025,actual,14500501.0,-6.845974047799598,-1065655.0,https://tea.texas.gov/finance-and-grants/state-funding/state-funding-reports-and-data/peims-financial-data-downloads,2026-04-08,PEIMS audited actual; definition='all funds-total operating expenditures by obj'
4836240,TX,TX-116908,2025,actual,38797573.0,4.692003572487315,1738799.0,https://tea.texas.gov/finance-and-grants/state-funding/state-funding-reports-and-data/peims-financial-data-downloads,2026-04-08,PEIMS audited actual; definition='all funds-total operating expenditures by obj'
4836300,TX,TX-250904,2025,actual,17600325.0,3.1549475334905983,538298.0,https://tea.texas.gov/finance-and-grants/state-funding/state-funding-reports-and-data/peims-financial-data-downloads,2026-04-08,PEIMS audited actual; definition='all funds-total operating expenditures by obj'
4836360,TX,TX-190903,2025,actual,22929876.0,-1.0336066311036007,-239480.0,https://tea.texas.gov/finance-and-grants/state-funding/state-funding-reports-and-data/peims-financial-data-downloads,2026-04-08,PEIMS audited actual; definition='all funds-total operating expenditures by obj'
4836390,TX,TX-054903,2025,actual,7071110.0,-2.127229024257841,-153688.0,https://tea.texas.gov/finance-and-grants/state-funding/state-funding-reports-and-data/peims-financial-data-downloads,2026-04-08,PEIMS audited actual; definition='all funds-total operating expenditures by obj'
4836450,TX,TX-015906,2025,actual,22928215.0,4.759585220264466,1041707.0,https://tea.texas.gov/finance-and-grants/state-funding/state-funding-reports-and-data/peims-financial-data-downloads,2026-04-08,PEIMS audited actual; definition='all funds-total operating expenditures by obj'
4836480,TX,TX-067907,2025,actual,5358237.0,-5.999123890236112,-341962.0,https://tea.texas.gov/finance-and-grants/state-funding/state-funding-reports-and-data/peims-financial-data-downloads,2026-04-08,PEIMS audited actual; definition='all funds-total operating expenditures by obj'
4836510,TX,TX-231902,2025,actual,12972309.0,22.443100757077143,2377748.0,https://tea.texas.gov/finance-and-grants/state-funding/state-funding-reports-and-data/peims-financial-data-downloads,2026-04-08,PEIMS audited actual; definition='all funds-total operating expenditures by obj'
4836540,TX,TX-245903,2025,actual,34829438.0,1.3589152657516201,466957.0,https://tea.texas.gov/finance-and-grants/state-funding/state-funding-reports-and-data/peims-financial-data-downloads,2026-04-08,PEIMS audited actual; definition='all funds-total operating expenditures by obj'
4836570,TX,TX-192901,2025,actual,15763614.0,4.656908275308318,701432.0,https://tea.texas.gov/finance-and-grants/state-funding/state-funding-reports-and-data/peims-financial-data-downloads,2026-04-08,PEIMS audited actual; definition='all funds-total operating expenditures by obj'
4836660,TX,TX-070911,2025,actual,81323392.0,0.5127481297245093,414857.0,https://tea.texas.gov/finance-and-grants/state-funding/state-funding-reports-and-data/peims-financial-data-downloads,2026-04-08,PEIMS audited actual; definition='all funds-total operating expenditures by obj'
4836750,TX,TX-019906,2025,actual,15162820.0,6.665891911691721,947573.0,https://tea.texas.gov/finance-and-grants/state-funding/state-funding-reports-and-data/peims-financial-data-downloads,2026-04-08,PEIMS audited actual; definition='all funds-total operating expenditures by obj'
4836780,TX,TX-196903,2025,actual,14799104.0,6.702074673479093,929548.0,https://tea.texas.gov/finance-and-grants/state-funding/state-funding-reports-and-data/peims-financial-data-downloads,2026-04-08,PEIMS audited actual; definition='all funds-total operating expenditures by obj'
4836960,TX,TX-175911,2025,actual,14517827.0,7.061544455295595,957564.0,https://tea.texas.gov/finance-and-grants/state-funding/state-funding-reports-and-data/peims-financial-data-downloads,2026-04-08,PEIMS audited actual; definition='all funds-total operating expenditures by obj'
4836970,TX,TX-045903,2025,actual,18235790.0,-0.13758347473735433,-25124.0,https://tea.texas.gov/finance-and-grants/state-funding/state-funding-reports-and-data/peims-financial-data-downloads,2026-04-08,PEIMS audited actual; definition='all funds-total operating expenditures by obj'
4836990,TX,TX-093905,2025,actual,3684696.0,21.261353763525786,646056.0,https://tea.texas.gov/finance-and-grants/state-funding/state-funding-reports-and-data/peims-financial-data-downloads,2026-04-08,PEIMS audited actual; definition='all funds-total operating expenditures by obj'
4837020,TX,TX-057916,2025,actual,482142903.0,2.6580234499799587,12483653.0,https://tea.texas.gov/finance-and-grants/state-funding/state-funding-reports-and-data/peims-financial-data-downloads,2026-04-08,PEIMS audited actual; definition='all funds-total operating expenditures by obj'
4837080,TX,TX-206902,2025,actual,3107912.0,2.634153042818939,79766.0,https://tea.texas.gov/finance-and-grants/state-funding/state-funding-reports-and-data/peims-financial-data-downloads,2026-04-08,PEIMS audited actual; definition='all funds-total operating expenditures by obj'
4837110,TX,TX-161912,2025,actual,8945976.0,7.758617159082067,644110.0,https://tea.texas.gov/finance-and-grants/state-funding/state-funding-reports-and-data/peims-financial-data-downloads,2026-04-08,PEIMS audited actual; definition='all funds-total operating expenditures by obj'
4837140,TX,TX-214901,2025,actual,135268385.0,2.161086612398219,2861429.0,https://tea.texas.gov/finance-and-grants/state-funding/state-funding-reports-and-data/peims-financial-data-downloads,2026-04-08,PEIMS audited actual; definition='all funds-total operating expenditures by obj'
4837170,TX,TX-031911,2025,actual,20606436.0,-10.432669381621647,-2400207.0,https://tea.texas.gov/finance-and-grants/state-funding/state-funding-reports-and-data/peims-financial-data-downloads,2026-04-08,PEIMS audited actual; definition='all funds-total operating expenditures by obj'
4837200,TX,TX-126907,2025,actual,12482700.0,5.613487986399113,663471.0,https://tea.texas.gov/finance-and-grants/state-funding/state-funding-reports-and-data/peims-financial-data-downloads,2026-04-08,PEIMS audited actual; definition='all funds-total operating expenditures by obj'
4837230,TX,TX-067908,2025,actual,3159941.0,-8.610550761858075,-297724.0,https://tea.texas.gov/finance-and-grants/state-funding/state-funding-reports-and-data/peims-financial-data-downloads,2026-04-08,PEIMS audited actual; definition='all funds-total operating expenditures by obj'
4837260,TX,TX-188902,2025,actual,18283322.0,-0.5313424936679139,-97666.0,https://tea.texas.gov/finance-and-grants/state-funding/state-funding-reports-and-data/peims-financial-data-downloads,2026-04-08,PEIMS audited actual; definition='all funds-total operating expenditures by obj'
4837320,TX,TX-137903,2025,actual,7414252.0,-3.5416346027875703,-272227.0,https://tea.texas.gov/finance-and-grants/state-funding/state-funding-reports-and-data/peims-financial-data-downloads,2026-04-08,PEIMS audited actual; definition='all funds-total operating expenditures by obj'
4837380,TX,TX-041902,2025,actual,4650085.0,-4.392341164656818,-213631.0,https://tea.texas.gov/finance-and-grants/state-funding/state-funding-reports-and-data/peims-financial-data-downloads,2026-04-08,PEIMS audited actual; definition='all funds-total operating expenditures by obj'
4837410,TX,TX-161922,2025,actual,31442062.0,2.508817005853835,769518.0,https://tea.texas.gov/finance-and-grants/state-funding/state-funding-reports-and-data/peims-financial-data-downloads,2026-04-08,PEIMS audited actual; definition='all funds-total operating expenditures by obj'
4837440,TX,TX-178909,2025,actual,36368780.0,-1.1163487701228998,-410586.0,https://tea.texas.gov/finance-and-grants/state-funding/state-funding-reports-and-data/peims-financial-data-downloads,2026-04-08,PEIMS audited actual; definition='all funds-total operating expenditures by obj'
4837470,TX,TX-076903,2025,actual,5597614.0,-1.4149289365375164,-80339.0,https://tea.texas.gov/finance-and-grants/state-funding/state-funding-reports-and-data/peims-financial-data-downloads,2026-04-08,PEIMS audited actual; definition='all funds-total operating expenditures by obj'
4837500,TX,TX-160904,2025,actual,2942001.0,0.68301527390254,19958.0,https://tea.texas.gov/finance-and-grants/state-funding/state-funding-reports-and-data/peims-financial-data-downloads,2026-04-08,PEIMS audited actual; definition='all funds-total operating expenditures by obj'
4837590,TX,TX-166904,2025,actual,23847827.0,4.525260425295717,1032455.0,https://tea.texas.gov/finance-and-grants/state-funding/state-funding-reports-and-data/peims-financial-data-downloads,2026-04-08,PEIMS audited actual; definition='all funds-total operating expenditures by obj'
4837650,TX,TX-199901,2025,actual,213614590.0,9.002604178068168,17642584.0,https://tea.texas.gov/finance-and-grants/state-funding/state-funding-reports-and-data/peims-financial-data-downloads,2026-04-08,PEIMS audited actual; definition='all funds-total operating expenditures by obj'
4837710,TX,TX-014907,2025,actual,12035794.0,2.462731693305645,289285.0,https://tea.texas.gov/finance-and-grants/state-funding/state-funding-reports-and-data/peims-financial-data-downloads,2026-04-08,PEIMS audited actual; definition='all funds-total operating expenditures by obj'
4837740,TX,TX-214903,2025,actual,96333068.0,2.7645635460332394,2591544.0,https://tea.texas.gov/finance-and-grants/state-funding/state-funding-reports-and-data/peims-financial-data-downloads,2026-04-08,PEIMS audited actual; definition='all funds-total operating expenditures by obj'
4837800,TX,TX-152908,2025,actual,18451434.0,11.837880285914201,1953058.0,https://tea.texas.gov/finance-and-grants/state-funding/state-funding-reports-and-data/peims-financial-data-downloads,2026-04-08,PEIMS audited actual; definition='all funds-total operating expenditures by obj'
4837830,TX,TX-110905,2025,actual,9098509.0,10.106824752730342,835162.0,https://tea.texas.gov/finance-and-grants/state-funding/state-funding-reports-and-data/peims-financial-data-downloads,2026-04-08,PEIMS audited actual; definition='all funds-total operating expenditures by obj'
4837860,TX,TX-177901,2025,actual,15767474.0,-84.07495146677539,-83243050.0,https://tea.texas.gov/finance-and-grants/state-funding/state-funding-reports-and-data/peims-financial-data-downloads,2026-04-08,PEIMS audited actual; definition='all funds-total operating expenditures by obj'
4837900,TX,TX-073905,2025,actual,11372102.0,5.833690157434113,626845.0,https://tea.texas.gov/finance-and-grants/state-funding/state-funding-reports-and-data/peims-financial-data-downloads,2026-04-08,PEIMS audited actual; definition='all funds-total operating expenditures by obj'
4838040,TX,TX-076904,2025,actual,4760435.0,0.1275668490252126,6065.0,https://tea.texas.gov/finance-and-grants/state-funding/state-funding-reports-and-data/peims-financial-data-downloads,2026-04-08,PEIMS audited actual; definition='all funds-total operating expenditures by obj'
4838080,TX,TX-246909,2025,actual,539826692.0,0.189367100466908,1020322.0,https://tea.texas.gov/finance-and-grants/state-funding/state-funding-reports-and-data/peims-financial-data-downloads,2026-04-08,PEIMS audited actual; definition='all funds-total operating expenditures by obj'
4838100,TX,TX-075908,2025,actual,3754028.0,3.2420909970212928,117887.0,https://tea.texas.gov/finance-and-grants/state-funding/state-funding-reports-and-data/peims-financial-data-downloads,2026-04-08,PEIMS audited actual; definition='all funds-total operating expenditures by obj'
4838190,TX,TX-237905,2025,actual,38664041.0,-1.1553491698159988,-451926.0,https://tea.texas.gov/finance-and-grants/state-funding/state-funding-reports-and-data/peims-financial-data-downloads,2026-04-08,PEIMS audited actual; definition='all funds-total operating expenditures by obj'
4838220,TX,TX-199902,2025,actual,116846139.0,8.38481001207828,9039391.0,https://tea.texas.gov/finance-and-grants/state-funding/state-funding-reports-and-data/peims-financial-data-downloads,2026-04-08,PEIMS audited actual; definition='all funds-total operating expenditures by obj'
4838280,TX,TX-104903,2025,actual,2639482.0,-7.06504153493896,-200657.0,https://tea.texas.gov/finance-and-grants/state-funding/state-funding-reports-and-data/peims-financial-data-downloads,2026-04-08,PEIMS audited actual; definition='all funds-total operating expenditures by obj'
4838310,TX,TX-128903,2025,actual,4573943.0,10.204898372421543,423544.0,https://tea.texas.gov/finance-and-grants/state-funding/state-funding-reports-and-data/peims-financial-data-downloads,2026-04-08,PEIMS audited actual; definition='all funds-total operating expenditures by obj'
4838360,TX,TX-037907,2025,actual,29444019.0,1.278487006873511,371686.0,https://tea.texas.gov/finance-and-grants/state-funding/state-funding-reports-and-data/peims-financial-data-downloads,2026-04-08,PEIMS audited actual; definition='all funds-total operating expenditures by obj'
4838400,TX,TX-091914,2025,actual,13535159.0,2.7741870721842177,365355.0,https://tea.texas.gov/finance-and-grants/state-funding/state-funding-reports-and-data/peims-financial-data-downloads,2026-04-08,PEIMS audited actual; definition='all funds-total operating expenditures by obj'
4838430,TX,TX-232902,2025,actual,10120128.0,13.798462548241448,1227101.0,https://tea.texas.gov/finance-and-grants/state-funding/state-funding-reports-and-data/peims-financial-data-downloads,2026-04-08,PEIMS audited actual; definition='all funds-total operating expenditures by obj'
4838460,TX,TX-092906,2025,actual,20584586.0,4.570001638812776,899604.0,https://tea.texas.gov/finance-and-grants/state-funding/state-funding-reports-and-data/peims-financial-data-downloads,2026-04-08,PEIMS audited actual; definition='all funds-total operating expenditures by obj'
4838490,TX,TX-123913,2025,actual,8026600.0,-11.798735055887576,-1073723.0,https://tea.texas.gov/finance-and-grants/state-funding/state-funding-reports-and-data/peims-financial-data-downloads,2026-04-08,PEIMS audited actual; definition='all funds-total operating expenditures by obj'
4838520,TX,TX-169911,2025,actual,5366362.0,7.07133949859835,354412.0,https://tea.texas.gov/finance-and-grants/state-funding/state-funding-reports-and-data/peims-financial-data-downloads,2026-04-08,PEIMS audited actual; definition='all funds-total operating expenditures by obj'
4838580,TX,TX-014908,2025,actual,25210019.0,2.707415962806336,664548.0,https://tea.texas.gov/finance-and-grants/state-funding/state-funding-reports-and-data/peims-financial-data-downloads,2026-04-08,PEIMS audited actual; definition='all funds-total operating expenditures by obj'
4838610,TX,TX-112909,2025,actual,5049585.0,-0.216538027638536,-10958.0,https://tea.texas.gov/finance-and-grants/state-funding/state-funding-reports-and-data/peims-financial-data-downloads,2026-04-08,PEIMS audited actual; definition='all funds-total operating expenditures by obj'
4838640,TX,TX-074917,2025,actual,8566889.0,3.3330559093716223,276329.0,https://tea.texas.gov/finance-and-grants/state-funding/state-funding-reports-and-data/peims-financial-data-downloads,2026-04-08,PEIMS audited actual; definition='all funds-total operating expenditures by obj'
4838700,TX,TX-226903,2025,actual,147225488.0,-2.735925461050665,-4141282.0,https://tea.texas.gov/finance-and-grants/state-funding/state-funding-reports-and-data/peims-financial-data-downloads,2026-04-08,PEIMS audited actual; definition='all funds-total operating expenditures by obj'
4838730,TX,TX-015907,2025,actual,672739749.0,-3.774400142676096,-26387874.0,https://tea.texas.gov/finance-and-grants/state-funding/state-funding-reports-and-data/peims-financial-data-downloads,2026-04-08,PEIMS audited actual; definition='all funds-total operating expenditures by obj'
4838760,TX,TX-203901,2025,actual,11267857.0,-4.825544647969564,-571304.0,https://tea.texas.gov/finance-and-grants/state-funding/state-funding-reports-and-data/peims-financial-data-downloads,2026-04-08,PEIMS audited actual; definition='all funds-total operating expenditures by obj'
4838790,TX,TX-031912,2025,actual,128646373.0,-3.5322629639328196,-4710516.0,https://tea.texas.gov/finance-and-grants/state-funding/state-funding-reports-and-data/peims-financial-data-downloads,2026-04-08,PEIMS audited actual; definition='all funds-total operating expenditures by obj'
4838820,TX,TX-066902,2025,actual,21989545.0,-2.632889483917512,-594616.0,https://tea.texas.gov/finance-and-grants/state-funding/state-funding-reports-and-data/peims-financial-data-downloads,2026-04-08,PEIMS audited actual; definition='all funds-total operating expenditures by obj'
4838850,TX,TX-071904,2025,actual,43774006.0,-7.863709451507943,-3736053.0,https://tea.texas.gov/finance-and-grants/state-funding/state-funding-reports-and-data/peims-financial-data-downloads,2026-04-08,PEIMS audited actual; definition='all funds-total operating expenditures by obj'
4838900,TX,TX-233901,2025,actual,125877710.0,-3.296112260905505,-4290490.0,https://tea.texas.gov/finance-and-grants/state-funding/state-funding-reports-and-data/peims-financial-data-downloads,2026-04-08,PEIMS audited actual; definition='all funds-total operating expenditures by obj'
4838910,TX,TX-214902,2025,actual,4373807.0,-4.0034985179584375,-182408.0,https://tea.texas.gov/finance-and-grants/state-funding/state-funding-reports-and-data/peims-financial-data-downloads,2026-04-08,PEIMS audited actual; definition='all funds-total operating expenditures by obj'
4838970,TX,TX-105902,2025,actual,108680459.0,-7.545048933828919e-05,-82.0,https://tea.texas.gov/finance-and-grants/state-funding/state-funding-reports-and-data/peims-financial-data-downloads,2026-04-08,PEIMS audited actual; definition='all funds-total operating expenditures by obj'
4839000,TX,TX-245904,2025,actual,5712429.0,6.3565021169163405,341409.0,https://tea.texas.gov/finance-and-grants/state-funding/state-funding-reports-and-data/peims-financial-data-downloads,2026-04-08,PEIMS audited actual; definition='all funds-total operating expenditures by obj'
4839030,TX,TX-206901,2025,actual,10498242.0,-0.9410664828831468,-99734.0,https://tea.texas.gov/finance-and-grants/state-funding/state-funding-reports-and-data/peims-financial-data-downloads,2026-04-08,PEIMS audited actual; definition='all funds-total operating expenditures by obj'
4839120,TX,TX-058909,2025,actual,5309830.0,8.15881726278138,400540.0,https://tea.texas.gov/finance-and-grants/state-funding/state-funding-reports-and-data/peims-financial-data-downloads,2026-04-08,PEIMS audited actual; definition='all funds-total operating expenditures by obj'
4839150,TX,TX-117903,2025,actual,10366076.0,3.5008511849193,350626.0,https://tea.texas.gov/finance-and-grants/state-funding/state-funding-reports-and-data/peims-financial-data-downloads,2026-04-08,PEIMS audited actual; definition='all funds-total operating expenditures by obj'
4839180,TX,TX-061908,2025,actual,48515698.0,10.654579189643346,4671423.0,https://tea.texas.gov/finance-and-grants/state-funding/state-funding-reports-and-data/peims-financial-data-downloads,2026-04-08,PEIMS audited actual; definition='all funds-total operating expenditures by obj'
4839210,TX,TX-042903,2025,actual,4513970.0,2.0100681939804166,88946.0,https://tea.texas.gov/finance-and-grants/state-funding/state-funding-reports-and-data/peims-financial-data-downloads,2026-04-08,PEIMS audited actual; definition='all funds-total operating expenditures by obj'
4839270,TX,TX-084909,2025,actual,52284755.0,-6.914894658714774,-3884011.0,https://tea.texas.gov/finance-and-grants/state-funding/state-funding-reports-and-data/peims-financial-data-downloads,2026-04-08,PEIMS audited actual; definition='all funds-total operating expenditures by obj'
4839300,TX,TX-137904,2025,actual,10416618.0,-0.3147993595491005,-32895.0,https://tea.texas.gov/finance-and-grants/state-funding/state-funding-reports-and-data/peims-financial-data-downloads,2026-04-08,PEIMS audited actual; definition='all funds-total operating expenditures by obj'
4839330,TX,TX-031913,2025,actual,12587005.0,0.067082363197652,8438.0,https://tea.texas.gov/finance-and-grants/state-funding/state-funding-reports-and-data/peims-financial-data-downloads,2026-04-08,PEIMS audited actual; definition='all funds-total operating expenditures by obj'
4839360,TX,TX-031914,2025,actual,17462189.0,-5.042378906824591,-927266.0,https://tea.texas.gov/finance-and-grants/state-funding/state-funding-reports-and-data/peims-financial-data-downloads,2026-04-08,PEIMS audited actual; definition='all funds-total operating expenditures by obj'
4839390,TX,TX-182904,2025,actual,8833903.0,8.077069559748104,660196.0,https://tea.texas.gov/finance-and-grants/state-funding/state-funding-reports-and-data/peims-financial-data-downloads,2026-04-08,PEIMS audited actual; definition='all funds-total operating expenditures by obj'
4839450,TX,TX-074911,2025,actual,5342449.0,7.839333301305873,388367.0,https://tea.texas.gov/finance-and-grants/state-funding/state-funding-reports-and-data/peims-financial-data-downloads,2026-04-08,PEIMS audited actual; definition='all funds-total operating expenditures by obj'
4839480,TX,TX-094902,2025,actual,173779988.0,1.640954071147164,2805611.0,https://tea.texas.gov/finance-and-grants/state-funding/state-funding-reports-and-data/peims-financial-data-downloads,2026-04-08,PEIMS audited actual; definition='all funds-total operating expenditures by obj'
4839510,TX,TX-207901,2025,actual,7489621.0,-18.091442791086195,-1654260.0,https://tea.texas.gov/finance-and-grants/state-funding/state-funding-reports-and-data/peims-financial-data-downloads,2026-04-08,PEIMS audited actual; definition='all funds-total operating expenditures by obj'
4839540,TX,TX-075903,2025,actual,11261400.0,7.4629668630564305,782069.0,https://tea.texas.gov/finance-and-grants/state-funding/state-funding-reports-and-data/peims-financial-data-downloads,2026-04-08,PEIMS audited actual; definition='all funds-total operating expenditures by obj'
4839570,TX,TX-129910,2025,actual,15956389.0,-1.6486334541451013,-267472.0,https://tea.texas.gov/finance-and-grants/state-funding/state-funding-reports-and-data/peims-financial-data-downloads,2026-04-08,PEIMS audited actual; definition='all funds-total operating expenditures by obj'
4839600,TX,TX-083901,2025,actual,9263250.0,1.92026997855144,174528.0,https://tea.texas.gov/finance-and-grants/state-funding/state-funding-reports-and-data/peims-financial-data-downloads,2026-04-08,PEIMS audited actual; definition='all funds-total operating expenditures by obj'
4839630,TX,TX-008902,2025,actual,34482414.0,2.779397917038749,932486.0,https://tea.texas.gov/finance-and-grants/state-funding/state-funding-reports-and-data/peims-financial-data-downloads,2026-04-08,PEIMS audited actual; definition='all funds-total operating expenditures by obj'
4839690,TX,TX-094901,2025,actual,95235489.0,0.08947838867644733,85139.0,https://tea.texas.gov/finance-and-grants/state-funding/state-funding-reports-and-data/peims-financial-data-downloads,2026-04-08,PEIMS audited actual; definition='all funds-total operating expenditures by obj'
4839750,TX,TX-083903,2025,actual,45233947.0,-5.773627050104058,-2771665.0,https://tea.texas.gov/finance-and-grants/state-funding/state-funding-reports-and-data/peims-financial-data-downloads,2026-04-08,PEIMS audited actual; definition='all funds-total operating expenditures by obj'
4839780,TX,TX-012901,2025,actual,9772447.0,-3.3143305016571456,-334994.0,https://tea.texas.gov/finance-and-grants/state-funding/state-funding-reports-and-data/peims-financial-data-downloads,2026-04-08,PEIMS audited actual; definition='all funds-total operating expenditures by obj'
4839870,TX,TX-152909,2025,actual,22938655.0,-2.6319978334985943,-620065.0,https://tea.texas.gov/finance-and-grants/state-funding/state-funding-reports-and-data/peims-financial-data-downloads,2026-04-08,PEIMS audited actual; definition='all funds-total operating expenditures by obj'
4839900,TX,TX-242902,2025,actual,7036073.0,-1.1115836542910325,-79091.0,https://tea.texas.gov/finance-and-grants/state-funding/state-funding-reports-and-data/peims-financial-data-downloads,2026-04-08,PEIMS audited actual; definition='all funds-total operating expenditures by obj'
4839930,TX,TX-108911,2025,actual,119766495.0,1.2235716088350472,1447715.0,https://tea.texas.gov/finance-and-grants/state-funding/state-funding-reports-and-data/peims-financial-data-downloads,2026-04-08,PEIMS audited actual; definition='all funds-total operating expenditures by obj'
4839960,TX,TX-210903,2025,actual,11817460.0,5.837806583630913,651828.0,https://tea.texas.gov/finance-and-grants/state-funding/state-funding-reports-and-data/peims-financial-data-downloads,2026-04-08,PEIMS audited actual; definition='all funds-total operating expenditures by obj'
4839990,TX,TX-101924,2025,actual,153985398.0,5.708908876815146,8316126.0,https://tea.texas.gov/finance-and-grants/state-funding/state-funding-reports-and-data/peims-financial-data-downloads,2026-04-08,PEIMS audited actual; definition='all funds-total operating expenditures by obj'
4840020,TX,TX-204904,2025,actual,25189626.0,2.664402935275511,653735.0,https://tea.texas.gov/finance-and-grants/state-funding/state-funding-reports-and-data/peims-financial-data-downloads,2026-04-08,PEIMS audited actual; definition='all funds-total operating expenditures by obj'
4840080,TX,TX-091906,2025,actual,111533574.0,-1.0439409912511735,-1176628.0,https://tea.texas.gov/finance-and-grants/state-funding/state-funding-reports-and-data/peims-financial-data-downloads,2026-04-08,PEIMS audited actual; definition='all funds-total operating expenditures by obj'
4840110,TX,TX-143903,2025,actual,8059041.0,0.16616387046352377,13369.0,https://tea.texas.gov/finance-and-grants/state-funding/state-funding-reports-and-data/peims-financial-data-downloads,2026-04-08,PEIMS audited actual; definition='all funds-total operating expenditures by obj'
4840170,TX,TX-047905,2025,actual,2421330.0,-7.942516206714452,-208907.0,https://tea.texas.gov/finance-and-grants/state-funding/state-funding-reports-and-data/peims-financial-data-downloads,2026-04-08,PEIMS audited actual; definition='all funds-total operating expenditures by obj'
4840200,TX,TX-115902,2025,actual,2358300.0,-5.81496632654406,-145601.0,https://tea.texas.gov/finance-and-grants/state-funding/state-funding-reports-and-data/peims-financial-data-downloads,2026-04-08,PEIMS audited actual; definition='all funds-total operating expenditures by obj'
4840230,TX,TX-100904,2025,actual,38627281.0,5.8672306811729875,2140749.0,https://tea.texas.gov/finance-and-grants/state-funding/state-funding-reports-and-data/peims-financial-data-downloads,2026-04-08,PEIMS audited actual; definition='all funds-total operating expenditures by obj'
4840290,TX,TX-023902,2025,actual,3192466.0,-2.069462249024442,-67463.0,https://tea.texas.gov/finance-and-grants/state-funding/state-funding-reports-and-data/peims-financial-data-downloads,2026-04-08,PEIMS audited actual; definition='all funds-total operating expenditures by obj'
4840320,TX,TX-019909,2025,actual,7126367.0,1.0277907100047803,72499.0,https://tea.texas.gov/finance-and-grants/state-funding/state-funding-reports-and-data/peims-financial-data-downloads,2026-04-08,PEIMS audited actual; definition='all funds-total operating expenditures by obj'
4840350,TX,TX-205906,2025,actual,28725009.0,-0.4910044242603583,-141737.0,https://tea.texas.gov/finance-and-grants/state-funding/state-funding-reports-and-data/peims-financial-data-downloads,2026-04-08,PEIMS audited actual; definition='all funds-total operating expenditures by obj'
4840410,TX,TX-013905,2025,actual,13449388.0,7.911379303372669,986024.0,https://tea.texas.gov/finance-and-grants/state-funding/state-funding-reports-and-data/peims-financial-data-downloads,2026-04-08,PEIMS audited actual; definition='all funds-total operating expenditures by obj'
4840440,TX,TX-152903,2025,actual,22529804.0,-2.314668219702076,-533847.0,https://tea.texas.gov/finance-and-grants/state-funding/state-funding-reports-and-data/peims-financial-data-downloads,2026-04-08,PEIMS audited actual; definition='all funds-total operating expenditures by obj'
4840470,TX,TX-249908,2025,actual,6751915.0,9.114328595020595,563988.0,https://tea.texas.gov/finance-and-grants/state-funding/state-funding-reports-and-data/peims-financial-data-downloads,2026-04-08,PEIMS audited actual; definition='all funds-total operating expenditures by obj'
4840500,TX,TX-001909,2025,actual,5510649.0,-0.27920344229668853,-15429.0,https://tea.texas.gov/finance-and-grants/state-funding/state-funding-reports-and-data/peims-financial-data-downloads,2026-04-08,PEIMS audited actual; definition='all funds-total operating expenditures by obj'
4840550,TX,TX-011904,2025,actual,23314245.0,-4.361781377448257,-1063295.0,https://tea.texas.gov/finance-and-grants/state-funding/state-funding-reports-and-data/peims-financial-data-downloads,2026-04-08,PEIMS audited actual; definition='all funds-total operating expenditures by obj'
4840590,TX,TX-110906,2025,actual,6704509.0,2.1998587236901836,144315.0,https://tea.texas.gov/finance-and-grants/state-funding/state-funding-reports-and-data/peims-financial-data-downloads,2026-04-08,PEIMS audited actual; definition='all funds-total operating expenditures by obj'
4840620,TX,TX-026903,2025,actual,9003836.0,4.535657711235768,390664.0,https://tea.texas.gov/finance-and-grants/state-funding/state-funding-reports-and-data/peims-financial-data-downloads,2026-04-08,PEIMS audited actual; definition='all funds-total operating expenditures by obj'
4840650,TX,TX-208902,2025,actual,31235468.0,7.2350748847338915,2107435.0,https://tea.texas.gov/finance-and-grants/state-funding/state-funding-reports-and-data/peims-financial-data-downloads,2026-04-08,PEIMS audited actual; definition='all funds-total operating expenditures by obj'
4840680,TX,TX-015908,2025,actual,107102258.0,0.281313584479514,300448.0,https://tea.texas.gov/finance-and-grants/state-funding/state-funding-reports-and-data/peims-financial-data-downloads,2026-04-08,PEIMS audited actual; definition='all funds-total operating expenditures by obj'
4840710,TX,TX-071909,2025,actual,518561198.0,-8.84951372129452,-50345474.0,https://tea.texas.gov/finance-and-grants/state-funding/state-funding-reports-and-data/peims-financial-data-downloads,2026-04-08,PEIMS audited actual; definition='all funds-total operating expenditures by obj'
4840740,TX,TX-015909,2025,actual,54905694.0,-1.6680473799105873,-931389.0,https://tea.texas.gov/finance-and-grants/state-funding/state-funding-reports-and-data/peims-financial-data-downloads,2026-04-08,PEIMS audited actual; definition='all funds-total operating expenditures by obj'
4840770,TX,TX-026902,2025,actual,8487414.0,0.6344152675129964,53506.0,https://tea.texas.gov/finance-and-grants/state-funding/state-funding-reports-and-data/peims-financial-data-downloads,2026-04-08,PEIMS audited actual; definition='all funds-total operating expenditures by obj'
4840800,TX,TX-218901,2025,actual,9854467.0,-9.529189408384376,-1037960.0,https://tea.texas.gov/finance-and-grants/state-funding/state-funding-reports-and-data/peims-financial-data-downloads,2026-04-08,PEIMS audited actual; definition='all funds-total operating expenditures by obj'
4840890,TX,TX-085903,2025,actual,2857474.0,2.9091038741353485,80777.0,https://tea.texas.gov/finance-and-grants/state-funding/state-funding-reports-and-data/peims-financial-data-downloads,2026-04-08,PEIMS audited actual; definition='all funds-total operating expenditures by obj'
4840920,TX,TX-015917,2025,actual,84217769.0,0.15195983027039628,127783.0,https://tea.texas.gov/finance-and-grants/state-funding/state-funding-reports-and-data/peims-financial-data-downloads,2026-04-08,PEIMS audited actual; definition='all funds-total operating expenditures by obj'
4840950,TX,TX-015912,2025,actual,206316738.0,4.088255482265307,8103465.0,https://tea.texas.gov/finance-and-grants/state-funding/state-funding-reports-and-data/peims-financial-data-downloads,2026-04-08,PEIMS audited actual; definition='all funds-total operating expenditures by obj'
4841010,TX,TX-098904,2025,actual,9972400.0,-7.6434996856745,-825324.0,https://tea.texas.gov/finance-and-grants/state-funding/state-funding-reports-and-data/peims-financial-data-downloads,2026-04-08,PEIMS audited actual; definition='all funds-total operating expenditures by obj'
4841070,TX,TX-170907,2025,actual,68587828.0,6.277688236622687,4051396.0,https://tea.texas.gov/finance-and-grants/state-funding/state-funding-reports-and-data/peims-financial-data-downloads,2026-04-08,PEIMS audited actual; definition='all funds-total operating expenditures by obj'
4841100,TX,TX-101920,2025,actual,416178012.0,-2.9654615197496668,-12718769.0,https://tea.texas.gov/finance-and-grants/state-funding/state-funding-reports-and-data/peims-financial-data-downloads,2026-04-08,PEIMS audited actual; definition='all funds-total operating expenditures by obj'
4841190,TX,TX-092907,2025,actual,22033814.0,-3.032681351628628,-689114.0,https://tea.texas.gov/finance-and-grants/state-funding/state-funding-reports-and-data/peims-financial-data-downloads,2026-04-08,PEIMS audited actual; definition='all funds-total operating expenditures by obj'
4841220,TX,TX-101919,2025,actual,408470096.0,-8.177544308618062,-36377619.0,https://tea.texas.gov/finance-and-grants/state-funding/state-funding-reports-and-data/peims-financial-data-downloads,2026-04-08,PEIMS audited actual; definition='all funds-total operating expenditures by obj'
4841250,TX,TX-140907,2025,actual,4863105.0,-6.069248048704641,-314225.0,https://tea.texas.gov/finance-and-grants/state-funding/state-funding-reports-and-data/peims-financial-data-downloads,2026-04-08,PEIMS audited actual; definition='all funds-total operating expenditures by obj'
4841280,TX,TX-184902,2025,actual,50974530.0,2.3518822087336244,1171313.0,https://tea.texas.gov/finance-and-grants/state-funding/state-funding-reports-and-data/peims-financial-data-downloads,2026-04-08,PEIMS audited actual; definition='all funds-total operating expenditures by obj'
4841340,TX,TX-229905,2025,actual,6253050.0,1.8210234225561481,111833.0,https://tea.texas.gov/finance-and-grants/state-funding/state-funding-reports-and-data/peims-financial-data-downloads,2026-04-08,PEIMS audited actual; definition='all funds-total operating expenditures by obj'
4841350,TX,TX-079910,2025,actual,46016431.0,2.1894079902992036,985902.0,https://tea.texas.gov/finance-and-grants/state-funding/state-funding-reports-and-data/peims-financial-data-downloads,2026-04-08,PEIMS audited actual; definition='all funds-total operating expenditures by obj'
4841400,TX,TX-127906,2025,actual,12169329.0,0.6720831840472359,81242.0,https://tea.texas.gov/finance-and-grants/state-funding/state-funding-reports-and-data/peims-financial-data-downloads,2026-04-08,PEIMS audited actual; definition='all funds-total operating expenditures by obj'
4841430,TX,TX-156902,2025,actual,17871010.0,1.1898220003457358,210133.0,https://tea.texas.gov/finance-and-grants/state-funding/state-funding-reports-and-data/peims-financial-data-downloads,2026-04-08,PEIMS audited actual; definition='all funds-total operating expenditures by obj'
4841520,TX,TX-072903,2025,actual,40795755.0,-1.1918974544190517,-492109.0,https://tea.texas.gov/finance-and-grants/state-funding/state-funding-reports-and-data/peims-financial-data-downloads,2026-04-08,PEIMS audited actual; definition='all funds-total operating expenditures by obj'
4841550,TX,TX-216901,2025,actual,6914130.0,8.636451196376884,549664.0,https://tea.texas.gov/finance-and-grants/state-funding/state-funding-reports-and-data/peims-financial-data-downloads,2026-04-08,PEIMS audited actual; definition='all funds-total operating expenditures by obj'
4841580,TX,TX-117904,2025,actual,9875115.0,18.163668236180992,1517965.0,https://tea.texas.gov/finance-and-grants/state-funding/state-funding-reports-and-data/peims-financial-data-downloads,2026-04-08,PEIMS audited actual; definition='all funds-total operating expenditures by obj'
4841610,TX,TX-247906,2025,actual,11122007.0,1.1230911460161237,123523.0,https://tea.texas.gov/finance-and-grants/state-funding/state-funding-reports-and-data/peims-financial-data-downloads,2026-04-08,PEIMS audited actual; definition='all funds-total operating expenditures by obj'
4841670,TX,TX-211902,2025,actual,7593167.0,-0.8887446131548142,-68089.0,https://tea.texas.gov/finance-and-grants/state-funding/state-funding-reports-and-data/peims-financial-data-downloads,2026-04-08,PEIMS audited actual; definition='all funds-total operating expenditures by obj'
4841700,TX,TX-182905,2025,actual,2972130.0,12.71145271957578,335193.0,https://tea.texas.gov/finance-and-grants/state-funding/state-funding-reports-and-data/peims-financial-data-downloads,2026-04-08,PEIMS audited actual; definition='all funds-total operating expenditures by obj'
4841760,TX,TX-140908,2025,actual,8368018.0,4.313545299131662,346032.0,https://tea.texas.gov/finance-and-grants/state-funding/state-funding-reports-and-data/peims-financial-data-downloads,2026-04-08,PEIMS audited actual; definition='all funds-total operating expenditures by obj'
4841790,TX,TX-112910,2025,actual,4422807.0,14.639712846480798,564801.0,https://tea.texas.gov/finance-and-grants/state-funding/state-funding-reports-and-data/peims-financial-data-downloads,2026-04-08,PEIMS audited actual; definition='all funds-total operating expenditures by obj'
4841820,TX,TX-112901,2025,actual,53800121.0,-0.20395631436157924,-109953.0,https://tea.texas.gov/finance-and-grants/state-funding/state-funding-reports-and-data/peims-financial-data-downloads,2026-04-08,PEIMS audited actual; definition='all funds-total operating expenditures by obj'
4841850,TX,TX-110907,2025,actual,12960130.0,34.407176441562136,3317691.0,https://tea.texas.gov/finance-and-grants/state-funding/state-funding-reports-and-data/peims-financial-data-downloads,2026-04-08,PEIMS audited actual; definition='all funds-total operating expenditures by obj'
4841880,TX,TX-057919,2025,actual,29567224.0,4.219120530101797,1196975.0,https://tea.texas.gov/finance-and-grants/state-funding/state-funding-reports-and-data/peims-financial-data-downloads,2026-04-08,PEIMS audited actual; definition='all funds-total operating expenditures by obj'
4841910,TX,TX-171902,2025,actual,7714677.0,-1.0345561005546402,-80647.0,https://tea.texas.gov/finance-and-grants/state-funding/state-funding-reports-and-data/peims-financial-data-downloads,2026-04-08,PEIMS audited actual; definition='all funds-total operating expenditures by obj'
4841970,TX,TX-020906,2025,actual,28927630.0,2.1424843737089905,606770.0,https://tea.texas.gov/finance-and-grants/state-funding/state-funding-reports-and-data/peims-financial-data-downloads,2026-04-08,PEIMS audited actual; definition='all funds-total operating expenditures by obj'
4842030,TX,TX-177902,2025,actual,25922238.0,-4.5936053201550395,-1248098.0,https://tea.texas.gov/finance-and-grants/state-funding/state-funding-reports-and-data/peims-financial-data-downloads,2026-04-08,PEIMS audited actual; definition='all funds-total operating expenditures by obj'
4842060,TX,TX-205907,2025,actual,14143662.0,-3.208240361910191,-468803.0,https://tea.texas.gov/finance-and-grants/state-funding/state-funding-reports-and-data/peims-financial-data-downloads,2026-04-08,PEIMS audited actual; definition='all funds-total operating expenditures by obj'
4842090,TX,TX-153904,2025,actual,10122362.0,0.574462134155096,57817.0,https://tea.texas.gov/finance-and-grants/state-funding/state-funding-reports-and-data/peims-financial-data-downloads,2026-04-08,PEIMS audited actual; definition='all funds-total operating expenditures by obj'
4842120,TX,TX-194903,2025,actual,10782447.0,-0.287463892463628,-31085.0,https://tea.texas.gov/finance-and-grants/state-funding/state-funding-reports-and-data/peims-financial-data-downloads,2026-04-08,PEIMS audited actual; definition='all funds-total operating expenditures by obj'
4842210,TX,TX-146907,2025,actual,23210194.0,5.170144723552793e-05,12.0,https://tea.texas.gov/finance-and-grants/state-funding/state-funding-reports-and-data/peims-financial-data-downloads,2026-04-08,PEIMS audited actual; definition='all funds-total operating expenditures by obj'
4842240,TX,TX-201910,2025,actual,20944664.0,3.228860305034963,655121.0,https://tea.texas.gov/finance-and-grants/state-funding/state-funding-reports-and-data/peims-financial-data-downloads,2026-04-08,PEIMS audited actual; definition='all funds-total operating expenditures by obj'
4842280,TX,TX-246911,2025,actual,41799970.0,1.899242346898229,779086.0,https://tea.texas.gov/finance-and-grants/state-funding/state-funding-reports-and-data/peims-financial-data-downloads,2026-04-08,PEIMS audited actual; definition='all funds-total operating expenditures by obj'
4842300,TX,TX-081904,2025,actual,17753870.0,6.441272992748343,1074372.0,https://tea.texas.gov/finance-and-grants/state-funding/state-funding-reports-and-data/peims-financial-data-downloads,2026-04-08,PEIMS audited actual; definition='all funds-total operating expenditures by obj'
4842330,TX,TX-014909,2025,actual,111375447.0,0.04577070025371685,50954.0,https://tea.texas.gov/finance-and-grants/state-funding/state-funding-reports-and-data/peims-financial-data-downloads,2026-04-08,PEIMS audited actual; definition='all funds-total operating expenditures by obj'
4842360,TX,TX-210904,2025,actual,7143617.0,-7.039627264094876,-540966.0,https://tea.texas.gov/finance-and-grants/state-funding/state-funding-reports-and-data/peims-financial-data-downloads,2026-04-08,PEIMS audited actual; definition='all funds-total operating expenditures by obj'
4842390,TX,TX-022004,2025,actual,2630616.0,3.623287169398976,91982.0,https://tea.texas.gov/finance-and-grants/state-funding/state-funding-reports-and-data/peims-financial-data-downloads,2026-04-08,PEIMS audited actual; definition='all funds-total operating expenditures by obj'
4842420,TX,TX-222901,2025,actual,2822964.0,-2.8566630580135155,-83014.0,https://tea.texas.gov/finance-and-grants/state-funding/state-funding-reports-and-data/peims-financial-data-downloads,2026-04-08,PEIMS audited actual; definition='all funds-total operating expenditures by obj'
4842450,TX,TX-129906,2025,actual,67324412.0,1.8465311782071177,1220627.0,https://tea.texas.gov/finance-and-grants/state-funding/state-funding-reports-and-data/peims-financial-data-downloads,2026-04-08,PEIMS audited actual; definition='all funds-total operating expenditures by obj'
4842480,TX,TX-019907,2025,actual,104135343.0,0.6302514654102249,652204.0,https://tea.texas.gov/finance-and-grants/state-funding/state-funding-reports-and-data/peims-financial-data-downloads,2026-04-08,PEIMS audited actual; definition='all funds-total operating expenditures by obj'
4842510,TX,TX-084906,2025,actual,127111651.0,-4.88383688185745,-6526678.0,https://tea.texas.gov/finance-and-grants/state-funding/state-funding-reports-and-data/peims-financial-data-downloads,2026-04-08,PEIMS audited actual; definition='all funds-total operating expenditures by obj'
4842540,TX,TX-211901,2025,actual,1737642.0,-3.4469537850146357,-62034.0,https://tea.texas.gov/finance-and-grants/state-funding/state-funding-reports-and-data/peims-financial-data-downloads,2026-04-08,PEIMS audited actual; definition='all funds-total operating expenditures by obj'
4842570,TX,TX-056902,2025,actual,3454221.0,3.886002181646918,129210.0,https://tea.texas.gov/finance-and-grants/state-funding/state-funding-reports-and-data/peims-financial-data-downloads,2026-04-08,PEIMS audited actual; definition='all funds-total operating expenditures by obj'
4842630,TX,TX-166905,2025,actual,9300505.0,6.000064280419455,526449.0,https://tea.texas.gov/finance-and-grants/state-funding/state-funding-reports-and-data/peims-financial-data-downloads,2026-04-08,PEIMS audited actual; definition='all funds-total operating expenditures by obj'
4842660,TX,TX-246912,2025,actual,13009515.0,1.1909789973832483,153117.0,https://tea.texas.gov/finance-and-grants/state-funding/state-funding-reports-and-data/peims-financial-data-downloads,2026-04-08,PEIMS audited actual; definition='all funds-total operating expenditures by obj'
4842690,TX,TX-149902,2025,actual,11296611.0,4.599780256044487,496769.0,https://tea.texas.gov/finance-and-grants/state-funding/state-funding-reports-and-data/peims-financial-data-downloads,2026-04-08,PEIMS audited actual; definition='all funds-total operating expenditures by obj'
4842720,TX,TX-072901,2025,actual,4342136.0,24.402638215969624,851747.0,https://tea.texas.gov/finance-and-grants/state-funding/state-funding-reports-and-data/peims-financial-data-downloads,2026-04-08,PEIMS audited actual; definition='all funds-total operating expenditures by obj'
4842780,TX,TX-224901,2025,actual,4054283.0,5.375983282412094,206838.0,https://tea.texas.gov/finance-and-grants/state-funding/state-funding-reports-and-data/peims-financial-data-downloads,2026-04-08,PEIMS audited actual; definition='all funds-total operating expenditures by obj'
4842810,TX,TX-158902,2025,actual,15294830.0,0.47670964056332227,72566.0,https://tea.texas.gov/finance-and-grants/state-funding/state-funding-reports-and-data/peims-financial-data-downloads,2026-04-08,PEIMS audited actual; definition='all funds-total operating expenditures by obj'
4842840,TX,TX-210905,2025,actual,12606304.0,5.91678784293472,704221.0,https://tea.texas.gov/finance-and-grants/state-funding/state-funding-reports-and-data/peims-financial-data-downloads,2026-04-08,PEIMS audited actual; definition='all funds-total operating expenditures by obj'
4842870,TX,TX-091907,2025,actual,8037137.0,1.1349139656919778,90191.0,https://tea.texas.gov/finance-and-grants/state-funding/state-funding-reports-and-data/peims-financial-data-downloads,2026-04-08,PEIMS audited actual; definition='all funds-total operating expenditures by obj'
4842900,TX,TX-111903,2025,actual,11092374.0,6.323657586869835,659725.0,https://tea.texas.gov/finance-and-grants/state-funding/state-funding-reports-and-data/peims-financial-data-downloads,2026-04-08,PEIMS audited actual; definition='all funds-total operating expenditures by obj'
4842930,TX,TX-091918,2025,actual,9812724.0,9.707724052437586,868300.0,https://tea.texas.gov/finance-and-grants/state-funding/state-funding-reports-and-data/peims-financial-data-downloads,2026-04-08,PEIMS audited actual; definition='all funds-total operating expenditures by obj'
4842960,TX,TX-101921,2025,actual,258120318.0,8.59715568698269,20434242.0,https://tea.texas.gov/finance-and-grants/state-funding/state-funding-reports-and-data/peims-financial-data-downloads,2026-04-08,PEIMS audited actual; definition='all funds-total operating expenditures by obj'
4842990,TX,TX-071908,2025,actual,14622458.0,-9.143205383484812,-1471504.0,https://tea.texas.gov/finance-and-grants/state-funding/state-funding-reports-and-data/peims-financial-data-downloads,2026-04-08,PEIMS audited actual; definition='all funds-total operating expenditures by obj'
4843110,TX,TX-221905,2025,actual,2849045.0,-9.38408550139643,-295044.0,https://tea.texas.gov/finance-and-grants/state-funding/state-funding-reports-and-data/peims-financial-data-downloads,2026-04-08,PEIMS audited actual; definition='all funds-total operating expenditures by obj'
4843140,TX,TX-074912,2025,actual,9221136.0,8.929178531829745,755878.0,https://tea.texas.gov/finance-and-grants/state-funding/state-funding-reports-and-data/peims-financial-data-downloads,2026-04-08,PEIMS audited actual; definition='all funds-total operating expenditures by obj'
4843170,TX,TX-107907,2025,actual,3170571.0,2.146691671453595,66632.0,https://tea.texas.gov/finance-and-grants/state-funding/state-funding-reports-and-data/peims-financial-data-downloads,2026-04-08,PEIMS audited actual; definition='all funds-total operating expenditures by obj'
4843200,TX,TX-228903,2025,actual,15416963.0,-3.876486007189734,-621738.0,https://tea.texas.gov/finance-and-grants/state-funding/state-funding-reports-and-data/peims-financial-data-downloads,2026-04-08,PEIMS audited actual; definition='all funds-total operating expenditures by obj'
4843230,TX,TX-212904,2025,actual,15026592.0,3.305110823468654,480756.0,https://tea.texas.gov/finance-and-grants/state-funding/state-funding-reports-and-data/peims-financial-data-downloads,2026-04-08,PEIMS audited actual; definition='all funds-total operating expenditures by obj'
4843260,TX,TX-014910,2025,actual,20939742.0,6.796464901653984,1332593.0,https://tea.texas.gov/finance-and-grants/state-funding/state-funding-reports-and-data/peims-financial-data-downloads,2026-04-08,PEIMS audited actual; definition='all funds-total operating expenditures by obj'
4843290,TX,TX-001908,2025,actual,21045238.0,9.330886953608902,1796114.0,https://tea.texas.gov/finance-and-grants/state-funding/state-funding-reports-and-data/peims-financial-data-downloads,2026-04-08,PEIMS audited actual; definition='all funds-total operating expenditures by obj'
4843320,TX,TX-219903,2025,actual,16718979.0,-8.29555733405268,-1512394.0,https://tea.texas.gov/finance-and-grants/state-funding/state-funding-reports-and-data/peims-financial-data-downloads,2026-04-08,PEIMS audited actual; definition='all funds-total operating expenditures by obj'
4843350,TX,TX-178912,2025,actual,45862382.0,-3.6263098949184176,-1725691.0,https://tea.texas.gov/finance-and-grants/state-funding/state-funding-reports-and-data/peims-financial-data-downloads,2026-04-08,PEIMS audited actual; definition='all funds-total operating expenditures by obj'
4843400,TX,TX-096905,2025,actual,3076205.0,2.517202813236502,75533.0,https://tea.texas.gov/finance-and-grants/state-funding/state-funding-reports-and-data/peims-financial-data-downloads,2026-04-08,PEIMS audited actual; definition='all funds-total operating expenditures by obj'
4843470,TX,TX-212905,2025,actual,208410217.0,-5.755447466031117,-12727463.0,https://tea.texas.gov/finance-and-grants/state-funding/state-funding-reports-and-data/peims-financial-data-downloads,2026-04-08,PEIMS audited actual; definition='all funds-total operating expenditures by obj'
4843530,TX,TX-230908,2025,actual,10843056.0,5.320948464491055,547805.0,https://tea.texas.gov/finance-and-grants/state-funding/state-funding-reports-and-data/peims-financial-data-downloads,2026-04-08,PEIMS audited actual; definition='all funds-total operating expenditures by obj'
4843560,TX,TX-230904,2025,actual,4384615.0,-10.92221983847978,-537617.0,https://tea.texas.gov/finance-and-grants/state-funding/state-funding-reports-and-data/peims-financial-data-downloads,2026-04-08,PEIMS audited actual; definition='all funds-total operating expenditures by obj'
4843650,TX,TX-240903,2025,actual,524372377.0,0.5825980380154308,3037288.0,https://tea.texas.gov/finance-and-grants/state-funding/state-funding-reports-and-data/peims-financial-data-downloads,2026-04-08,PEIMS audited actual; definition='all funds-total operating expenditures by obj'
4843680,TX,TX-232904,2025,actual,3223633.0,-4.527521801389307,-152872.0,https://tea.texas.gov/finance-and-grants/state-funding/state-funding-reports-and-data/peims-financial-data-downloads,2026-04-08,PEIMS audited actual; definition='all funds-total operating expenditures by obj'
4843720,TX,TX-232903,2025,actual,52334550.0,-8.241679275690917,-4700659.0,https://tea.texas.gov/finance-and-grants/state-funding/state-funding-reports-and-data/peims-financial-data-downloads,2026-04-08,PEIMS audited actual; definition='all funds-total operating expenditures by obj'
4843740,TX,TX-122902,2025,actual,1745629.0,11.828040338399763,184635.0,https://tea.texas.gov/finance-and-grants/state-funding/state-funding-reports-and-data/peims-financial-data-downloads,2026-04-08,PEIMS audited actual; definition='all funds-total operating expenditures by obj'
4843760,TX,TX-018904,2025,actual,8547851.0,-10.26251297058936,-977545.0,https://tea.texas.gov/finance-and-grants/state-funding/state-funding-reports-and-data/peims-financial-data-downloads,2026-04-08,PEIMS audited actual; definition='all funds-total operating expenditures by obj'
4843800,TX,TX-108916,2025,actual,50610065.0,-6.003878036167418,-3232651.0,https://tea.texas.gov/finance-and-grants/state-funding/state-funding-reports-and-data/peims-financial-data-downloads,2026-04-08,PEIMS audited actual; definition='all funds-total operating expenditures by obj'
4843860,TX,TX-049903,2025,actual,17665150.0,9.761556305615828,1571036.0,https://tea.texas.gov/finance-and-grants/state-funding/state-funding-reports-and-data/peims-financial-data-downloads,2026-04-08,PEIMS audited actual; definition='all funds-total operating expenditures by obj'
4843890,TX,TX-091908,2025,actual,30437778.0,19.943226931379623,5060957.0,https://tea.texas.gov/finance-and-grants/state-funding/state-funding-reports-and-data/peims-financial-data-downloads,2026-04-08,PEIMS audited actual; definition='all funds-total operating expenditures by obj'
4843920,TX,TX-234906,2025,actual,28230015.0,-2.123798039793468,-612558.0,https://tea.texas.gov/finance-and-grants/state-funding/state-funding-reports-and-data/peims-financial-data-downloads,2026-04-08,PEIMS audited actual; definition='all funds-total operating expenditures by obj'
4843950,TX,TX-158906,2025,actual,17757102.0,-2.667003075753271,-486559.0,https://tea.texas.gov/finance-and-grants/state-funding/state-funding-reports-and-data/peims-financial-data-downloads,2026-04-08,PEIMS audited actual; definition='all funds-total operating expenditures by obj'
4843980,TX,TX-180902,2025,actual,5578209.0,-0.2017716473801621,-11278.0,https://tea.texas.gov/finance-and-grants/state-funding/state-funding-reports-and-data/peims-financial-data-downloads,2026-04-08,PEIMS audited actual; definition='all funds-total operating expenditures by obj'
4844010,TX,TX-126908,2025,actual,25899673.0,-20.132998430424003,-6528830.0,https://tea.texas.gov/finance-and-grants/state-funding/state-funding-reports-and-data/peims-financial-data-downloads,2026-04-08,PEIMS audited actual; definition='all funds-total operating expenditures by obj'
4844040,TX,TX-226908,2025,actual,4926349.0,11.01824189400019,488926.0,https://tea.texas.gov/finance-and-grants/state-funding/state-funding-reports-and-data/peims-financial-data-downloads,2026-04-08,PEIMS audited actual; definition='all funds-total operating expenditures by obj'
4844110,TX,TX-244903,2025,actual,28567937.0,16.695018074124373,4087083.0,https://tea.texas.gov/finance-and-grants/state-funding/state-funding-reports-and-data/peims-financial-data-downloads,2026-04-08,PEIMS audited actual; definition='all funds-total operating expenditures by obj'
4844150,TX,TX-235902,2025,actual,150688531.0,-1.7566786436802566,-2694446.0,https://tea.texas.gov/finance-and-grants/state-funding/state-funding-reports-and-data/peims-financial-data-downloads,2026-04-08,PEIMS audited actual; definition='all funds-total operating expenditures by obj'
4844160,TX,TX-181907,2025,actual,51940192.0,5.376705824768194,2650179.0,https://tea.texas.gov/finance-and-grants/state-funding/state-funding-reports-and-data/peims-financial-data-downloads,2026-04-08,PEIMS audited actual; definition='all funds-total operating expenditures by obj'
4844280,TX,TX-161914,2025,actual,194256834.0,-3.389745818635228,-6815853.0,https://tea.texas.gov/finance-and-grants/state-funding/state-funding-reports-and-data/peims-financial-data-downloads,2026-04-08,PEIMS audited actual; definition='all funds-total operating expenditures by obj'
4844310,TX,TX-089905,2025,actual,6574518.0,30.205492202941375,1525178.0,https://tea.texas.gov/finance-and-grants/state-funding/state-funding-reports-and-data/peims-financial-data-downloads,2026-04-08,PEIMS audited actual; definition='all funds-total operating expenditures by obj'
4844410,TX,TX-226906,2025,actual,19381457.0,2.193353744806946,415980.0,https://tea.texas.gov/finance-and-grants/state-funding/state-funding-reports-and-data/peims-financial-data-downloads,2026-04-08,PEIMS audited actual; definition='all funds-total operating expenditures by obj'
4844430,TX,TX-237904,2025,actual,119184670.0,9.70743926838554,10546030.0,https://tea.texas.gov/finance-and-grants/state-funding/state-funding-reports-and-data/peims-financial-data-downloads,2026-04-08,PEIMS audited actual; definition='all funds-total operating expenditures by obj'
4844470,TX,TX-008903,2025,actual,12389004.0,3.048072671450345,366456.0,https://tea.texas.gov/finance-and-grants/state-funding/state-funding-reports-and-data/peims-financial-data-downloads,2026-04-08,PEIMS audited actual; definition='all funds-total operating expenditures by obj'
4844520,TX,TX-018905,2025,actual,3193229.0,6.663431029316811,199486.0,https://tea.texas.gov/finance-and-grants/state-funding/state-funding-reports-and-data/peims-financial-data-downloads,2026-04-08,PEIMS audited actual; definition='all funds-total operating expenditures by obj'
4844580,TX,TX-229904,2025,actual,17420136.0,0.21954352137774907,38161.0,https://tea.texas.gov/finance-and-grants/state-funding/state-funding-reports-and-data/peims-financial-data-downloads,2026-04-08,PEIMS audited actual; definition='all funds-total operating expenditures by obj'
4844670,TX,TX-102903,2025,actual,12760728.0,-0.7384914947230272,-94938.0,https://tea.texas.gov/finance-and-grants/state-funding/state-funding-reports-and-data/peims-financial-data-downloads,2026-04-08,PEIMS audited actual; definition='all funds-total operating expenditures by obj'
4844710,TX,TX-226905,2025,actual,5693134.0,4.633329737202476,252101.0,https://tea.texas.gov/finance-and-grants/state-funding/state-funding-reports-and-data/peims-financial-data-downloads,2026-04-08,PEIMS audited actual; definition='all funds-total operating expenditures by obj'
4844730,TX,TX-070912,2025,actual,135462421.0,4.240581268828676,5510708.0,https://tea.texas.gov/finance-and-grants/state-funding/state-funding-reports-and-data/peims-financial-data-downloads,2026-04-08,PEIMS audited actual; definition='all funds-total operating expenditures by obj'
4844800,TX,TX-184903,2025,actual,99484149.0,-2.2789527023433087,-2320070.0,https://tea.texas.gov/finance-and-grants/state-funding/state-funding-reports-and-data/peims-financial-data-downloads,2026-04-08,PEIMS audited actual; definition='all funds-total operating expenditures by obj'
4844810,TX,TX-240904,2025,actual,7675349.0,-10.593464661970135,-909425.0,https://tea.texas.gov/finance-and-grants/state-funding/state-funding-reports-and-data/peims-financial-data-downloads,2026-04-08,PEIMS audited actual; definition='all funds-total operating expenditures by obj'
4844820,TX,TX-045905,2025,actual,11357893.0,9.957033289084197,1028501.0,https://tea.texas.gov/finance-and-grants/state-funding/state-funding-reports-and-data/peims-financial-data-downloads,2026-04-08,PEIMS audited actual; definition='all funds-total operating expenditures by obj'
4844890,TX,TX-044902,2025,actual,8017010.0,0.11886368415978436,9518.0,https://tea.texas.gov/finance-and-grants/state-funding/state-funding-reports-and-data/peims-financial-data-downloads,2026-04-08,PEIMS audited actual; definition='all funds-total operating expenditures by obj'
4844910,TX,TX-223904,2025,actual,4920363.0,0.653606938204063,31951.0,https://tea.texas.gov/finance-and-grants/state-funding/state-funding-reports-and-data/peims-financial-data-downloads,2026-04-08,PEIMS audited actual; definition='all funds-total operating expenditures by obj'
4844940,TX,TX-037909,2025,actual,3724494.0,-8.999098418934668,-368316.0,https://tea.texas.gov/finance-and-grants/state-funding/state-funding-reports-and-data/peims-financial-data-downloads,2026-04-08,PEIMS audited actual; definition='all funds-total operating expenditures by obj'
4844960,TX,TX-108913,2025,actual,227151214.0,6.5919137324038175,14047606.0,https://tea.texas.gov/finance-and-grants/state-funding/state-funding-reports-and-data/peims-financial-data-downloads,2026-04-08,PEIMS audited actual; definition='all funds-total operating expenditures by obj'
4845000,TX,TX-100908,2025,actual,9099953.0,-3.6600987923148733,-345721.0,https://tea.texas.gov/finance-and-grants/state-funding/state-funding-reports-and-data/peims-financial-data-downloads,2026-04-08,PEIMS audited actual; definition='all funds-total operating expenditures by obj'
4845040,TX,TX-161916,2025,actual,20013521.0,-0.6511442319396097,-131171.0,https://tea.texas.gov/finance-and-grants/state-funding/state-funding-reports-and-data/peims-financial-data-downloads,2026-04-08,PEIMS audited actual; definition='all funds-total operating expenditures by obj'
4845090,TX,TX-181906,2025,actual,34243049.0,0.039550667259021025,13538.0,https://tea.texas.gov/finance-and-grants/state-funding/state-funding-reports-and-data/peims-financial-data-downloads,2026-04-08,PEIMS audited actual; definition='all funds-total operating expenditures by obj'
4845120,TX,TX-178915,2025,actual,26594709.0,0.34677841434356965,91906.0,https://tea.texas.gov/finance-and-grants/state-funding/state-funding-reports-and-data/peims-financial-data-downloads,2026-04-08,PEIMS audited actual; definition='all funds-total operating expenditures by obj'
4845150,TX,TX-201914,2025,actual,14292341.0,-1.162823586004099,-168150.0,https://tea.texas.gov/finance-and-grants/state-funding/state-funding-reports-and-data/peims-financial-data-downloads,2026-04-08,PEIMS audited actual; definition='all funds-total operating expenditures by obj'
4845180,TX,TX-202905,2025,actual,10027727.0,2.945070923980777,286875.0,https://tea.texas.gov/finance-and-grants/state-funding/state-funding-reports-and-data/peims-financial-data-downloads,2026-04-08,PEIMS audited actual; definition='all funds-total operating expenditures by obj'
4845210,TX,TX-168903,2025,actual,4055658.0,4.466203775731093,173390.0,https://tea.texas.gov/finance-and-grants/state-funding/state-funding-reports-and-data/peims-financial-data-downloads,2026-04-08,PEIMS audited actual; definition='all funds-total operating expenditures by obj'
4845380,TX,TX-241904,2025,actual,26154635.0,-7.2069702995363905,-2031356.0,https://tea.texas.gov/finance-and-grants/state-funding/state-funding-reports-and-data/peims-financial-data-downloads,2026-04-08,PEIMS audited actual; definition='all funds-total operating expenditures by obj'
4845420,TX,TX-242903,2025,actual,5482090.0,1.4369693011103852,77660.0,https://tea.texas.gov/finance-and-grants/state-funding/state-funding-reports-and-data/peims-financial-data-downloads,2026-04-08,PEIMS audited actual; definition='all funds-total operating expenditures by obj'
4845450,TX,TX-033904,2025,actual,5693609.0,3.7945776278703387,208150.0,https://tea.texas.gov/finance-and-grants/state-funding/state-funding-reports-and-data/peims-financial-data-downloads,2026-04-08,PEIMS audited actual; definition='all funds-total operating expenditures by obj'
4845480,TX,TX-092908,2025,actual,16972896.0,-6.083526247942228,-1099435.0,https://tea.texas.gov/finance-and-grants/state-funding/state-funding-reports-and-data/peims-financial-data-downloads,2026-04-08,PEIMS audited actual; definition='all funds-total operating expenditures by obj'
4845540,TX,TX-220920,2025,actual,76356702.0,0.5184956359845323,393864.0,https://tea.texas.gov/finance-and-grants/state-funding/state-funding-reports-and-data/peims-financial-data-downloads,2026-04-08,PEIMS audited actual; definition='all funds-total operating expenditures by obj'
4845570,TX,TX-040902,2025,actual,5769338.0,-1.6119584007874677,-94523.0,https://tea.texas.gov/finance-and-grants/state-funding/state-funding-reports-and-data/peims-financial-data-downloads,2026-04-08,PEIMS audited actual; definition='all funds-total operating expenditures by obj'
4845600,TX,TX-212906,2025,actual,56893342.0,-1.0785955244527727,-620340.0,https://tea.texas.gov/finance-and-grants/state-funding/state-funding-reports-and-data/peims-financial-data-downloads,2026-04-08,PEIMS audited actual; definition='all funds-total operating expenditures by obj'
4845630,TX,TX-091909,2025,actual,22417444.0,8.824741315164422,1817860.0,https://tea.texas.gov/finance-and-grants/state-funding/state-funding-reports-and-data/peims-financial-data-downloads,2026-04-08,PEIMS audited actual; definition='all funds-total operating expenditures by obj'
4845670,TX,TX-091910,2025,actual,10903043.0,2.7242305747107376,289147.0,https://tea.texas.gov/finance-and-grants/state-funding/state-funding-reports-and-data/peims-financial-data-downloads,2026-04-08,PEIMS audited actual; definition='all funds-total operating expenditures by obj'
4845690,TX,TX-110908,2025,actual,3182669.0,-0.26070295469616306,-8319.0,https://tea.texas.gov/finance-and-grants/state-funding/state-funding-reports-and-data/peims-financial-data-downloads,2026-04-08,PEIMS audited actual; definition='all funds-total operating expenditures by obj'
4845720,TX,TX-109911,2025,actual,18743053.0,-1.5471959125944539,-294549.0,https://tea.texas.gov/finance-and-grants/state-funding/state-funding-reports-and-data/peims-financial-data-downloads,2026-04-08,PEIMS audited actual; definition='all funds-total operating expenditures by obj'
4845780,TX,TX-243905,2025,actual,149941903.0,2.7381831279596125,3996259.0,https://tea.texas.gov/finance-and-grants/state-funding/state-funding-reports-and-data/peims-financial-data-downloads,2026-04-08,PEIMS audited actual; definition='all funds-total operating expenditures by obj'
4845840,TX,TX-180904,2025,actual,3129208.0,-3.0718212055713425,-99170.0,https://tea.texas.gov/finance-and-grants/state-funding/state-funding-reports-and-data/peims-financial-data-downloads,2026-04-08,PEIMS audited actual; definition='all funds-total operating expenditures by obj'
4845900,TX,TX-170904,2025,actual,101657316.0,7.14256647622941,6776897.0,https://tea.texas.gov/finance-and-grants/state-funding/state-funding-reports-and-data/peims-financial-data-downloads,2026-04-08,PEIMS audited actual; definition='all funds-total operating expenditures by obj'
4845950,TX,TX-234907,2025,actual,34585421.0,5.351793793120107,1756914.0,https://tea.texas.gov/finance-and-grants/state-funding/state-funding-reports-and-data/peims-financial-data-downloads,2026-04-08,PEIMS audited actual; definition='all funds-total operating expenditures by obj'
4845990,TX,TX-153907,2025,actual,2732865.0,-20.067663593716592,-686108.0,https://tea.texas.gov/finance-and-grants/state-funding/state-funding-reports-and-data/peims-financial-data-downloads,2026-04-08,PEIMS audited actual; definition='all funds-total operating expenditures by obj'
4846080,TX,TX-005904,2025,actual,7475413.0,1.8969228147895725,139163.0,https://tea.texas.gov/finance-and-grants/state-funding/state-funding-reports-and-data/peims-financial-data-downloads,2026-04-08,PEIMS audited actual; definition='all funds-total operating expenditures by obj'
4846170,TX,TX-248902,2025,actual,12233947.0,9.735492723825406,1085369.0,https://tea.texas.gov/finance-and-grants/state-funding/state-funding-reports-and-data/peims-financial-data-downloads,2026-04-08,PEIMS audited actual; definition='all funds-total operating expenditures by obj'
4846200,TX,TX-250907,2025,actual,20663443.0,-1.7921701098237806,-377082.0,https://tea.texas.gov/finance-and-grants/state-funding/state-funding-reports-and-data/peims-financial-data-downloads,2026-04-08,PEIMS audited actual; definition='all funds-total operating expenditures by obj'
4846230,TX,TX-212910,2025,actual,19475391.0,4.496926215544474,838105.0,https://tea.texas.gov/finance-and-grants/state-funding/state-funding-reports-and-data/peims-financial-data-downloads,2026-04-08,PEIMS audited actual; definition='all funds-total operating expenditures by obj'
4846260,TX,TX-200904,2025,actual,8646808.0,-4.754756502391869,-431659.0,https://tea.texas.gov/finance-and-grants/state-funding/state-funding-reports-and-data/peims-financial-data-downloads,2026-04-08,PEIMS audited actual; definition='all funds-total operating expenditures by obj'
4846320,TX,TX-174906,2025,actual,11412812.0,-3.7706457439204732,-447199.0,https://tea.texas.gov/finance-and-grants/state-funding/state-funding-reports-and-data/peims-financial-data-downloads,2026-04-08,PEIMS audited actual; definition='all funds-total operating expenditures by obj'
4846350,TX,TX-116909,2025,actual,10505097.0,-0.15159139119817552,-15949.0,https://tea.texas.gov/finance-and-grants/state-funding/state-funding-reports-and-data/peims-financial-data-downloads,2026-04-08,PEIMS audited actual; definition='all funds-total operating expenditures by obj'
4846380,TX,TX-196902,2025,actual,7161229.0,-2.9658230026381722,-218881.0,https://tea.texas.gov/finance-and-grants/state-funding/state-funding-reports-and-data/peims-financial-data-downloads,2026-04-08,PEIMS audited actual; definition='all funds-total operating expenditures by obj'
4846410,TX,TX-224902,2025,actual,3364965.0,3.2576675369245898,106161.0,https://tea.texas.gov/finance-and-grants/state-funding/state-funding-reports-and-data/peims-financial-data-downloads,2026-04-08,PEIMS audited actual; definition='all funds-total operating expenditures by obj'
4846440,TX,TX-229903,2025,actual,19002880.0,-3.652096846402636,-720310.0,https://tea.texas.gov/finance-and-grants/state-funding/state-funding-reports-and-data/peims-financial-data-downloads,2026-04-08,PEIMS audited actual; definition='all funds-total operating expenditures by obj'
4846470,TX,TX-081905,2025,actual,6517320.0,3.2460798673851237,204906.0,https://tea.texas.gov/finance-and-grants/state-funding/state-funding-reports-and-data/peims-financial-data-downloads,2026-04-08,PEIMS audited actual; definition='all funds-total operating expenditures by obj'
4846500,TX,TX-221912,2025,actual,54003204.0,-0.1580219859698544,-85472.0,https://tea.texas.gov/finance-and-grants/state-funding/state-funding-reports-and-data/peims-financial-data-downloads,2026-04-08,PEIMS audited actual; definition='all funds-total operating expenditures by obj'
4846530,TX,TX-043914,2025,actual,229609117.0,5.902340997292744,12796991.0,https://tea.texas.gov/finance-and-grants/state-funding/state-funding-reports-and-data/peims-financial-data-downloads,2026-04-08,PEIMS audited actual; definition='all funds-total operating expenditures by obj'
4846590,TX,TX-250905,2025,actual,5580117.0,12.42615388520926,616755.0,https://tea.texas.gov/finance-and-grants/state-funding/state-funding-reports-and-data/peims-financial-data-downloads,2026-04-08,PEIMS audited actual; definition='all funds-total operating expenditures by obj'
4846620,TX,TX-062903,2025,actual,25736926.0,-3.612350732508168,-964551.0,https://tea.texas.gov/finance-and-grants/state-funding/state-funding-reports-and-data/peims-financial-data-downloads,2026-04-08,PEIMS audited actual; definition='all funds-total operating expenditures by obj'
4846650,TX,TX-062904,2025,actual,9529520.0,7.135035618291356,634652.0,https://tea.texas.gov/finance-and-grants/state-funding/state-funding-reports-and-data/peims-financial-data-downloads,2026-04-08,PEIMS audited actual; definition='all funds-total operating expenditures by obj'
4846680,TX,TX-071905,2025,actual,483880282.0,-3.043727291578494,-15190349.0,https://tea.texas.gov/finance-and-grants/state-funding/state-funding-reports-and-data/peims-financial-data-downloads,2026-04-08,PEIMS audited actual; definition='all funds-total operating expenditures by obj'
4846710,TX,TX-253901,2025,actual,44791051.0,-1.3349123782503811,-606011.0,https://tea.texas.gov/finance-and-grants/state-funding/state-funding-reports-and-data/peims-financial-data-downloads,2026-04-08,PEIMS audited actual; definition='all funds-total operating expenditures by obj'
4846740,TX,TX-003906,2025,actual,5153145.0,2.761295597421568,138470.0,https://tea.texas.gov/finance-and-grants/state-funding/state-funding-reports-and-data/peims-financial-data-downloads,2026-04-08,PEIMS audited actual; definition='all funds-total operating expenditures by obj'
4846770,TX,TX-025906,2025,actual,3196673.0,-2.360717687010417,-77289.0,https://tea.texas.gov/finance-and-grants/state-funding/state-funding-reports-and-data/peims-financial-data-downloads,2026-04-08,PEIMS audited actual; definition='all funds-total operating expenditures by obj'
4899130,TX,TX-066901,2025,actual,5737118.0,-27.117370252658823,-2134604.0,https://tea.texas.gov/finance-and-grants/state-funding/state-funding-reports-and-data/peims-financial-data-downloads,2026-04-08,PEIMS audited actual; definition='all funds-total operating expenditures by obj'
0691051,CA,CA-0110017,2025,actual,91184144.48,19.409130056934984,14821353.430000007,https://www.cde.ca.gov/ds/fd/fd/,2026-02-04,SACS unaudited actual; obj 1000-7999 funds 01-29; dtype='county office of education'
0601770,CA,CA-0161119,2025,actual,237379689.23,23.062671278032173,44486355.47999999,https://www.cde.ca.gov/ds/fd/fd/,2026-02-04,SACS unaudited actual; obj 1000-7999 funds 01-29; dtype='unified school district'
0601860,CA,CA-0161127,2025,actual,95809001.75,3.0192725571827137,2807955.079999998,https://www.cde.ca.gov/ds/fd/fd/,2026-02-04,SACS unaudited actual; obj 1000-7999 funds 01-29; dtype='unified school district'
0604740,CA,CA-0161143,2025,actual,329224617.72,19.89125501784938,54621922.410000026,https://www.cde.ca.gov/ds/fd/fd/,2026-02-04,SACS unaudited actual; obj 1000-7999 funds 01-29; dtype='unified school district'
0607800,CA,CA-0161150,2025,actual,214507659.1,5.213850094423588,10629881.689999998,https://www.cde.ca.gov/ds/fd/fd/,2026-02-04,SACS unaudited actual; obj 1000-7999 funds 01-29; dtype='unified school district'
0612630,CA,CA-0161168,2025,actual,20955928.17,6.773883526251521,1329473.200000003,https://www.cde.ca.gov/ds/fd/fd/,2026-02-04,SACS unaudited actual; obj 1000-7999 funds 01-29; dtype='unified school district'
0614400,CA,CA-0161176,2025,actual,634098405.74,1.098278245453307,6888509.840000033,https://www.cde.ca.gov/ds/fd/fd/,2026-02-04,SACS unaudited actual; obj 1000-7999 funds 01-29; dtype='unified school district'
0616740,CA,CA-0161192,2025,actual,545824891.9300001,3.1005114227738084,16414431.790000081,https://www.cde.ca.gov/ds/fd/fd/,2026-02-04,SACS unaudited actual; obj 1000-7999 funds 01-29; dtype='unified school district'
0622110,CA,CA-0161200,2025,actual,238235741.3,2.186934883634402,5098558.380000025,https://www.cde.ca.gov/ds/fd/fd/,2026-02-04,SACS unaudited actual; obj 1000-7999 funds 01-29; dtype='unified school district'
0627060,CA,CA-0161234,2025,actual,93004780.71,5.249546670557492,4638812.729999989,https://www.cde.ca.gov/ds/fd/fd/,2026-02-04,SACS unaudited actual; obj 1000-7999 funds 01-29; dtype='unified school district'
0626910,CA,CA-0161242,2025,actual,200790956.85999998,-0.536447020521634,-1082946.5400000215,https://www.cde.ca.gov/ds/fd/fd/,2026-02-04,SACS unaudited actual; obj 1000-7999 funds 01-29; dtype='unified school district'
0628050,CA,CA-0161259,2025,actual,1037963165.8,3.4140278677164684,34266484.40999997,https://www.cde.ca.gov/ds/fd/fd/,2026-02-04,SACS unaudited actual; obj 1000-7999 funds 01-29; dtype='unified school district'
0630330,CA,CA-0161275,2025,actual,56299412.910000004,3.39474589216381,1848471.1100000069,https://www.cde.ca.gov/ds/fd/fd/,2026-02-04,SACS unaudited actual; obj 1000-7999 funds 01-29; dtype='unified school district'
0634680,CA,CA-0161291,2025,actual,232846248.76,-5.052476616538596,-12390530.950000018,https://www.cde.ca.gov/ds/fd/fd/,2026-02-04,SACS unaudited actual; obj 1000-7999 funds 01-29; dtype='unified school district'
0634710,CA,CA-0161309,2025,actual,218928795.94,18.188895659288505,33692446.349999994,https://www.cde.ca.gov/ds/fd/fd/,2026-02-04,SACS unaudited actual; obj 1000-7999 funds 01-29; dtype='unified school district'
0600019,CA,CA-0175093,2025,actual,319596107.36,-16.008488759085907,-60913902.089999974,https://www.cde.ca.gov/ds/fd/fd/,2026-02-04,SACS unaudited actual; obj 1000-7999 funds 01-29; dtype='unified school district'
0600020,CA,CA-0175101,2025,actual,307933904.13,4.919012805017911,14437143.25,https://www.cde.ca.gov/ds/fd/fd/,2026-02-04,SACS unaudited actual; obj 1000-7999 funds 01-29; dtype='unified school district'
0691058,CA,CA-0210025,2025,actual,4096923.06,32.166454856025304,997102.4100000001,https://www.cde.ca.gov/ds/fd/fd/,2026-02-04,SACS unaudited actual; obj 1000-7999 funds 01-29; dtype='county office of education'
0602070,CA,CA-0261333,2025,actual,4390894.16,5.819283400229678,241466.93000000017,https://www.cde.ca.gov/ds/fd/fd/,2026-02-04,SACS unaudited actual; obj 1000-7999 funds 01-29; dtype='unified school district'
0691001,CA,CA-0310033,2025,actual,15929031.77,14.491565763362042,2016188.789999999,https://www.cde.ca.gov/ds/fd/fd/,2026-02-04,SACS unaudited actual; obj 1000-7999 funds 01-29; dtype='county office of education'
0602450,CA,CA-0373981,2025,actual,81563144.6,17.272651991517797,12013131.689999998,https://www.cde.ca.gov/ds/fd/fd/,2026-02-04,SACS unaudited actual; obj 1000-7999 funds 01-29; dtype='unified school district'
0691002,CA,CA-0410041,2025,actual,180862066.33,-8.893292373329075,-17654674.139999986,https://www.cde.ca.gov/ds/fd/fd/,2026-02-04,SACS unaudited actual; obj 1000-7999 funds 01-29; dtype='county office of education'
0605040,CA,CA-0461408,2025,actual,10952735.48,-7.551767272225965,-894690.0,https://www.cde.ca.gov/ds/fd/fd/,2026-02-04,SACS unaudited actual; obj 1000-7999 funds 01-29; dtype='unified school district'
0608370,CA,CA-0461424,2025,actual,242245958.17000002,-1.6961141080363524,-4179659.669999987,https://www.cde.ca.gov/ds/fd/fd/,2026-02-04,SACS unaudited actual; obj 1000-7999 funds 01-29; dtype='unified school district'
0611730,CA,CA-0461432,2025,actual,20709275.169999998,-6.345157659261123,-1403062.700000003,https://www.cde.ca.gov/ds/fd/fd/,2026-02-04,SACS unaudited actual; obj 1000-7999 funds 01-29; dtype='unified school district'
0629100,CA,CA-0461507,2025,actual,53855303.97,6.616677647581365,3342283.719999999,https://www.cde.ca.gov/ds/fd/fd/,2026-02-04,SACS unaudited actual; obj 1000-7999 funds 01-29; dtype='elementary school district'
0629820,CA,CA-0461531,2025,actual,52566995.53,10.652043742684985,5060421.090000004,https://www.cde.ca.gov/ds/fd/fd/,2026-02-04,SACS unaudited actual; obj 1000-7999 funds 01-29; dtype='unified school district'
0600051,CA,CA-0475507,2025,actual,42079055.05,-6.323398881968976,-2840438.7700000033,https://www.cde.ca.gov/ds/fd/fd/,2026-02-04,SACS unaudited actual; obj 1000-7999 funds 01-29; dtype='unified school district'
0691003,CA,CA-0510058,2025,actual,22940466.5,4.928077377597803,1077427.4800000004,https://www.cde.ca.gov/ds/fd/fd/,2026-02-04,SACS unaudited actual; obj 1000-7999 funds 01-29; dtype='county office of education'
0606870,CA,CA-0561564,2025,actual,46506632.07,-3.9358624077643714,-1905432.240000002,https://www.cde.ca.gov/ds/fd/fd/,2026-02-04,SACS unaudited actual; obj 1000-7999 funds 01-29; dtype='unified school district'
0691004,CA,CA-0610066,2025,actual,35996163.46,13.835253960146723,4374884.280000001,https://www.cde.ca.gov/ds/fd/fd/,2026-02-04,SACS unaudited actual; obj 1000-7999 funds 01-29; dtype='county office of education'
0609570,CA,CA-0661598,2025,actual,29874915.68,2.7626043161619536,803138.1799999997,https://www.cde.ca.gov/ds/fd/fd/,2026-02-04,SACS unaudited actual; obj 1000-7999 funds 01-29; dtype='unified school district'
0624150,CA,CA-0661606,2025,actual,9019160.39,20.52708914351593,1536062.2300000004,https://www.cde.ca.gov/ds/fd/fd/,2026-02-04,SACS unaudited actual; obj 1000-7999 funds 01-29; dtype='unified school district'
0630360,CA,CA-0661614,2025,actual,28403864.74,10.924893451795658,2797471.209999997,https://www.cde.ca.gov/ds/fd/fd/,2026-02-04,SACS unaudited actual; obj 1000-7999 funds 01-29; dtype='unified school district'
0642540,CA,CA-0661622,2025,actual,27071794.43,7.336511163936945,1850372.4399999976,https://www.cde.ca.gov/ds/fd/fd/,2026-02-04,SACS unaudited actual; obj 1000-7999 funds 01-29; dtype='unified school district'
0691005,CA,CA-0710074,2025,actual,118211839.23,12.116813246207382,12775521.689999998,https://www.cde.ca.gov/ds/fd/fd/,2026-02-04,SACS unaudited actual; obj 1000-7999 funds 01-29; dtype='county office of education'
0602850,CA,CA-0761648,2025,actual,358692197.61,8.553543654441652,28263373.699999988,https://www.cde.ca.gov/ds/fd/fd/,2026-02-04,SACS unaudited actual; obj 1000-7999 funds 01-29; dtype='unified school district'
0606750,CA,CA-0761663,2025,actual,22716212.52,-1.087154861277372,-249674.76000000164,https://www.cde.ca.gov/ds/fd/fd/,2026-02-04,SACS unaudited actual; obj 1000-7999 funds 01-29; dtype='elementary school district'
0618990,CA,CA-0761697,2025,actual,28148545.4,4.601800141587535,1238353.259999998,https://www.cde.ca.gov/ds/fd/fd/,2026-02-04,SACS unaudited actual; obj 1000-7999 funds 01-29; dtype='unified school district'
0624030,CA,CA-0761739,2025,actual,77508974.06,-16.29573212173528,-15089618.61,https://www.cde.ca.gov/ds/fd/fd/,2026-02-04,SACS unaudited actual; obj 1000-7999 funds 01-29; dtype='unified school district'
0626370,CA,CA-0761754,2025,actual,612115198.83,14.00971816368845,75217810.88,https://www.cde.ca.gov/ds/fd/fd/,2026-02-04,SACS unaudited actual; obj 1000-7999 funds 01-29; dtype='unified school district'
0630600,CA,CA-0761788,2025,actual,276204998.64,15.645039983157675,37366395.02999997,https://www.cde.ca.gov/ds/fd/fd/,2026-02-04,SACS unaudited actual; obj 1000-7999 funds 01-29; dtype='unified school district'
0632550,CA,CA-0761796,2025,actual,628380478.28,2.281344070472481,14015772.779999971,https://www.cde.ca.gov/ds/fd/fd/,2026-02-04,SACS unaudited actual; obj 1000-7999 funds 01-29; dtype='unified school district'
0635130,CA,CA-0761804,2025,actual,503527301.21,-1.9480348713526545,-10003764.23000002,https://www.cde.ca.gov/ds/fd/fd/,2026-02-04,SACS unaudited actual; obj 1000-7999 funds 01-29; dtype='unified school district'
0691063,CA,CA-0810082,2025,actual,15506737.14,3.008081193027447,452833.6400000006,https://www.cde.ca.gov/ds/fd/fd/,2026-02-04,SACS unaudited actual; obj 1000-7999 funds 01-29; dtype='county office of education'
0610770,CA,CA-0861820,2025,actual,83307786.22,7.633981803747021,5908636.969999999,https://www.cde.ca.gov/ds/fd/fd/,2026-02-04,SACS unaudited actual; obj 1000-7999 funds 01-29; dtype='unified school district'
0691006,CA,CA-0910090,2025,actual,430398598.46999997,7.294935110656466,29262610.059999943,https://www.cde.ca.gov/ds/fd/fd/,2026-02-04,SACS unaudited actual; obj 1000-7999 funds 01-29; dtype='county office of education'
0606270,CA,CA-0961838,2025,actual,66889925.96,3.354668785978359,2171102.1799999997,https://www.cde.ca.gov/ds/fd/fd/,2026-02-04,SACS unaudited actual; obj 1000-7999 funds 01-29; dtype='elementary school district'
0620640,CA,CA-0961903,2025,actual,64933759.72,-0.1737615751383868,-113026.3200000003,https://www.cde.ca.gov/ds/fd/fd/,2026-02-04,SACS unaudited actual; obj 1000-7999 funds 01-29; dtype='unified school district'
0605240,CA,CA-0973783,2025,actual,29217995.48,33.10442909179105,7266813.48,https://www.cde.ca.gov/ds/fd/fd/,2026-02-04,SACS unaudited actual; obj 1000-7999 funds 01-29; dtype='unified school district'
0691007,CA,CA-1010108,2025,actual,360400667.38,7.363186833838689,24717014.52999997,https://www.cde.ca.gov/ds/fd/fd/,2026-02-04,SACS unaudited actual; obj 1000-7999 funds 01-29; dtype='county office of education'
0609030,CA,CA-1062117,2025,actual,1027291440.27,16.039517586194055,141996963.31999993,https://www.cde.ca.gov/ds/fd/fd/,2026-02-04,SACS unaudited actual; obj 1000-7999 funds 01-29; dtype='unified school district'
0609120,CA,CA-1062125,2025,actual,109482688.52,8.955593305368573,8998917.839999989,https://www.cde.ca.gov/ds/fd/fd/,2026-02-04,SACS unaudited actual; obj 1000-7999 funds 01-29; dtype='unified school district'
0614250,CA,CA-1062158,2025,actual,63220453.33,7.6664094559225875,4501625.75,https://www.cde.ca.gov/ds/fd/fd/,2026-02-04,SACS unaudited actual; obj 1000-7999 funds 01-29; dtype='unified school district'
0614550,CA,CA-1062166,2025,actual,1927234637.82,7.029542458975503,126577927.96000004,https://www.cde.ca.gov/ds/fd/fd/,2026-02-04,SACS unaudited actual; obj 1000-7999 funds 01-29; dtype='unified school district'
0619700,CA,CA-1062265,2025,actual,223805696.5,-9.575394177226713,-23699608.569999993,https://www.cde.ca.gov/ds/fd/fd/,2026-02-04,SACS unaudited actual; obj 1000-7999 funds 01-29; dtype='unified school district'
0621150,CA,CA-1062281,2025,actual,20857876.07,15.211684386622323,2753917.1000000015,https://www.cde.ca.gov/ds/fd/fd/,2026-02-04,SACS unaudited actual; obj 1000-7999 funds 01-29; dtype='unified school district'
0628530,CA,CA-1062331,2025,actual,10965400.67,42.77508276345686,3285208.54,https://www.cde.ca.gov/ds/fd/fd/,2026-02-04,SACS unaudited actual; obj 1000-7999 funds 01-29; dtype='elementary school district'
0629910,CA,CA-1062364,2025,actual,93790718.21,4.504139574823125,4042389.969999999,https://www.cde.ca.gov/ds/fd/fd/,2026-02-04,SACS unaudited actual; obj 1000-7999 funds 01-29; dtype='unified school district'
0631680,CA,CA-1062380,2025,actual,6815043.22,7.076271611590043,450380.7999999998,https://www.cde.ca.gov/ds/fd/fd/,2026-02-04,SACS unaudited actual; obj 1000-7999 funds 01-29; dtype='elementary school district'
0635250,CA,CA-1062414,2025,actual,292656853.92,2.751038750728305,7835544.590000033,https://www.cde.ca.gov/ds/fd/fd/,2026-02-04,SACS unaudited actual; obj 1000-7999 funds 01-29; dtype='unified school district'
0636270,CA,CA-1062430,2025,actual,152871133.09,-3.105261932265605,-4899181.520000011,https://www.cde.ca.gov/ds/fd/fd/,2026-02-04,SACS unaudited actual; obj 1000-7999 funds 01-29; dtype='unified school district'
0642060,CA,CA-1062539,2025,actual,12218317.33,7.947154297882196,899522.1199999992,https://www.cde.ca.gov/ds/fd/fd/,2026-02-04,SACS unaudited actual; obj 1000-7999 funds 01-29; dtype='elementary school district'
0642210,CA,CA-1062547,2025,actual,6862511.75,6.169710995340508,398792.78000000026,https://www.cde.ca.gov/ds/fd/fd/,2026-02-04,SACS unaudited actual; obj 1000-7999 funds 01-29; dtype='elementary school district'
0613840,CA,CA-1073809,2025,actual,55714265.98,9.037342451242587,4617765.709999993,https://www.cde.ca.gov/ds/fd/fd/,2026-02-04,SACS unaudited actual; obj 1000-7999 funds 01-29; dtype='unified school district'
0607970,CA,CA-1073965,2025,actual,347440372.0,-7.383324071895582,-27697656.350000024,https://www.cde.ca.gov/ds/fd/fd/,2026-02-04,SACS unaudited actual; obj 1000-7999 funds 01-29; dtype='unified school district'
0619490,CA,CA-1073999,2025,actual,108280468.33,-15.221201094122883,-19440695.129999995,https://www.cde.ca.gov/ds/fd/fd/,2026-02-04,SACS unaudited actual; obj 1000-7999 funds 01-29; dtype='unified school district'
0600022,CA,CA-1075127,2025,actual,96685285.36,7.256155254863359,6541008.670000002,https://www.cde.ca.gov/ds/fd/fd/,2026-02-04,SACS unaudited actual; obj 1000-7999 funds 01-29; dtype='unified school district'
0691134,CA,CA-1075234,2025,actual,41988078.84,9.306851272627469,3575044.0200000033,https://www.cde.ca.gov/ds/fd/fd/,2026-02-04,SACS unaudited actual; obj 1000-7999 funds 01-29; dtype='unified school district'
0636805,CA,CA-1075275,2025,actual,27375519.53,1.7555623317712636,472302.7400000021,https://www.cde.ca.gov/ds/fd/fd/,2026-02-04,SACS unaudited actual; obj 1000-7999 funds 01-29; dtype='unified school district'
0600040,CA,CA-1075408,2025,actual,42914310.09,32.62013417399775,10555490.400000002,https://www.cde.ca.gov/ds/fd/fd/,2026-02-04,SACS unaudited actual; obj 1000-7999 funds 01-29; dtype='unified school district'
0600067,CA,CA-1075598,2025,actual,42341491.29,4.056843665656253,1650759.3800000027,https://www.cde.ca.gov/ds/fd/fd/,2026-02-04,SACS unaudited actual; obj 1000-7999 funds 01-29; dtype='unified school district'
0601415,CA,CA-1076778,2025,actual,73354400.7,0.872891483807587,634763.5199999958,https://www.cde.ca.gov/ds/fd/fd/,2026-02-04,SACS unaudited actual; obj 1000-7999 funds 01-29; dtype='unified school district'
0691008,CA,CA-1110116,2025,actual,49241028.08,12.37378700044607,5422065.140000001,https://www.cde.ca.gov/ds/fd/fd/,2026-02-04,SACS unaudited actual; obj 1000-7999 funds 01-29; dtype='county office of education'
0620610,CA,CA-1162596,2025,actual,3726211.78,17.068893959163315,543289.6099999999,https://www.cde.ca.gov/ds/fd/fd/,2026-02-04,SACS unaudited actual; obj 1000-7999 funds 01-29; dtype='elementary school district'
0631620,CA,CA-1162646,2025,actual,4746938.17,1.8915549612374163,88124.03000000026,https://www.cde.ca.gov/ds/fd/fd/,2026-02-04,SACS unaudited actual; obj 1000-7999 funds 01-29; dtype='unified school district'
0638070,CA,CA-1162653,2025,actual,3475946.58,9.42476099404416,299383.48,https://www.cde.ca.gov/ds/fd/fd/,2026-02-04,SACS unaudited actual; obj 1000-7999 funds 01-29; dtype='unified school district'
0642710,CA,CA-1162661,2025,actual,31177729.69,14.385926709673742,3921116.41,https://www.cde.ca.gov/ds/fd/fd/,2026-02-04,SACS unaudited actual; obj 1000-7999 funds 01-29; dtype='unified school district'
0600045,CA,CA-1175481,2025,actual,52413087.89,16.034966315237263,7243007.219999999,https://www.cde.ca.gov/ds/fd/fd/,2026-02-04,SACS unaudited actual; obj 1000-7999 funds 01-29; dtype='unified school district'
0601339,CA,CA-1176562,2025,actual,16255152.25,6.706458798742632,1021629.9000000004,https://www.cde.ca.gov/ds/fd/fd/,2026-02-04,SACS unaudited actual; obj 1000-7999 funds 01-29; dtype='unified school district'
0691009,CA,CA-1210124,2025,actual,79414332.1,7.59478660395435,5605614.589999989,https://www.cde.ca.gov/ds/fd/fd/,2026-02-04,SACS unaudited actual; obj 1000-7999 funds 01-29; dtype='county office of education'
0603000,CA,CA-1262679,2025,actual,25037236.2,3.361727963706284,814308.9199999981,https://www.cde.ca.gov/ds/fd/fd/,2026-02-04,SACS unaudited actual; obj 1000-7999 funds 01-29; dtype='elementary school district'
0603030,CA,CA-1262687,2025,actual,39044553.99,8.592715919908338,3089514.410000004,https://www.cde.ca.gov/ds/fd/fd/,2026-02-04,SACS unaudited actual; obj 1000-7999 funds 01-29; dtype='high school district'
0619950,CA,CA-1262901,2025,actual,26876309.4,7.161815999671662,1796191.8699999973,https://www.cde.ca.gov/ds/fd/fd/,2026-02-04,SACS unaudited actual; obj 1000-7999 funds 01-29; dtype='unified school district'
0637350,CA,CA-1263032,2025,actual,10150673.56,-1.5264283486068797,-157344.50999999978,https://www.cde.ca.gov/ds/fd/fd/,2026-02-04,SACS unaudited actual; obj 1000-7999 funds 01-29; dtype='elementary school district'
0637590,CA,CA-1263040,2025,actual,17896473.31,22.366175073878935,3271129.9099999983,https://www.cde.ca.gov/ds/fd/fd/,2026-02-04,SACS unaudited actual; obj 1000-7999 funds 01-29; dtype='unified school district'
0600037,CA,CA-1275374,2025,actual,10531863.1,-6.688251930903832,-754886.2300000004,https://www.cde.ca.gov/ds/fd/fd/,2026-02-04,SACS unaudited actual; obj 1000-7999 funds 01-29; dtype='unified school district'
0600038,CA,CA-1275382,2025,actual,1311249.49,-5.882089265258273,-81949.18999999994,https://www.cde.ca.gov/ds/fd/fd/,2026-02-04,SACS unaudited actual; obj 1000-7999 funds 01-29; dtype='unified school district'
0600052,CA,CA-1275515,2025,actual,90045623.01,0.31585312641446756,283516.4200000018,https://www.cde.ca.gov/ds/fd/fd/,2026-02-04,SACS unaudited actual; obj 1000-7999 funds 01-29; dtype='unified school district'
0691010,CA,CA-1310132,2025,actual,175023910.01,0.12509420284748826,218671.2199999988,https://www.cde.ca.gov/ds/fd/fd/,2026-02-04,SACS unaudited actual; obj 1000-7999 funds 01-29; dtype='county office of education'
0606900,CA,CA-1363099,2025,actual,213209150.22,2.974554160389529,6158824.090000004,https://www.cde.ca.gov/ds/fd/fd/,2026-02-04,SACS unaudited actual; obj 1000-7999 funds 01-29; dtype='unified school district'
0606990,CA,CA-1363107,2025,actual,29393696.87,18.433516886521197,4574965.109999999,https://www.cde.ca.gov/ds/fd/fd/,2026-02-04,SACS unaudited actual; obj 1000-7999 funds 01-29; dtype='unified school district'
0617430,CA,CA-1363149,2025,actual,39197895.14,0.22025527165468586,86145.68999999762,https://www.cde.ca.gov/ds/fd/fd/,2026-02-04,SACS unaudited actual; obj 1000-7999 funds 01-29; dtype='unified school district'
0618210,CA,CA-1363164,2025,actual,93782639.04,10.306210056789856,8762367.75,https://www.cde.ca.gov/ds/fd/fd/,2026-02-04,SACS unaudited actual; obj 1000-7999 funds 01-29; dtype='unified school district'
0635070,CA,CA-1363214,2025,actual,19945162.89,-10.296981242374956,-2289498.960000001,https://www.cde.ca.gov/ds/fd/fd/,2026-02-04,SACS unaudited actual; obj 1000-7999 funds 01-29; dtype='unified school district'
0691011,CA,CA-1410140,2025,actual,52563248.98,6.684490001935299,3293435.7399999946,https://www.cde.ca.gov/ds/fd/fd/,2026-02-04,SACS unaudited actual; obj 1000-7999 funds 01-29; dtype='county office of education'
0604950,CA,CA-1463248,2025,actual,5968237.3100000005,6.429676282936718,360555.7700000005,https://www.cde.ca.gov/ds/fd/fd/,2026-02-04,SACS unaudited actual; obj 1000-7999 funds 01-29; dtype='unified school district'
0610680,CA,CA-1463271,2025,actual,1951955.62,12.317284623717962,214061.38000000012,https://www.cde.ca.gov/ds/fd/fd/,2026-02-04,SACS unaudited actual; obj 1000-7999 funds 01-29; dtype='unified school district'
0622440,CA,CA-1463289,2025,actual,10144834.81,5.886762768566339,564000.9600000009,https://www.cde.ca.gov/ds/fd/fd/,2026-02-04,SACS unaudited actual; obj 1000-7999 funds 01-29; dtype='unified school district'
0629190,CA,CA-1463297,2025,actual,3807148.43,11.191826194260624,383202.1200000001,https://www.cde.ca.gov/ds/fd/fd/,2026-02-04,SACS unaudited actual; obj 1000-7999 funds 01-29; dtype='unified school district'
0601409,CA,CA-1476687,2025,actual,37330975.77,-3.915922095934475,-1521429.9399999976,https://www.cde.ca.gov/ds/fd/fd/,2026-02-04,SACS unaudited actual; obj 1000-7999 funds 01-29; dtype='unified school district'
0691012,CA,CA-1510157,2025,actual,533125959.86,2.320676638155219,12091524.420000017,https://www.cde.ca.gov/ds/fd/fd/,2026-02-04,SACS unaudited actual; obj 1000-7999 funds 01-29; dtype='county office of education'
0619540,CA,CA-1563529,2025,actual,962357175.56,2.362175228856651,22207971.609999895,https://www.cde.ca.gov/ds/fd/fd/,2026-02-04,SACS unaudited actual; obj 1000-7999 funds 01-29; dtype='high school district'
0623820,CA,CA-1563628,2025,actual,12029617.89,-25.157253943721912,-4043573.5999999996,https://www.cde.ca.gov/ds/fd/fd/,2026-02-04,SACS unaudited actual; obj 1000-7999 funds 01-29; dtype='unified school district'
0625230,CA,CA-1563677,2025,actual,72534106.58,5.8054445779702455,3979877.7600000054,https://www.cde.ca.gov/ds/fd/fd/,2026-02-04,SACS unaudited actual; obj 1000-7999 funds 01-29; dtype='unified school district'
0626490,CA,CA-1563685,2025,actual,36302761.730000004,7.218725691443304,2444159.610000007,https://www.cde.ca.gov/ds/fd/fd/,2026-02-04,SACS unaudited actual; obj 1000-7999 funds 01-29; dtype='unified school district'
0637620,CA,CA-1563776,2025,actual,84017781.29,12.028736296100313,9021147.330000013,https://www.cde.ca.gov/ds/fd/fd/,2026-02-04,SACS unaudited actual; obj 1000-7999 funds 01-29; dtype='unified school district'
0638880,CA,CA-1563826,2025,actual,72893640.75,3.4004539546284103,2397199.0400000066,https://www.cde.ca.gov/ds/fd/fd/,2026-02-04,SACS unaudited actual; obj 1000-7999 funds 01-29; dtype='unified school district'
0636800,CA,CA-1573742,2025,actual,97281152.28,4.841877493155964,4492703.040000007,https://www.cde.ca.gov/ds/fd/fd/,2026-02-04,SACS unaudited actual; obj 1000-7999 funds 01-29; dtype='unified school district'
0624230,CA,CA-1573908,2025,actual,85328585.32,0.18400798783330946,156723.0299999863,https://www.cde.ca.gov/ds/fd/fd/,2026-02-04,SACS unaudited actual; obj 1000-7999 funds 01-29; dtype='unified school district'
0600026,CA,CA-1575168,2025,actual,16262526.38,-2.9264157847402745,-490256.06999999844,https://www.cde.ca.gov/ds/fd/fd/,2026-02-04,SACS unaudited actual; obj 1000-7999 funds 01-29; dtype='unified school district'
0691013,CA,CA-1610165,2025,actual,95980390.17,7.240042064642768,6479874.950000003,https://www.cde.ca.gov/ds/fd/fd/,2026-02-04,SACS unaudited actual; obj 1000-7999 funds 01-29; dtype='county office of education'
0603180,CA,CA-1663875,2025,actual,24067532.37,4.038324336012016,934199.0300000012,https://www.cde.ca.gov/ds/fd/fd/,2026-02-04,SACS unaudited actual; obj 1000-7999 funds 01-29; dtype='elementary school district'
0609690,CA,CA-1663891,2025,actual,67057596.85,-1.2976024952104337,-881580.4600000009,https://www.cde.ca.gov/ds/fd/fd/,2026-02-04,SACS unaudited actual; obj 1000-7999 funds 01-29; dtype='unified school district'
0619890,CA,CA-1663958,2025,actual,8616157.29,4.146594452152954,343052.1199999992,https://www.cde.ca.gov/ds/fd/fd/,2026-02-04,SACS unaudited actual; obj 1000-7999 funds 01-29; dtype='elementary school district'
0632270,CA,CA-1673932,2025,actual,67240985.53,-5.9028097983862775,-4218093.519999996,https://www.cde.ca.gov/ds/fd/fd/,2026-02-04,SACS unaudited actual; obj 1000-7999 funds 01-29; dtype='unified school district'
0691014,CA,CA-1710173,2025,actual,35440799.68,11.796992306317204,3739768.2399999984,https://www.cde.ca.gov/ds/fd/fd/,2026-02-04,SACS unaudited actual; obj 1000-7999 funds 01-29; dtype='county office of education'
0619320,CA,CA-1764014,2025,actual,37347311.15,11.940912272972426,3983896.1199999973,https://www.cde.ca.gov/ds/fd/fd/,2026-02-04,SACS unaudited actual; obj 1000-7999 funds 01-29; dtype='unified school district'
0620070,CA,CA-1764022,2025,actual,99845674.09,20.88868382121086,17252605.049999997,https://www.cde.ca.gov/ds/fd/fd/,2026-02-04,SACS unaudited actual; obj 1000-7999 funds 01-29; dtype='unified school district'
0620670,CA,CA-1764030,2025,actual,32893610.3,13.017293895495499,3788674.9700000025,https://www.cde.ca.gov/ds/fd/fd/,2026-02-04,SACS unaudited actual; obj 1000-7999 funds 01-29; dtype='unified school district'
0624750,CA,CA-1764055,2025,actual,30632932.09,-0.10885156022269536,-33380.759999997914,https://www.cde.ca.gov/ds/fd/fd/,2026-02-04,SACS unaudited actual; obj 1000-7999 funds 01-29; dtype='unified school district'
0601442,CA,CA-1776976,2025,actual,25197334.18,6.284680477095838,1489934.3299999982,https://www.cde.ca.gov/ds/fd/fd/,2026-02-04,SACS unaudited actual; obj 1000-7999 funds 01-29; dtype='unified school district'
0691015,CA,CA-1810181,2025,actual,17240929.98,-1.500755630415426,-262686.5099999979,https://www.cde.ca.gov/ds/fd/fd/,2026-02-04,SACS unaudited actual; obj 1000-7999 funds 01-29; dtype='county office of education'
0605010,CA,CA-1864089,2025,actual,3146592.48,-0.6406116041256326,-20287.399999999907,https://www.cde.ca.gov/ds/fd/fd/,2026-02-04,SACS unaudited actual; obj 1000-7999 funds 01-29; dtype='unified school district'
0638550,CA,CA-1864196,2025,actual,15354326.9,0.3415909497957732,52270.43999999948,https://www.cde.ca.gov/ds/fd/fd/,2026-02-04,SACS unaudited actual; obj 1000-7999 funds 01-29; dtype='elementary school district'
0642300,CA,CA-1864204,2025,actual,4504622.39,11.48388322812509,464018.2599999998,https://www.cde.ca.gov/ds/fd/fd/,2026-02-04,SACS unaudited actual; obj 1000-7999 funds 01-29; dtype='unified school district'
0600011,CA,CA-1875036,2025,actual,5695510.18,11.853837682796716,603588.1699999999,https://www.cde.ca.gov/ds/fd/fd/,2026-02-04,SACS unaudited actual; obj 1000-7999 funds 01-29; dtype='unified school district'
0691078,CA,CA-1910199,2025,actual,767190945.75,3.8132093873201636,28180033.48000002,https://www.cde.ca.gov/ds/fd/fd/,2026-02-04,SACS unaudited actual; obj 1000-7999 funds 01-29; dtype='county office of education'
0601620,CA,CA-1964212,2025,actual,420898014.66,-1.517337339321459,-6484839.629999995,https://www.cde.ca.gov/ds/fd/fd/,2026-02-04,SACS unaudited actual; obj 1000-7999 funds 01-29; dtype='unified school district'
0602820,CA,CA-1964246,2025,actual,431023248.82,5.1795901883231155,21225827.050000012,https://www.cde.ca.gov/ds/fd/fd/,2026-02-04,SACS unaudited actual; obj 1000-7999 funds 01-29; dtype='high school district'
0602970,CA,CA-1964261,2025,actual,192517820.34,10.207171039310069,17830621.199999988,https://www.cde.ca.gov/ds/fd/fd/,2026-02-04,SACS unaudited actual; obj 1000-7999 funds 01-29; dtype='unified school district'
0603600,CA,CA-1964279,2025,actual,167175390.34,2.8111758594517156,4571092.75999999,https://www.cde.ca.gov/ds/fd/fd/,2026-02-04,SACS unaudited actual; obj 1000-7999 funds 01-29; dtype='unified school district'
0603690,CA,CA-1964287,2025,actual,279066693.28,-7.108288372297084,-21354828.070000052,https://www.cde.ca.gov/ds/fd/fd/,2026-02-04,SACS unaudited actual; obj 1000-7999 funds 01-29; dtype='unified school district'
0604110,CA,CA-1964295,2025,actual,97321266.76,8.839645220769047,7904155.410000011,https://www.cde.ca.gov/ds/fd/fd/,2026-02-04,SACS unaudited actual; obj 1000-7999 funds 01-29; dtype='unified school district'
0604440,CA,CA-1964303,2025,actual,259828651.88,1.6790059413278768,4290500.74000001,https://www.cde.ca.gov/ds/fd/fd/,2026-02-04,SACS unaudited actual; obj 1000-7999 funds 01-29; dtype='unified school district'
0604830,CA,CA-1964311,2025,actual,159874757.05,11.88606018007768,16984072.73000002,https://www.cde.ca.gov/ds/fd/fd/,2026-02-04,SACS unaudited actual; obj 1000-7999 funds 01-29; dtype='unified school district'
0605610,CA,CA-1964329,2025,actual,175665746.32,2.674732404005752,4576187.8599999845,https://www.cde.ca.gov/ds/fd/fd/,2026-02-04,SACS unaudited actual; obj 1000-7999 funds 01-29; dtype='unified school district'
0606450,CA,CA-1964337,2025,actual,275173105.86,14.650053653946662,35161786.99000001,https://www.cde.ca.gov/ds/fd/fd/,2026-02-04,SACS unaudited actual; obj 1000-7999 funds 01-29; dtype='unified school district'
0608190,CA,CA-1964378,2025,actual,93998766.13,2.2604037636072762,2077785.3100000024,https://www.cde.ca.gov/ds/fd/fd/,2026-02-04,SACS unaudited actual; obj 1000-7999 funds 01-29; dtype='unified school district'
0608760,CA,CA-1964394,2025,actual,124413518.61999999,0.9052572390212666,1116158.2799999863,https://www.cde.ca.gov/ds/fd/fd/,2026-02-04,SACS unaudited actual; obj 1000-7999 funds 01-29; dtype='unified school district'
0610050,CA,CA-1964436,2025,actual,347430726.73,2.7058437319931765,9153259.640000045,https://www.cde.ca.gov/ds/fd/fd/,2026-02-04,SACS unaudited actual; obj 1000-7999 funds 01-29; dtype='unified school district'
0610260,CA,CA-1964444,2025,actual,153294149.09,1.347490056061055,2038159.419999987,https://www.cde.ca.gov/ds/fd/fd/,2026-02-04,SACS unaudited actual; obj 1000-7999 funds 01-29; dtype='unified school district'
0611460,CA,CA-1964451,2025,actual,543836095.75,9.528568823278215,47311671.49000001,https://www.cde.ca.gov/ds/fd/fd/,2026-02-04,SACS unaudited actual; obj 1000-7999 funds 01-29; dtype='unified school district'
0611520,CA,CA-1964469,2025,actual,87534115.64999999,17.682264526997145,13152375.969999999,https://www.cde.ca.gov/ds/fd/fd/,2026-02-04,SACS unaudited actual; obj 1000-7999 funds 01-29; dtype='unified school district'
0612180,CA,CA-1964527,2025,actual,237431029.64,32.129262602358956,57735007.0,https://www.cde.ca.gov/ds/fd/fd/,2026-02-04,SACS unaudited actual; obj 1000-7999 funds 01-29; dtype='unified school district'
0612210,CA,CA-1964535,2025,actual,82457114.33,-8.579686292146798,-7738500.829999998,https://www.cde.ca.gov/ds/fd/fd/,2026-02-04,SACS unaudited actual; obj 1000-7999 funds 01-29; dtype='unified school district'
0615240,CA,CA-1964568,2025,actual,492396486.5,7.920049539704769,36136052.410000026,https://www.cde.ca.gov/ds/fd/fd/,2026-02-04,SACS unaudited actual; obj 1000-7999 funds 01-29; dtype='unified school district'
0615270,CA,CA-1964576,2025,actual,112048718.41,4.305739778179182,4625369.849999994,https://www.cde.ca.gov/ds/fd/fd/,2026-02-04,SACS unaudited actual; obj 1000-7999 funds 01-29; dtype='unified school district'
0615600,CA,CA-1964584,2025,actual,2305499.21,34.05298228042243,585657.4199999999,https://www.cde.ca.gov/ds/fd/fd/,2026-02-04,SACS unaudited actual; obj 1000-7999 funds 01-29; dtype='elementary school district'
0616680,CA,CA-1964592,2025,actual,176075812.96,11.286854674746543,17857833.420000017,https://www.cde.ca.gov/ds/fd/fd/,2026-02-04,SACS unaudited actual; obj 1000-7999 funds 01-29; dtype='elementary school district'
0618390,CA,CA-1964634,2025,actual,205133211.35,2.3582420132731485,4726085.049999982,https://www.cde.ca.gov/ds/fd/fd/,2026-02-04,SACS unaudited actual; obj 1000-7999 funds 01-29; dtype='unified school district'
0619440,CA,CA-1964642,2025,actual,57355035.89,3.6256812333206128,2006752.3299999982,https://www.cde.ca.gov/ds/fd/fd/,2026-02-04,SACS unaudited actual; obj 1000-7999 funds 01-29; dtype='elementary school district'
0620130,CA,CA-1964659,2025,actual,83125847.65,-9.373101021960434,-8597303.629999995,https://www.cde.ca.gov/ds/fd/fd/,2026-02-04,SACS unaudited actual; obj 1000-7999 funds 01-29; dtype='unified school district'
0621000,CA,CA-1964683,2025,actual,220287350.37,4.663668854524914,9815700.77000001,https://www.cde.ca.gov/ds/fd/fd/,2026-02-04,SACS unaudited actual; obj 1000-7999 funds 01-29; dtype='unified school district'
0621210,CA,CA-1964691,2025,actual,224856689.39,-3.196551619701573,-7425004.24000001,https://www.cde.ca.gov/ds/fd/fd/,2026-02-04,SACS unaudited actual; obj 1000-7999 funds 01-29; dtype='elementary school district'
0621420,CA,CA-1964709,2025,actual,106384010.95,1.0663383678726333,1122444.4699999988,https://www.cde.ca.gov/ds/fd/fd/,2026-02-04,SACS unaudited actual; obj 1000-7999 funds 01-29; dtype='elementary school district'
0622500,CA,CA-1964725,2025,actual,1627701645.91,3.3757298225563144,53152524.26999998,https://www.cde.ca.gov/ds/fd/fd/,2026-02-04,SACS unaudited actual; obj 1000-7999 funds 01-29; dtype='unified school district'
0622710,CA,CA-1964733,2025,actual,14320884572.39,13.865886730411905,1743909164.209999,https://www.cde.ca.gov/ds/fd/fd/,2026-02-04,SACS unaudited actual; obj 1000-7999 funds 01-29; dtype='unified school district'
0623160,CA,CA-1964774,2025,actual,276384826.68,4.020637399989832,10682910.610000014,https://www.cde.ca.gov/ds/fd/fd/,2026-02-04,SACS unaudited actual; obj 1000-7999 funds 01-29; dtype='unified school district'
0625320,CA,CA-1964790,2025,actual,109345409.5,4.047850117062213,4253944.969999999,https://www.cde.ca.gov/ds/fd/fd/,2026-02-04,SACS unaudited actual; obj 1000-7999 funds 01-29; dtype='unified school district'
0625470,CA,CA-1964808,2025,actual,471384145.15000004,-11.06115138251131,-58625128.04999995,https://www.cde.ca.gov/ds/fd/fd/,2026-02-04,SACS unaudited actual; obj 1000-7999 funds 01-29; dtype='unified school district'
0627690,CA,CA-1964840,2025,actual,366570346.18,-9.600591662205064,-38930478.349999964,https://www.cde.ca.gov/ds/fd/fd/,2026-02-04,SACS unaudited actual; obj 1000-7999 funds 01-29; dtype='unified school district'
0629580,CA,CA-1964857,2025,actual,548684352.28,17.07317510799282,80016485.56,https://www.cde.ca.gov/ds/fd/fd/,2026-02-04,SACS unaudited actual; obj 1000-7999 funds 01-29; dtype='elementary school district'
0629700,CA,CA-1964865,2025,actual,187586851.93,-1.5172342457429777,-2889979.719999999,https://www.cde.ca.gov/ds/fd/fd/,2026-02-04,SACS unaudited actual; obj 1000-7999 funds 01-29; dtype='unified school district'
0629850,CA,CA-1964873,2025,actual,336970101.26,6.300588009786204,19972700.24000001,https://www.cde.ca.gov/ds/fd/fd/,2026-02-04,SACS unaudited actual; obj 1000-7999 funds 01-29; dtype='unified school district'
0629940,CA,CA-1964881,2025,actual,464826273.44,18.840584042990923,73691984.44,https://www.cde.ca.gov/ds/fd/fd/,2026-02-04,SACS unaudited actual; obj 1000-7999 funds 01-29; dtype='unified school district'
0631320,CA,CA-1964907,2025,actual,653931493.58,1.8521131379093205,11891310.580000043,https://www.cde.ca.gov/ds/fd/fd/,2026-02-04,SACS unaudited actual; obj 1000-7999 funds 01-29; dtype='unified school district'
0634860,CA,CA-1964964,2025,actual,59663735.6,12.531658357007261,6644224.0500000045,https://www.cde.ca.gov/ds/fd/fd/,2026-02-04,SACS unaudited actual; obj 1000-7999 funds 01-29; dtype='unified school district'
0635700,CA,CA-1964980,2025,actual,409763280.61,11.533814754095802,42373999.150000036,https://www.cde.ca.gov/ds/fd/fd/,2026-02-04,SACS unaudited actual; obj 1000-7999 funds 01-29; dtype='unified school district'
0637500,CA,CA-1965029,2025,actual,92204515.26,6.920622168286858,5968096.700000003,https://www.cde.ca.gov/ds/fd/fd/,2026-02-04,SACS unaudited actual; obj 1000-7999 funds 01-29; dtype='unified school district'
0638980,CA,CA-1965052,2025,actual,102232816.65,2.1853265917043427,2186342.2100000083,https://www.cde.ca.gov/ds/fd/fd/,2026-02-04,SACS unaudited actual; obj 1000-7999 funds 01-29; dtype='unified school district'
0639420,CA,CA-1965060,2025,actual,386329486.90999997,6.339673559849375,23031882.189999938,https://www.cde.ca.gov/ds/fd/fd/,2026-02-04,SACS unaudited actual; obj 1000-7999 funds 01-29; dtype='unified school district'
0642000,CA,CA-1965094,2025,actual,198340489.68,4.162459619476548,7925929.189999998,https://www.cde.ca.gov/ds/fd/fd/,2026-02-04,SACS unaudited actual; obj 1000-7999 funds 01-29; dtype='unified school district'
0642510,CA,CA-1965136,2025,actual,408712053.91,5.261871017970473,20430855.830000043,https://www.cde.ca.gov/ds/fd/fd/,2026-02-04,SACS unaudited actual; obj 1000-7999 funds 01-29; dtype='high school district'
0609620,CA,CA-1973437,2025,actual,600145948.14,2.1117750709864334,12411626.879999995,https://www.cde.ca.gov/ds/fd/fd/,2026-02-04,SACS unaudited actual; obj 1000-7999 funds 01-29; dtype='unified school district'
0616325,CA,CA-1973445,2025,actual,447549132.15000004,14.716087484043742,57412803.44000006,https://www.cde.ca.gov/ds/fd/fd/,2026-02-04,SACS unaudited actual; obj 1000-7999 funds 01-29; dtype='unified school district'
0633750,CA,CA-1973452,2025,actual,277564509.59,-2.6076297566919613,-7431644.5200000405,https://www.cde.ca.gov/ds/fd/fd/,2026-02-04,SACS unaudited actual; obj 1000-7999 funds 01-29; dtype='unified school district'
0641280,CA,CA-1973460,2025,actual,252442069.69,-4.402496195802484,-11625567.689999998,https://www.cde.ca.gov/ds/fd/fd/,2026-02-04,SACS unaudited actual; obj 1000-7999 funds 01-29; dtype='unified school district'
0634425,CA,CA-1975291,2025,actual,101911496.14,4.109451741051644,4022693.120000005,https://www.cde.ca.gov/ds/fd/fd/,2026-02-04,SACS unaudited actual; obj 1000-7999 funds 01-29; dtype='unified school district'
0600001,CA,CA-1975309,2025,actual,26537054.17,16.987741101071894,3853434.5700000003,https://www.cde.ca.gov/ds/fd/fd/,2026-02-04,SACS unaudited actual; obj 1000-7999 funds 01-29; dtype='unified school district'
0600025,CA,CA-1975333,2025,actual,109249482.7,0.44455299098647416,483522.3299999982,https://www.cde.ca.gov/ds/fd/fd/,2026-02-04,SACS unaudited actual; obj 1000-7999 funds 01-29; dtype='unified school district'
0600032,CA,CA-1975341,2025,actual,172313976.5,7.190784997471152,11559508.189999998,https://www.cde.ca.gov/ds/fd/fd/,2026-02-04,SACS unaudited actual; obj 1000-7999 funds 01-29; dtype='unified school district'
0600153,CA,CA-1975713,2025,actual,402090657.71,-8.619305608057013,-37926416.34000003,https://www.cde.ca.gov/ds/fd/fd/,2026-02-04,SACS unaudited actual; obj 1000-7999 funds 01-29; dtype='unified school district'
0601428,CA,CA-1976869,2025,actual,63249372.27,37.40415107782273,17217740.93,https://www.cde.ca.gov/ds/fd/fd/,2026-02-04,SACS unaudited actual; obj 1000-7999 funds 01-29; dtype='unified school district'
0691017,CA,CA-2010207,2025,actual,85878347.52,5.666281952504663,4605167.530000001,https://www.cde.ca.gov/ds/fd/fd/,2026-02-04,SACS unaudited actual; obj 1000-7999 funds 01-29; dtype='county office of education'
0623340,CA,CA-2065243,2025,actual,531596836.41,13.351665331907656,62616663.20000005,https://www.cde.ca.gov/ds/fd/fd/,2026-02-04,SACS unaudited actual; obj 1000-7999 funds 01-29; dtype='unified school district'
0600068,CA,CA-2075580,2025,actual,56278714.14,29.15315705462244,12703539.189999998,https://www.cde.ca.gov/ds/fd/fd/,2026-02-04,SACS unaudited actual; obj 1000-7999 funds 01-29; dtype='unified school district'
0600116,CA,CA-2075606,2025,actual,26824433.28,-14.814887066819141,-4665145.539999999,https://www.cde.ca.gov/ds/fd/fd/,2026-02-04,SACS unaudited actual; obj 1000-7999 funds 01-29; dtype='unified school district'
0600160,CA,CA-2076414,2025,actual,41170713.57,14.459900826977288,5201161.5500000045,https://www.cde.ca.gov/ds/fd/fd/,2026-02-04,SACS unaudited actual; obj 1000-7999 funds 01-29; dtype='unified school district'
0691018,CA,CA-2110215,2025,actual,92652059.97,18.61194250590678,14538458.579999998,https://www.cde.ca.gov/ds/fd/fd/,2026-02-04,SACS unaudited actual; obj 1000-7999 funds 01-29; dtype='county office of education'
0627720,CA,CA-2165417,2025,actual,159702339.59,2.8328589137951723,4399510.050000012,https://www.cde.ca.gov/ds/fd/fd/,2026-02-04,SACS unaudited actual; obj 1000-7999 funds 01-29; dtype='unified school district'
0636670,CA,CA-2173361,2025,actual,22816186.18,6.941214640431487,1480926.1900000013,https://www.cde.ca.gov/ds/fd/fd/,2026-02-04,SACS unaudited actual; obj 1000-7999 funds 01-29; dtype='unified school district'
0691090,CA,CA-2210223,2025,actual,7556002.32,-6.417329928786267,-518144.64999999944,https://www.cde.ca.gov/ds/fd/fd/,2026-02-04,SACS unaudited actual; obj 1000-7999 funds 01-29; dtype='county office of education'
0623940,CA,CA-2265532,2025,actual,38474043.3,6.71601577958139,2421307.4299999997,https://www.cde.ca.gov/ds/fd/fd/,2026-02-04,SACS unaudited actual; obj 1000-7999 funds 01-29; dtype='unified school district'
0691019,CA,CA-2310231,2025,actual,48551542.050000004,10.108462475908292,4457254.510000005,https://www.cde.ca.gov/ds/fd/fd/,2026-02-04,SACS unaudited actual; obj 1000-7999 funds 01-29; dtype='county office of education'
0602730,CA,CA-2365540,2025,actual,13917163.0,18.37845769413571,2160663.3200000003,https://www.cde.ca.gov/ds/fd/fd/,2026-02-04,SACS unaudited actual; obj 1000-7999 funds 01-29; dtype='unified school district'
0614070,CA,CA-2365565,2025,actual,49984553.7,14.307955706618877,6256579.220000006,https://www.cde.ca.gov/ds/fd/fd/,2026-02-04,SACS unaudited actual; obj 1000-7999 funds 01-29; dtype='unified school district'
0624480,CA,CA-2365581,2025,actual,14318791.27,-34.017210106177956,-7382005.699999999,https://www.cde.ca.gov/ds/fd/fd/,2026-02-04,SACS unaudited actual; obj 1000-7999 funds 01-29; dtype='unified school district'
0633720,CA,CA-2365607,2025,actual,12419712.02,3.1248773832760537,376340.58999999985,https://www.cde.ca.gov/ds/fd/fd/,2026-02-04,SACS unaudited actual; obj 1000-7999 funds 01-29; dtype='unified school district'
0640300,CA,CA-2365615,2025,actual,141829160.06,-6.271380850198664,-9489787.5,https://www.cde.ca.gov/ds/fd/fd/,2026-02-04,SACS unaudited actual; obj 1000-7999 funds 01-29; dtype='unified school district'
0642560,CA,CA-2365623,2025,actual,35738428.47,5.939309649847589,2003615.0300000012,https://www.cde.ca.gov/ds/fd/fd/,2026-02-04,SACS unaudited actual; obj 1000-7999 funds 01-29; dtype='unified school district'
0631400,CA,CA-2373866,2025,actual,5536261.07,-2.714295513189282,-154463.06999999937,https://www.cde.ca.gov/ds/fd/fd/,2026-02-04,SACS unaudited actual; obj 1000-7999 funds 01-29; dtype='unified school district'
0642580,CA,CA-2373916,2025,actual,7543209.05,2.3340038143437445,172043.29000000004,https://www.cde.ca.gov/ds/fd/fd/,2026-02-04,SACS unaudited actual; obj 1000-7999 funds 01-29; dtype='unified school district'
0609665,CA,CA-2375218,2025,actual,4265297.4,-1.473188894059766,-63775.419999999925,https://www.cde.ca.gov/ds/fd/fd/,2026-02-04,SACS unaudited actual; obj 1000-7999 funds 01-29; dtype='unified school district'
0691020,CA,CA-2410249,2025,actual,259942339.98,11.98302606778731,27815785.53,https://www.cde.ca.gov/ds/fd/fd/,2026-02-04,SACS unaudited actual; obj 1000-7999 funds 01-29; dtype='county office of education'
0617220,CA,CA-2465698,2025,actual,44630965.550000004,-16.94703323353529,-9106989.019999996,https://www.cde.ca.gov/ds/fd/fd/,2026-02-04,SACS unaudited actual; obj 1000-7999 funds 01-29; dtype='unified school district'
0622740,CA,CA-2465755,2025,actual,253396422.9,15.675635025994278,34338690.610000014,https://www.cde.ca.gov/ds/fd/fd/,2026-02-04,SACS unaudited actual; obj 1000-7999 funds 01-29; dtype='unified school district'
0616323,CA,CA-2473619,2025,actual,40411185.78,3.4354480610440987,1342194.8900000006,https://www.cde.ca.gov/ds/fd/fd/,2026-02-04,SACS unaudited actual; obj 1000-7999 funds 01-29; dtype='unified school district'
0600033,CA,CA-2475317,2025,actual,54065330.51,12.442266334189757,5982583.4499999955,https://www.cde.ca.gov/ds/fd/fd/,2026-02-04,SACS unaudited actual; obj 1000-7999 funds 01-29; dtype='unified school district'
0600039,CA,CA-2475366,2025,actual,63406766.13,3.591674338953188,2198405.0000000075,https://www.cde.ca.gov/ds/fd/fd/,2026-02-04,SACS unaudited actual; obj 1000-7999 funds 01-29; dtype='unified school district'
0691093,CA,CA-2510256,2025,actual,10293755.12,-6.512252742593792,-717051.5600000005,https://www.cde.ca.gov/ds/fd/fd/,2026-02-04,SACS unaudited actual; obj 1000-7999 funds 01-29; dtype='county office of education'
0638520,CA,CA-2565896,2025,actual,3293220.11,19.867856941054153,545844.6299999999,https://www.cde.ca.gov/ds/fd/fd/,2026-02-04,SACS unaudited actual; obj 1000-7999 funds 01-29; dtype='unified school district'
0625190,CA,CA-2573585,2025,actual,15373266.0,-21.97756607037455,-4330382.330000002,https://www.cde.ca.gov/ds/fd/fd/,2026-02-04,SACS unaudited actual; obj 1000-7999 funds 01-29; dtype='unified school district'
0639940,CA,CA-2573593,2025,actual,11314707.36,23.92139024939225,2184155.049999999,https://www.cde.ca.gov/ds/fd/fd/,2026-02-04,SACS unaudited actual; obj 1000-7999 funds 01-29; dtype='unified school district'
0691052,CA,CA-2610264,2025,actual,13762618.120000001,7.289899133532902,935112.2400000021,https://www.cde.ca.gov/ds/fd/fd/,2026-02-04,SACS unaudited actual; obj 1000-7999 funds 01-29; dtype='county office of education'
0611870,CA,CA-2673668,2025,actual,16003602.03,3.229260501370531,500631.30999999866,https://www.cde.ca.gov/ds/fd/fd/,2026-02-04,SACS unaudited actual; obj 1000-7999 funds 01-29; dtype='unified school district'
0623530,CA,CA-2673692,2025,actual,32510991.33,-13.067109015432225,-4886811.690000005,https://www.cde.ca.gov/ds/fd/fd/,2026-02-04,SACS unaudited actual; obj 1000-7999 funds 01-29; dtype='unified school district'
0691021,CA,CA-2710272,2025,actual,225575758.29,8.913776113713856,18461684.810000002,https://www.cde.ca.gov/ds/fd/fd/,2026-02-04,SACS unaudited actual; obj 1000-7999 funds 01-29; dtype='county office of education'
0607530,CA,CA-2765987,2025,actual,95502035.72,10.895759862181439,9383291.560000002,https://www.cde.ca.gov/ds/fd/fd/,2026-02-04,SACS unaudited actual; obj 1000-7999 funds 01-29; dtype='unified school district'
0625530,CA,CA-2766092,2025,actual,263331443.24,-0.24204723239219508,-638932.9899999797,https://www.cde.ca.gov/ds/fd/fd/,2026-02-04,SACS unaudited actual; obj 1000-7999 funds 01-29; dtype='unified school district'
0629370,CA,CA-2766134,2025,actual,59899398.55,-0.6342848344658683,-382358.0399999991,https://www.cde.ca.gov/ds/fd/fd/,2026-02-04,SACS unaudited actual; obj 1000-7999 funds 01-29; dtype='unified school district'
0627590,CA,CA-2773825,2025,actual,110365979.84,12.608138537504873,12357095.870000005,https://www.cde.ca.gov/ds/fd/fd/,2026-02-04,SACS unaudited actual; obj 1000-7999 funds 01-29; dtype='unified school district'
0600031,CA,CA-2775150,2025,actual,1229123.7,-0.41581489842074015,-5132.219999999972,https://www.cde.ca.gov/ds/fd/fd/,2026-02-04,SACS unaudited actual; obj 1000-7999 funds 01-29; dtype='unified school district'
0637050,CA,CA-2775440,2025,actual,108643585.67999999,1.8542303724873945,1977828.8599999845,https://www.cde.ca.gov/ds/fd/fd/,2026-02-04,SACS unaudited actual; obj 1000-7999 funds 01-29; dtype='unified school district'
0600046,CA,CA-2775473,2025,actual,59107727.81,14.35783188830883,7421081.75,https://www.cde.ca.gov/ds/fd/fd/,2026-02-04,SACS unaudited actual; obj 1000-7999 funds 01-29; dtype='unified school district'
0691022,CA,CA-2810280,2025,actual,77931393.85,31.909722955757918,18852053.749999993,https://www.cde.ca.gov/ds/fd/fd/,2026-02-04,SACS unaudited actual; obj 1000-7999 funds 01-29; dtype='county office of education'
0607020,CA,CA-2866241,2025,actual,47926649.629999995,53.180698133497714,16638993.799999997,https://www.cde.ca.gov/ds/fd/fd/,2026-02-04,SACS unaudited actual; obj 1000-7999 funds 01-29; dtype='unified school district'
0626640,CA,CA-2866266,2025,actual,346238354.18,11.17937085189238,34815154.42000002,https://www.cde.ca.gov/ds/fd/fd/,2026-02-04,SACS unaudited actual; obj 1000-7999 funds 01-29; dtype='unified school district'
0637830,CA,CA-2866290,2025,actual,53313730.35,13.489162718819536,6336795.219999999,https://www.cde.ca.gov/ds/fd/fd/,2026-02-04,SACS unaudited actual; obj 1000-7999 funds 01-29; dtype='unified school district'
0691023,CA,CA-2910298,2025,actual,60817901.49,5.586887243199228,3218039.3500000015,https://www.cde.ca.gov/ds/fd/fd/,2026-02-04,SACS unaudited actual; obj 1000-7999 funds 01-29; dtype='county office of education'
0601427,CA,CA-2976877,2025,actual,10172104.43,-18.320920798216783,-2281640.8000000007,https://www.cde.ca.gov/ds/fd/fd/,2026-02-04,SACS unaudited actual; obj 1000-7999 funds 01-29; dtype='elementary school district'
0691024,CA,CA-3010306,2025,actual,511133842.95,19.484748665747382,83352181.56,https://www.cde.ca.gov/ds/fd/fd/,2026-02-04,SACS unaudited actual; obj 1000-7999 funds 01-29; dtype='county office of education'
0605880,CA,CA-3066449,2025,actual,105954768.5,-5.6502691429259215,-6345253.489999995,https://www.cde.ca.gov/ds/fd/fd/,2026-02-04,SACS unaudited actual; obj 1000-7999 funds 01-29; dtype='unified school district'
0607440,CA,CA-3066464,2025,actual,729127281.61,-1.9156735340387216,-14240499.850000024,https://www.cde.ca.gov/ds/fd/fd/,2026-02-04,SACS unaudited actual; obj 1000-7999 funds 01-29; dtype='unified school district'
0614880,CA,CA-3066522,2025,actual,915009993.14,-0.3608413617921101,-3313691.690000057,https://www.cde.ca.gov/ds/fd/fd/,2026-02-04,SACS unaudited actual; obj 1000-7999 funds 01-29; dtype='unified school district'
0620370,CA,CA-3066555,2025,actual,92464287.1,7.7176672439956,6624805.549999997,https://www.cde.ca.gov/ds/fd/fd/,2026-02-04,SACS unaudited actual; obj 1000-7999 funds 01-29; dtype='unified school district'
0627240,CA,CA-3066597,2025,actual,567729038.49,11.663888425486912,59302324.629999995,https://www.cde.ca.gov/ds/fd/fd/,2026-02-04,SACS unaudited actual; obj 1000-7999 funds 01-29; dtype='unified school district'
0628650,CA,CA-3066621,2025,actual,501492263.56,2.254862537139534,11058604.840000033,https://www.cde.ca.gov/ds/fd/fd/,2026-02-04,SACS unaudited actual; obj 1000-7999 funds 01-29; dtype='unified school district'
0630660,CA,CA-3066647,2025,actual,453954919.68,6.975579718882488,29601136.439999998,https://www.cde.ca.gov/ds/fd/fd/,2026-02-04,SACS unaudited actual; obj 1000-7999 funds 01-29; dtype='unified school district'
0635310,CA,CA-3066670,2025,actual,1072809558.32,-1.8623947788025186,-20359116.320000052,https://www.cde.ca.gov/ds/fd/fd/,2026-02-04,SACS unaudited actual; obj 1000-7999 funds 01-29; dtype='unified school district'
0633860,CA,CA-3073635,2025,actual,438554036.8,-2.5906028162194117,-11663344.149999976,https://www.cde.ca.gov/ds/fd/fd/,2026-02-04,SACS unaudited actual; obj 1000-7999 funds 01-29; dtype='unified school district'
0640150,CA,CA-3073643,2025,actual,392538187.75,1.521387612275143,5882531.25999999,https://www.cde.ca.gov/ds/fd/fd/,2026-02-04,SACS unaudited actual; obj 1000-7999 funds 01-29; dtype='unified school district'
0684500,CA,CA-3073650,2025,actual,669106852.68,-0.635416957665877,-4278806.670000076,https://www.cde.ca.gov/ds/fd/fd/,2026-02-04,SACS unaudited actual; obj 1000-7999 funds 01-29; dtype='unified school district'
0622590,CA,CA-3073924,2025,actual,174765200.32999998,2.155605986915671,3687755.6399999857,https://www.cde.ca.gov/ds/fd/fd/,2026-02-04,SACS unaudited actual; obj 1000-7999 funds 01-29; dtype='unified school district'
0691025,CA,CA-3110314,2025,actual,181024989.81,0.737133275528156,1324631.1400000155,https://www.cde.ca.gov/ds/fd/fd/,2026-02-04,SACS unaudited actual; obj 1000-7999 funds 01-29; dtype='county office of education'
0633630,CA,CA-3166928,2025,actual,231855007.10999998,-0.8438818085947658,-1973233.9900000095,https://www.cde.ca.gov/ds/fd/fd/,2026-02-04,SACS unaudited actual; obj 1000-7999 funds 01-29; dtype='high school district'
0638770,CA,CA-3166944,2025,actual,111925283.56,1.9472601204669395,2137846.969999999,https://www.cde.ca.gov/ds/fd/fd/,2026-02-04,SACS unaudited actual; obj 1000-7999 funds 01-29; dtype='unified school district'
0642140,CA,CA-3166951,2025,actual,157939019.1,-25.678337931986505,-54568363.95000002,https://www.cde.ca.gov/ds/fd/fd/,2026-02-04,SACS unaudited actual; obj 1000-7999 funds 01-29; dtype='unified school district'
0600013,CA,CA-3175085,2025,actual,198888055.35,4.7852562225918405,9082673.829999983,https://www.cde.ca.gov/ds/fd/fd/,2026-02-04,SACS unaudited actual; obj 1000-7999 funds 01-29; dtype='unified school district'
0691102,CA,CA-3210322,2025,actual,7677152.01,-2.08517524218001,-163491.15000000037,https://www.cde.ca.gov/ds/fd/fd/,2026-02-04,SACS unaudited actual; obj 1000-7999 funds 01-29; dtype='county office of education'
0631170,CA,CA-3266969,2025,actual,49172741.88,12.269553408413788,5373919.859999999,https://www.cde.ca.gov/ds/fd/fd/,2026-02-04,SACS unaudited actual; obj 1000-7999 funds 01-29; dtype='unified school district'
0691026,CA,CA-3310330,2025,actual,668274102.78,11.563220597115285,69264770.49000001,https://www.cde.ca.gov/ds/fd/fd/,2026-02-04,SACS unaudited actual; obj 1000-7999 funds 01-29; dtype='county office of education'
0602430,CA,CA-3366977,2025,actual,385543972.11,-2.8249080295037343,-11207874.779999971,https://www.cde.ca.gov/ds/fd/fd/,2026-02-04,SACS unaudited actual; obj 1000-7999 funds 01-29; dtype='unified school district'
0603840,CA,CA-3366985,2025,actual,108622465.47,4.4830773442905985,4660686.939999998,https://www.cde.ca.gov/ds/fd/fd/,2026-02-04,SACS unaudited actual; obj 1000-7999 funds 01-29; dtype='unified school district'
0604290,CA,CA-3366993,2025,actual,248711081.04,5.322746752190692,12569232.569999993,https://www.cde.ca.gov/ds/fd/fd/,2026-02-04,SACS unaudited actual; obj 1000-7999 funds 01-29; dtype='unified school district'
0609850,CA,CA-3367033,2025,actual,1016193389.39,-3.4080348722736673,-35854146.90999997,https://www.cde.ca.gov/ds/fd/fd/,2026-02-04,SACS unaudited actual; obj 1000-7999 funds 01-29; dtype='unified school district'
0611110,CA,CA-3367058,2025,actual,593395240.12,6.9584367418004085,38604745.610000014,https://www.cde.ca.gov/ds/fd/fd/,2026-02-04,SACS unaudited actual; obj 1000-7999 funds 01-29; dtype='unified school district'
0616920,CA,CA-3367082,2025,actual,563941631.76,1.9906425777943344,11006953.139999986,https://www.cde.ca.gov/ds/fd/fd/,2026-02-04,SACS unaudited actual; obj 1000-7999 funds 01-29; dtype='unified school district'
0619260,CA,CA-3367090,2025,actual,425321519.83,-2.8418094112175187,-12440358.25,https://www.cde.ca.gov/ds/fd/fd/,2026-02-04,SACS unaudited actual; obj 1000-7999 funds 01-29; dtype='unified school district'
0624540,CA,CA-3367116,2025,actual,238746796.0,-6.959435379063818,-17858263.28,https://www.cde.ca.gov/ds/fd/fd/,2026-02-04,SACS unaudited actual; obj 1000-7999 funds 01-29; dtype='elementary school district'
0625800,CA,CA-3367124,2025,actual,732196178.67,-3.1065583606102254,-23475377.920000076,https://www.cde.ca.gov/ds/fd/fd/,2026-02-04,SACS unaudited actual; obj 1000-7999 funds 01-29; dtype='unified school district'
0627780,CA,CA-3367157,2025,actual,55840682.13,15.22389174741301,7377918.650000006,https://www.cde.ca.gov/ds/fd/fd/,2026-02-04,SACS unaudited actual; obj 1000-7999 funds 01-29; dtype='elementary school district'
0629550,CA,CA-3367173,2025,actual,584661702.29,2.2084692167565767,12633076.120000005,https://www.cde.ca.gov/ds/fd/fd/,2026-02-04,SACS unaudited actual; obj 1000-7999 funds 01-29; dtype='unified school district'
0629640,CA,CA-3367181,2025,actual,57881568.99,-8.216263155179002,-5181421.229999997,https://www.cde.ca.gov/ds/fd/fd/,2026-02-04,SACS unaudited actual; obj 1000-7999 funds 01-29; dtype='unified school district'
0633150,CA,CA-3367215,2025,actual,884466284.68,9.390304137960374,75924529.8599999,https://www.cde.ca.gov/ds/fd/fd/,2026-02-04,SACS unaudited actual; obj 1000-7999 funds 01-29; dtype='unified school district'
0634440,CA,CA-3367249,2025,actual,279450748.52,12.311194974724145,30632499.73999998,https://www.cde.ca.gov/ds/fd/fd/,2026-02-04,SACS unaudited actual; obj 1000-7999 funds 01-29; dtype='unified school district'
0609070,CA,CA-3373676,2025,actual,449253202.79,0.058851896377822864,264238.52000004053,https://www.cde.ca.gov/ds/fd/fd/,2026-02-04,SACS unaudited actual; obj 1000-7999 funds 01-29; dtype='unified school district'
0600027,CA,CA-3375176,2025,actual,422677232.23,9.899201916727943,38072772.09000003,https://www.cde.ca.gov/ds/fd/fd/,2026-02-04,SACS unaudited actual; obj 1000-7999 funds 01-29; dtype='unified school district'
0600028,CA,CA-3375192,2025,actual,505416488.94,0.8271680896732836,4146346.660000026,https://www.cde.ca.gov/ds/fd/fd/,2026-02-04,SACS unaudited actual; obj 1000-7999 funds 01-29; dtype='unified school district'
0600029,CA,CA-3375200,2025,actual,407541183.24,2.4001794489364814,9552443.930000007,https://www.cde.ca.gov/ds/fd/fd/,2026-02-04,SACS unaudited actual; obj 1000-7999 funds 01-29; dtype='unified school district'
0691135,CA,CA-3375242,2025,actual,781642360.91,4.749889776382275,35443617.80999994,https://www.cde.ca.gov/ds/fd/fd/,2026-02-04,SACS unaudited actual; obj 1000-7999 funds 01-29; dtype='unified school district'
0691027,CA,CA-3410348,2025,actual,397769673.22,-7.57122815317902,-32582981.339999974,https://www.cde.ca.gov/ds/fd/fd/,2026-02-04,SACS unaudited actual; obj 1000-7999 funds 01-29; dtype='county office of education'
0612330,CA,CA-3467314,2025,actual,1304821077.1200001,4.744691422343829,59105366.47000003,https://www.cde.ca.gov/ds/fd/fd/,2026-02-04,SACS unaudited actual; obj 1000-7999 funds 01-29; dtype='unified school district'
0613890,CA,CA-3467330,2025,actual,411932601.71,-4.250029697063317,-18284348.129999995,https://www.cde.ca.gov/ds/fd/fd/,2026-02-04,SACS unaudited actual; obj 1000-7999 funds 01-29; dtype='unified school district'
0633110,CA,CA-3467413,2025,actual,60464425.05,12.672559539988985,6800582.409999996,https://www.cde.ca.gov/ds/fd/fd/,2026-02-04,SACS unaudited actual; obj 1000-7999 funds 01-29; dtype='unified school district'
0633240,CA,CA-3467421,2025,actual,52911472.57,23.239510130930356,9977617.579999998,https://www.cde.ca.gov/ds/fd/fd/,2026-02-04,SACS unaudited actual; obj 1000-7999 funds 01-29; dtype='elementary school district'
0633840,CA,CA-3467439,2025,actual,1238619902.31,20.774735166685677,213057808.88,https://www.cde.ca.gov/ds/fd/fd/,2026-02-04,SACS unaudited actual; obj 1000-7999 funds 01-29; dtype='unified school district'
0634620,CA,CA-3467447,2025,actual,1024888388.13,-6.588450095297568,-72286842.53000009,https://www.cde.ca.gov/ds/fd/fd/,2026-02-04,SACS unaudited actual; obj 1000-7999 funds 01-29; dtype='unified school district'
0607900,CA,CA-3473973,2025,actual,109246883.74,11.865143444379532,11587433.819999993,https://www.cde.ca.gov/ds/fd/fd/,2026-02-04,SACS unaudited actual; obj 1000-7999 funds 01-29; dtype='unified school district'
0600036,CA,CA-3475283,2025,actual,326742739.59,20.752072987733953,56152983.649999976,https://www.cde.ca.gov/ds/fd/fd/,2026-02-04,SACS unaudited actual; obj 1000-7999 funds 01-29; dtype='unified school district'
0601332,CA,CA-3476505,2025,actual,768334089.72,1.2278806592786984,9319789.790000081,https://www.cde.ca.gov/ds/fd/fd/,2026-02-04,SACS unaudited actual; obj 1000-7999 funds 01-29; dtype='unified school district'
0691028,CA,CA-3510355,2025,actual,26707645.66,5.018906978701147,1276371.9699999988,https://www.cde.ca.gov/ds/fd/fd/,2026-02-04,SACS unaudited actual; obj 1000-7999 funds 01-29; dtype='county office of education'
0691136,CA,CA-3575259,2025,actual,27145145.16,6.085776166595892,1557223.629999999,https://www.cde.ca.gov/ds/fd/fd/,2026-02-04,SACS unaudited actual; obj 1000-7999 funds 01-29; dtype='unified school district'
0691029,CA,CA-3610363,2025,actual,664112231.8,3.8636129315668772,24704249.49000001,https://www.cde.ca.gov/ds/fd/fd/,2026-02-04,SACS unaudited actual; obj 1000-7999 funds 01-29; dtype='county office of education'
0601710,CA,CA-3667587,2025,actual,172625169.88,9.535815904967317,15028160.669999987,https://www.cde.ca.gov/ds/fd/fd/,2026-02-04,SACS unaudited actual; obj 1000-7999 funds 01-29; dtype='elementary school district'
0604020,CA,CA-3667611,2025,actual,147185929.5,22.598641093374965,27130822.700000003,https://www.cde.ca.gov/ds/fd/fd/,2026-02-04,SACS unaudited actual; obj 1000-7999 funds 01-29; dtype='unified school district'
0604230,CA,CA-3667637,2025,actual,50005017.410000004,-5.585250361771115,-2958124.049999997,https://www.cde.ca.gov/ds/fd/fd/,2026-02-04,SACS unaudited actual; obj 1000-7999 funds 01-29; dtype='unified school district'
0608460,CA,CA-3667678,2025,actual,527476958.0,-4.465031120715232,-24652763.909999967,https://www.cde.ca.gov/ds/fd/fd/,2026-02-04,SACS unaudited actual; obj 1000-7999 funds 01-29; dtype='unified school district'
0609390,CA,CA-3667686,2025,actual,448517954.83,2.289239222163374,10037858.349999964,https://www.cde.ca.gov/ds/fd/fd/,2026-02-04,SACS unaudited actual; obj 1000-7999 funds 01-29; dtype='unified school district'
0613920,CA,CA-3667710,2025,actual,821018492.0600001,15.481562352230066,110066479.17000008,https://www.cde.ca.gov/ds/fd/fd/,2026-02-04,SACS unaudited actual; obj 1000-7999 funds 01-29; dtype='unified school district'
0616860,CA,CA-3667736,2025,actual,22996813.65,17.75698301405838,3467769.1199999973,https://www.cde.ca.gov/ds/fd/fd/,2026-02-04,SACS unaudited actual; obj 1000-7999 funds 01-29; dtype='elementary school district'
0625860,CA,CA-3667777,2025,actual,169909821.86,5.121625096663445,8278167.380000025,https://www.cde.ca.gov/ds/fd/fd/,2026-02-04,SACS unaudited actual; obj 1000-7999 funds 01-29; dtype='unified school district'
0626760,CA,CA-3667801,2025,actual,22170327.41,1.9731999769136501,428999.87000000104,https://www.cde.ca.gov/ds/fd/fd/,2026-02-04,SACS unaudited actual; obj 1000-7999 funds 01-29; dtype='unified school district'
0628950,CA,CA-3667827,2025,actual,32015278.68,9.219768396125719,2702564.370000001,https://www.cde.ca.gov/ds/fd/fd/,2026-02-04,SACS unaudited actual; obj 1000-7999 funds 01-29; dtype='elementary school district'
0632070,CA,CA-3667843,2025,actual,400554120.34,5.231601278347665,19913594.609999955,https://www.cde.ca.gov/ds/fd/fd/,2026-02-04,SACS unaudited actual; obj 1000-7999 funds 01-29; dtype='unified school district'
0632370,CA,CA-3667850,2025,actual,585495256.57,4.442368728714257,24903550.640000105,https://www.cde.ca.gov/ds/fd/fd/,2026-02-04,SACS unaudited actual; obj 1000-7999 funds 01-29; dtype='unified school district'
0632610,CA,CA-3667868,2025,actual,55885774.86,-1.0168931044952743,-574136.950000003,https://www.cde.ca.gov/ds/fd/fd/,2026-02-04,SACS unaudited actual; obj 1000-7999 funds 01-29; dtype='unified school district'
0634170,CA,CA-3667876,2025,actual,1236644568.53,-4.283249083822058,-55338868.74000001,https://www.cde.ca.gov/ds/fd/fd/,2026-02-04,SACS unaudited actual; obj 1000-7999 funds 01-29; dtype='unified school district'
0639840,CA,CA-3667892,2025,actual,9492354.58,8.311804760563476,728439.5099999998,https://www.cde.ca.gov/ds/fd/fd/,2026-02-04,SACS unaudited actual; obj 1000-7999 funds 01-29; dtype='unified school district'
0643560,CA,CA-3667959,2025,actual,156640019.64,0.34860035944853285,544150.7599999905,https://www.cde.ca.gov/ds/fd/fd/,2026-02-04,SACS unaudited actual; obj 1000-7999 funds 01-29; dtype='unified school district'
0603610,CA,CA-3673858,2025,actual,5661714.0600000005,23.196627216905476,1066041.12,https://www.cde.ca.gov/ds/fd/fd/,2026-02-04,SACS unaudited actual; obj 1000-7999 funds 01-29; dtype='unified school district'
0636820,CA,CA-3673890,2025,actual,53461531.75,9.98477840701789,4853412.950000003,https://www.cde.ca.gov/ds/fd/fd/,2026-02-04,SACS unaudited actual; obj 1000-7999 funds 01-29; dtype='unified school district'
0636970,CA,CA-3673957,2025,actual,165723624.68,12.471408720475875,18376288.53,https://www.cde.ca.gov/ds/fd/fd/,2026-02-04,SACS unaudited actual; obj 1000-7999 funds 01-29; dtype='unified school district'
0600014,CA,CA-3675044,2025,actual,440431762.13,-0.8395368371161576,-3728892.3100000024,https://www.cde.ca.gov/ds/fd/fd/,2026-02-04,SACS unaudited actual; obj 1000-7999 funds 01-29; dtype='unified school district'
0600015,CA,CA-3675051,2025,actual,31769281.18,14.216448759886624,3954302.2300000004,https://www.cde.ca.gov/ds/fd/fd/,2026-02-04,SACS unaudited actual; obj 1000-7999 funds 01-29; dtype='unified school district'
0600016,CA,CA-3675069,2025,actual,195259067.04,-0.6084895639331683,-1195404.9600000083,https://www.cde.ca.gov/ds/fd/fd/,2026-02-04,SACS unaudited actual; obj 1000-7999 funds 01-29; dtype='unified school district'
0600017,CA,CA-3675077,2025,actual,286821995.94,2.509034032266233,7020319.290000021,https://www.cde.ca.gov/ds/fd/fd/,2026-02-04,SACS unaudited actual; obj 1000-7999 funds 01-29; dtype='unified school district'
0691030,CA,CA-3710371,2025,actual,689656549.6,0.6803944910293759,4660674.200000048,https://www.cde.ca.gov/ds/fd/fd/,2026-02-04,SACS unaudited actual; obj 1000-7999 funds 01-29; dtype='county office of education'
0605700,CA,CA-3767983,2025,actual,17251530.04,-8.479712765907612,-1598421.7700000033,https://www.cde.ca.gov/ds/fd/fd/,2026-02-04,SACS unaudited actual; obj 1000-7999 funds 01-29; dtype='unified school district'
0606810,CA,CA-3767991,2025,actual,390911100.4,4.906358831481769,18282496.419999957,https://www.cde.ca.gov/ds/fd/fd/,2026-02-04,SACS unaudited actual; obj 1000-7999 funds 01-29; dtype='elementary school district'
0608610,CA,CA-3768023,2025,actual,547637982.9,-14.746080230802486,-94723077.31000006,https://www.cde.ca.gov/ds/fd/fd/,2026-02-04,SACS unaudited actual; obj 1000-7999 funds 01-29; dtype='elementary school district'
0609870,CA,CA-3768031,2025,actual,58722704.339999996,-1.661541198399898,-992187.5300000012,https://www.cde.ca.gov/ds/fd/fd/,2026-02-04,SACS unaudited actual; obj 1000-7999 funds 01-29; dtype='unified school district'
0610710,CA,CA-3768049,2025,actual,9900057.61,116.50303808525861,5327346.899999999,https://www.cde.ca.gov/ds/fd/fd/,2026-02-04,SACS unaudited actual; obj 1000-7999 funds 01-29; dtype='elementary school district'
0616230,CA,CA-3768130,2025,actual,406294191.09,-3.8928810026015745,-16457208.940000057,https://www.cde.ca.gov/ds/fd/fd/,2026-02-04,SACS unaudited actual; obj 1000-7999 funds 01-29; dtype='high school district'
0618730,CA,CA-3768155,2025,actual,15303457.56,11.959966461036485,1634770.4000000004,https://www.cde.ca.gov/ds/fd/fd/,2026-02-04,SACS unaudited actual; obj 1000-7999 funds 01-29; dtype='elementary school district'
0619140,CA,CA-3768163,2025,actual,7224815.54,3.5546929481819456,248004.21999999974,https://www.cde.ca.gov/ds/fd/fd/,2026-02-04,SACS unaudited actual; obj 1000-7999 funds 01-29; dtype='elementary school district'
0620790,CA,CA-3768189,2025,actual,88181476.17,-0.6614071675835659,-587121.8700000048,https://www.cde.ca.gov/ds/fd/fd/,2026-02-04,SACS unaudited actual; obj 1000-7999 funds 01-29; dtype='elementary school district'
0626100,CA,CA-3768213,2025,actual,41572564.5,-11.363408071669873,-5329695.160000004,https://www.cde.ca.gov/ds/fd/fd/,2026-02-04,SACS unaudited actual; obj 1000-7999 funds 01-29; dtype='unified school district'
0631530,CA,CA-3768296,2025,actual,584920757.9399999,0.6499875576251477,3777359.7799999714,https://www.cde.ca.gov/ds/fd/fd/,2026-02-04,SACS unaudited actual; obj 1000-7999 funds 01-29; dtype='unified school district'
0631710,CA,CA-3768304,2025,actual,90919591.05,2.219792421043795,1974398.6400000006,https://www.cde.ca.gov/ds/fd/fd/,2026-02-04,SACS unaudited actual; obj 1000-7999 funds 01-29; dtype='unified school district'
0634320,CA,CA-3768338,2025,actual,3298133857.15,7.37847182659484,226630043.53999996,https://www.cde.ca.gov/ds/fd/fd/,2026-02-04,SACS unaudited actual; obj 1000-7999 funds 01-29; dtype='unified school district'
0637680,CA,CA-3768403,2025,actual,1913724.97,-0.3661269285348339,-7032.410000000149,https://www.cde.ca.gov/ds/fd/fd/,2026-02-04,SACS unaudited actual; obj 1000-7999 funds 01-29; dtype='elementary school district'
0638640,CA,CA-3768411,2025,actual,772251346.63,23.32366305851515,146052507.35000002,https://www.cde.ca.gov/ds/fd/fd/,2026-02-04,SACS unaudited actual; obj 1000-7999 funds 01-29; dtype='high school district'
0641190,CA,CA-3768452,2025,actual,446989310.79,7.614195800798987,31626535.03000003,https://www.cde.ca.gov/ds/fd/fd/,2026-02-04,SACS unaudited actual; obj 1000-7999 funds 01-29; dtype='unified school district'
0607500,CA,CA-3773551,2025,actual,214970541.72,-3.151910643012639,-6996193.139999986,https://www.cde.ca.gov/ds/fd/fd/,2026-02-04,SACS unaudited actual; obj 1000-7999 funds 01-29; dtype='unified school district'
0628250,CA,CA-3773569,2025,actual,369757512.34,11.67639838165127,38660236.90999997,https://www.cde.ca.gov/ds/fd/fd/,2026-02-04,SACS unaudited actual; obj 1000-7999 funds 01-29; dtype='unified school district'
0634880,CA,CA-3773791,2025,actual,463025964.25,32.971479495436704,114811470.43,https://www.cde.ca.gov/ds/fd/fd/,2026-02-04,SACS unaudited actual; obj 1000-7999 funds 01-29; dtype='unified school district'
0600042,CA,CA-3775416,2025,actual,7392051.35,11.965764469657293,789987.4199999999,https://www.cde.ca.gov/ds/fd/fd/,2026-02-04,SACS unaudited actual; obj 1000-7999 funds 01-29; dtype='unified school district'
0600069,CA,CA-3775614,2025,actual,69924608.66,0.07954478374006983,55577.17000000179,https://www.cde.ca.gov/ds/fd/fd/,2026-02-04,SACS unaudited actual; obj 1000-7999 funds 01-29; dtype='unified school district'
0601426,CA,CA-3776851,2025,actual,44209122.03,8.015885162321597,3280769.719999999,https://www.cde.ca.gov/ds/fd/fd/,2026-02-04,SACS unaudited actual; obj 1000-7999 funds 01-29; dtype='unified school district'
0691111,CA,CA-3810389,2025,actual,14808671.23,-4.503868439168297,-698418.9399999995,https://www.cde.ca.gov/ds/fd/fd/,2026-02-04,SACS unaudited actual; obj 1000-7999 funds 01-29; dtype='county office of education'
0634410,CA,CA-3868478,2025,actual,1536953406.99,8.352633150348836,118479889.26999998,https://www.cde.ca.gov/ds/fd/fd/,2026-02-04,SACS unaudited actual; obj 1000-7999 funds 01-29; dtype='unified school district'
0691031,CA,CA-3910397,2025,actual,428627542.56,5.844484866720272,23667810.26999998,https://www.cde.ca.gov/ds/fd/fd/,2026-02-04,SACS unaudited actual; obj 1000-7999 funds 01-29; dtype='county office of education'
0612840,CA,CA-3968502,2025,actual,53229076.39,0.653683516633942,345689.9800000042,https://www.cde.ca.gov/ds/fd/fd/,2026-02-04,SACS unaudited actual; obj 1000-7999 funds 01-29; dtype='unified school district'
0621690,CA,CA-3968569,2025,actual,178872025.93,0.9565013949476826,1694703.5600000024,https://www.cde.ca.gov/ds/fd/fd/,2026-02-04,SACS unaudited actual; obj 1000-7999 funds 01-29; dtype='unified school district'
0621810,CA,CA-3968577,2025,actual,44665025.74,-3.5196418104752207,-1629397.8900000006,https://www.cde.ca.gov/ds/fd/fd/,2026-02-04,SACS unaudited actual; obj 1000-7999 funds 01-29; dtype='unified school district'
0622230,CA,CA-3968585,2025,actual,572545747.31,1.141229349040748,6460332.889999986,https://www.cde.ca.gov/ds/fd/fd/,2026-02-04,SACS unaudited actual; obj 1000-7999 funds 01-29; dtype='unified school district'
0623610,CA,CA-3968593,2025,actual,575725065.12,14.67597589757353,73680011.12,https://www.cde.ca.gov/ds/fd/fd/,2026-02-04,SACS unaudited actual; obj 1000-7999 funds 01-29; dtype='unified school district'
0627030,CA,CA-3968627,2025,actual,42746419.86,14.678783151000447,5471504.060000002,https://www.cde.ca.gov/ds/fd/fd/,2026-02-04,SACS unaudited actual; obj 1000-7999 funds 01-29; dtype='elementary school district'
0632880,CA,CA-3968650,2025,actual,52890986.05,-12.723463346608236,-7710623.590000004,https://www.cde.ca.gov/ds/fd/fd/,2026-02-04,SACS unaudited actual; obj 1000-7999 funds 01-29; dtype='unified school district'
0638010,CA,CA-3968676,2025,actual,1042350192.06,21.30947200351652,183101384.15999997,https://www.cde.ca.gov/ds/fd/fd/,2026-02-04,SACS unaudited actual; obj 1000-7999 funds 01-29; dtype='unified school district'
0600047,CA,CA-3975499,2025,actual,300103179.48,5.171256737066284,14756033.50999999,https://www.cde.ca.gov/ds/fd/fd/,2026-02-04,SACS unaudited actual; obj 1000-7999 funds 01-29; dtype='unified school district'
0601410,CA,CA-3976760,2025,actual,124015816.9,4.966791936609882,5868148.850000009,https://www.cde.ca.gov/ds/fd/fd/,2026-02-04,SACS unaudited actual; obj 1000-7999 funds 01-29; dtype='unified school district'
0602571,CA,CA-3977388,2025,actual,24887127.130000003,118.7658749819124,13510980.310000002,https://www.cde.ca.gov/ds/fd/fd/,2026-02-04,SACS unaudited actual; obj 1000-7999 funds 01-29; dtype='unified school district'
0691032,CA,CA-4010405,2025,actual,73060609.31,5.329734458441369,3696901.4399999976,https://www.cde.ca.gov/ds/fd/fd/,2026-02-04,SACS unaudited actual; obj 1000-7999 funds 01-29; dtype='county office of education'
0603300,CA,CA-4068700,2025,actual,75292914.24,2.2545260940740097,1660071.649999991,https://www.cde.ca.gov/ds/fd/fd/,2026-02-04,SACS unaudited actual; obj 1000-7999 funds 01-29; dtype='unified school district'
0623080,CA,CA-4068759,2025,actual,195723138.35,3.3626902206064346,6367445.370000005,https://www.cde.ca.gov/ds/fd/fd/,2026-02-04,SACS unaudited actual; obj 1000-7999 funds 01-29; dtype='unified school district'
0634800,CA,CA-4068809,2025,actual,209882911.18,14.459741663906348,26514586.099999994,https://www.cde.ca.gov/ds/fd/fd/,2026-02-04,SACS unaudited actual; obj 1000-7999 funds 01-29; dtype='unified school district'
0636450,CA,CA-4068833,2025,actual,8225520.0,-8.123556539190519,-727286.2799999993,https://www.cde.ca.gov/ds/fd/fd/,2026-02-04,SACS unaudited actual; obj 1000-7999 funds 01-29; dtype='unified school district'
0639000,CA,CA-4068841,2025,actual,37528405.39,-0.7335081006391009,-277307.9699999988,https://www.cde.ca.gov/ds/fd/fd/,2026-02-04,SACS unaudited actual; obj 1000-7999 funds 01-29; dtype='unified school district'
0600048,CA,CA-4075457,2025,actual,135165312.05,8.181027556604652,10221673.500000015,https://www.cde.ca.gov/ds/fd/fd/,2026-02-04,SACS unaudited actual; obj 1000-7999 funds 01-29; dtype='unified school district'
0600049,CA,CA-4075465,2025,actual,21399979.53,21.00630599351993,3714967.6999999993,https://www.cde.ca.gov/ds/fd/fd/,2026-02-04,SACS unaudited actual; obj 1000-7999 funds 01-29; dtype='unified school district'
0691033,CA,CA-4110413,2025,actual,241635281.06,-0.4081178753527268,-990197.9499999881,https://www.cde.ca.gov/ds/fd/fd/,2026-02-04,SACS unaudited actual; obj 1000-7999 funds 01-29; dtype='county office of education'
0606780,CA,CA-4168890,2025,actual,85812258.53,25.698266646324836,17543808.36,https://www.cde.ca.gov/ds/fd/fd/,2026-02-04,SACS unaudited actual; obj 1000-7999 funds 01-29; dtype='unified school district'
0618870,CA,CA-4168916,2025,actual,112674085.59,-9.598961195884376,-11963957.379999995,https://www.cde.ca.gov/ds/fd/fd/,2026-02-04,SACS unaudited actual; obj 1000-7999 funds 01-29; dtype='elementary school district'
0620220,CA,CA-4168940,2025,actual,9705812.52,7.90663124227876,711172.9799999986,https://www.cde.ca.gov/ds/fd/fd/,2026-02-04,SACS unaudited actual; obj 1000-7999 funds 01-29; dtype='unified school district'
0637530,CA,CA-4169070,2025,actual,200673136.20000002,5.321863768022697,10139918.290000021,https://www.cde.ca.gov/ds/fd/fd/,2026-02-04,SACS unaudited actual; obj 1000-7999 funds 01-29; dtype='unified school district'
0691034,CA,CA-4210421,2025,actual,154770575.93,10.354166743008589,14521611.620000005,https://www.cde.ca.gov/ds/fd/fd/,2026-02-04,SACS unaudited actual; obj 1000-7999 funds 01-29; dtype='county office of education'
0605280,CA,CA-4269112,2025,actual,4526205.81,14.594826120879546,576458.7199999997,https://www.cde.ca.gov/ds/fd/fd/,2026-02-04,SACS unaudited actual; obj 1000-7999 funds 01-29; dtype='elementary school district'
0607560,CA,CA-4269146,2025,actual,46273933.29,-7.388074306669473,-3691482.009999998,https://www.cde.ca.gov/ds/fd/fd/,2026-02-04,SACS unaudited actual; obj 1000-7999 funds 01-29; dtype='unified school district'
0622410,CA,CA-4269229,2025,actual,193625229.75,10.894701118326449,19022450.900000006,https://www.cde.ca.gov/ds/fd/fd/,2026-02-04,SACS unaudited actual; obj 1000-7999 funds 01-29; dtype='unified school district'
0628710,CA,CA-4269260,2025,actual,90635740.51,2.7819184913510804,2453167.3100000024,https://www.cde.ca.gov/ds/fd/fd/,2026-02-04,SACS unaudited actual; obj 1000-7999 funds 01-29; dtype='elementary school district'
0600009,CA,CA-4275010,2025,actual,5135491.54,8.88389059898565,419007.2999999998,https://www.cde.ca.gov/ds/fd/fd/,2026-02-04,SACS unaudited actual; obj 1000-7999 funds 01-29; dtype='unified school district'
0601414,CA,CA-4276786,2025,actual,284346450.46,4.948119471541255,13406435.629999995,https://www.cde.ca.gov/ds/fd/fd/,2026-02-04,SACS unaudited actual; obj 1000-7999 funds 01-29; dtype='unified school district'
0691035,CA,CA-4310439,2025,actual,459639427.51,7.534456735128496,32204871.680000007,https://www.cde.ca.gov/ds/fd/fd/,2026-02-04,SACS unaudited actual; obj 1000-7999 funds 01-29; dtype='county office of education'
0611820,CA,CA-4369427,2025,actual,490721676.14,3.4571497395768382,16398077.069999993,https://www.cde.ca.gov/ds/fd/fd/,2026-02-04,SACS unaudited actual; obj 1000-7999 funds 01-29; dtype='high school district'
0615180,CA,CA-4369484,2025,actual,207674414.82,-0.4233887937636895,-883008.7599999905,https://www.cde.ca.gov/ds/fd/fd/,2026-02-04,SACS unaudited actual; obj 1000-7999 funds 01-29; dtype='unified school district'
0625830,CA,CA-4369583,2025,actual,167839197.76,-8.436842296393728,-15465094.02000001,https://www.cde.ca.gov/ds/fd/fd/,2026-02-04,SACS unaudited actual; obj 1000-7999 funds 01-29; dtype='unified school district'
0629610,CA,CA-4369641,2025,actual,459467863.09999996,6.119953993907487,26497582.00999993,https://www.cde.ca.gov/ds/fd/fd/,2026-02-04,SACS unaudited actual; obj 1000-7999 funds 01-29; dtype='unified school district'
0634590,CA,CA-4369666,2025,actual,548725083.95,1.5893244774703825,8584585.160000086,https://www.cde.ca.gov/ds/fd/fd/,2026-02-04,SACS unaudited actual; obj 1000-7999 funds 01-29; dtype='unified school district'
0635430,CA,CA-4369674,2025,actual,597149667.97,24.26274427923045,116595603.73000002,https://www.cde.ca.gov/ds/fd/fd/,2026-02-04,SACS unaudited actual; obj 1000-7999 funds 01-29; dtype='unified school district'
0624500,CA,CA-4373387,2025,actual,259293331.10999998,2.1692181435130515,5505217.799999982,https://www.cde.ca.gov/ds/fd/fd/,2026-02-04,SACS unaudited actual; obj 1000-7999 funds 01-29; dtype='unified school district'
0691036,CA,CA-4410447,2025,actual,83489251.6,-3.098027292439564,-2669212.7400000095,https://www.cde.ca.gov/ds/fd/fd/,2026-02-04,SACS unaudited actual; obj 1000-7999 funds 01-29; dtype='county office of education'
0629490,CA,CA-4469799,2025,actual,431734644.28000003,0.9920701698018977,4241036.560000062,https://www.cde.ca.gov/ds/fd/fd/,2026-02-04,SACS unaudited actual; obj 1000-7999 funds 01-29; dtype='unified school district'
0634740,CA,CA-4469807,2025,actual,55081442.69,0.08098092662506162,44569.36999999732,https://www.cde.ca.gov/ds/fd/fd/,2026-02-04,SACS unaudited actual; obj 1000-7999 funds 01-29; dtype='unified school district'
0635600,CA,CA-4469823,2025,actual,,,,https://www.cde.ca.gov/ds/fd/fd/,2026-02-04,SACS unaudited actual; obj 1000-7999 funds 01-29; dtype='high school district'
0600043,CA,CA-4475432,2025,actual,35965818.44,5.53601538023441,1886629.1599999964,https://www.cde.ca.gov/ds/fd/fd/,2026-02-04,SACS unaudited actual; obj 1000-7999 funds 01-29; dtype='unified school district'
0691037,CA,CA-4510454,2025,actual,116358447.43,2.9864029899556686,3374165.9600000083,https://www.cde.ca.gov/ds/fd/fd/,2026-02-04,SACS unaudited actual; obj 1000-7999 funds 01-29; dtype='county office of education'
0609450,CA,CA-4569948,2025,actual,18094594.13,3.5375239065966304,618230.5399999991,https://www.cde.ca.gov/ds/fd/fd/,2026-02-04,SACS unaudited actual; obj 1000-7999 funds 01-29; dtype='elementary school district'
0612810,CA,CA-4569971,2025,actual,70977227.32,-0.6464818806472267,-461840.63000001013,https://www.cde.ca.gov/ds/fd/fd/,2026-02-04,SACS unaudited actual; obj 1000-7999 funds 01-29; dtype='elementary school district'
0613470,CA,CA-4569989,2025,actual,24717539.19,-0.3335945730803879,-82732.3599999994,https://www.cde.ca.gov/ds/fd/fd/,2026-02-04,SACS unaudited actual; obj 1000-7999 funds 01-29; dtype='unified school district'
0632040,CA,CA-4570110,2025,actual,61333380.46,-3.6386163780099805,-2315955.1499999985,https://www.cde.ca.gov/ds/fd/fd/,2026-02-04,SACS unaudited actual; obj 1000-7999 funds 01-29; dtype='elementary school district'
0614950,CA,CA-4575267,2025,actual,49397553.62,-4.833007986804483,-2508630.0,https://www.cde.ca.gov/ds/fd/fd/,2026-02-04,SACS unaudited actual; obj 1000-7999 funds 01-29; dtype='unified school district'
0691120,CA,CA-4610462,2025,actual,3633497.15,-9.518659660094297,-382244.81000000006,https://www.cde.ca.gov/ds/fd/fd/,2026-02-04,SACS unaudited actual; obj 1000-7999 funds 01-29; dtype='county office of education'
0636780,CA,CA-4670177,2025,actual,10794203.66,16.34168434620387,1516184.5899999999,https://www.cde.ca.gov/ds/fd/fd/,2026-02-04,SACS unaudited actual; obj 1000-7999 funds 01-29; dtype='unified school district'
0691038,CA,CA-4710470,2025,actual,35792830.67,1.045573089403476,370367.7400000021,https://www.cde.ca.gov/ds/fd/fd/,2026-02-04,SACS unaudited actual; obj 1000-7999 funds 01-29; dtype='county office of education'
0606580,CA,CA-4773684,2025,actual,6856332.59,-4.8461346147491,-349189.29000000004,https://www.cde.ca.gov/ds/fd/fd/,2026-02-04,SACS unaudited actual; obj 1000-7999 funds 01-29; dtype='unified school district'
0600159,CA,CA-4776455,2025,actual,13712269.74,0.09705127778866593,13295.030000001192,https://www.cde.ca.gov/ds/fd/fd/,2026-02-04,SACS unaudited actual; obj 1000-7999 funds 01-29; dtype='unified school district'
0691122,CA,CA-4810488,2025,actual,106247862.15,7.830709391958258,7715762.390000001,https://www.cde.ca.gov/ds/fd/fd/,2026-02-04,SACS unaudited actual; obj 1000-7999 funds 01-29; dtype='county office of education'
0604620,CA,CA-4870524,2025,actual,80170924.74,-1.2193926967194857,-989666.3200000077,https://www.cde.ca.gov/ds/fd/fd/,2026-02-04,SACS unaudited actual; obj 1000-7999 funds 01-29; dtype='unified school district'
0611280,CA,CA-4870532,2025,actual,58410576.04,10.757147295151285,5673053.030000001,https://www.cde.ca.gov/ds/fd/fd/,2026-02-04,SACS unaudited actual; obj 1000-7999 funds 01-29; dtype='unified school district'
0613360,CA,CA-4870540,2025,actual,368418251.93,2.6159235069038256,9391855.889999986,https://www.cde.ca.gov/ds/fd/fd/,2026-02-04,SACS unaudited actual; obj 1000-7999 funds 01-29; dtype='unified school district'
0639630,CA,CA-4870565,2025,actual,110282360.39999999,20.621225944148385,18853708.819999993,https://www.cde.ca.gov/ds/fd/fd/,2026-02-04,SACS unaudited actual; obj 1000-7999 funds 01-29; dtype='unified school district'
0640590,CA,CA-4870573,2025,actual,224533906.7,8.887842286709589,18327316.51999998,https://www.cde.ca.gov/ds/fd/fd/,2026-02-04,SACS unaudited actual; obj 1000-7999 funds 01-29; dtype='unified school district'
0640740,CA,CA-4870581,2025,actual,291314744.03,1.193722480143206,3436467.699999988,https://www.cde.ca.gov/ds/fd/fd/,2026-02-04,SACS unaudited actual; obj 1000-7999 funds 01-29; dtype='unified school district'
0691040,CA,CA-4910496,2025,actual,174744515.79,-0.009517990722642165,-16633.75,https://www.cde.ca.gov/ds/fd/fd/,2026-02-04,SACS unaudited actual; obj 1000-7999 funds 01-29; dtype='county office of education'
0602670,CA,CA-4970607,2025,actual,52344281.76,45.310056274472565,16321804.649999999,https://www.cde.ca.gov/ds/fd/fd/,2026-02-04,SACS unaudited actual; obj 1000-7999 funds 01-29; dtype='high school district'
0608970,CA,CA-4970656,2025,actual,26450668.77,-4.085098572000579,-1126556.8499999978,https://www.cde.ca.gov/ds/fd/fd/,2026-02-04,SACS unaudited actual; obj 1000-7999 funds 01-29; dtype='unified school district'
0615150,CA,CA-4970706,2025,actual,5624226.01,-5.832577469496048,-348355.4400000004,https://www.cde.ca.gov/ds/fd/fd/,2026-02-04,SACS unaudited actual; obj 1000-7999 funds 01-29; dtype='unified school district'
0616320,CA,CA-4970722,2025,actual,7062317.38,1.5736888828362203,109417.01999999955,https://www.cde.ca.gov/ds/fd/fd/,2026-02-04,SACS unaudited actual; obj 1000-7999 funds 01-29; dtype='elementary school district'
0616620,CA,CA-4970730,2025,actual,10619516.75,7.568022022214126,747143.3900000006,https://www.cde.ca.gov/ds/fd/fd/,2026-02-04,SACS unaudited actual; obj 1000-7999 funds 01-29; dtype='elementary school district'
0621540,CA,CA-4970797,2025,actual,15332604.42,18.914803850480812,2438831.8000000007,https://www.cde.ca.gov/ds/fd/fd/,2026-02-04,SACS unaudited actual; obj 1000-7999 funds 01-29; dtype='elementary school district'
0627840,CA,CA-4970839,2025,actual,18044839.12,12.092736103368921,1946704.8900000006,https://www.cde.ca.gov/ds/fd/fd/,2026-02-04,SACS unaudited actual; obj 1000-7999 funds 01-29; dtype='elementary school district'
0630230,CA,CA-4970854,2025,actual,,,,https://www.cde.ca.gov/ds/fd/fd/,2026-02-04,SACS unaudited actual; obj 1000-7999 funds 01-29; dtype='elementary school district'
0630450,CA,CA-4970870,2025,actual,30988957.39,19.173830684178526,4985801.150000002,https://www.cde.ca.gov/ds/fd/fd/,2026-02-04,SACS unaudited actual; obj 1000-7999 funds 01-29; dtype='elementary school district'
0633510,CA,CA-4970904,2025,actual,68659024.42,8.537373059735177,5400607.080000006,https://www.cde.ca.gov/ds/fd/fd/,2026-02-04,SACS unaudited actual; obj 1000-7999 funds 01-29; dtype='elementary school district'
0637200,CA,CA-4970953,2025,actual,82318969.06,-13.240459637523525,-12562779.64,https://www.cde.ca.gov/ds/fd/fd/,2026-02-04,SACS unaudited actual; obj 1000-7999 funds 01-29; dtype='unified school district'
0640230,CA,CA-4970961,2025,actual,21174585.32,5.960285663475537,1191074.3399999999,https://www.cde.ca.gov/ds/fd/fd/,2026-02-04,SACS unaudited actual; obj 1000-7999 funds 01-29; dtype='elementary school district'
0609940,CA,CA-4973882,2025,actual,119861171.87,8.66135483821609,9554087.950000003,https://www.cde.ca.gov/ds/fd/fd/,2026-02-04,SACS unaudited actual; obj 1000-7999 funds 01-29; dtype='unified school district'
0600034,CA,CA-4975358,2025,actual,99961359.35,3.9225307877907825,3773017.329999998,https://www.cde.ca.gov/ds/fd/fd/,2026-02-04,SACS unaudited actual; obj 1000-7999 funds 01-29; dtype='unified school district'
0600044,CA,CA-4975390,2025,actual,44362352.480000004,6.1288778249515765,2561898.740000002,https://www.cde.ca.gov/ds/fd/fd/,2026-02-04,SACS unaudited actual; obj 1000-7999 funds 01-29; dtype='unified school district'
0691041,CA,CA-5010504,2025,actual,375173453.45,11.19851369417406,37782744.71999997,https://www.cde.ca.gov/ds/fd/fd/,2026-02-04,SACS unaudited actual; obj 1000-7999 funds 01-29; dtype='county office of education'
0608130,CA,CA-5071043,2025,actual,303695767.05,2.909562231967318,8586390.949999988,https://www.cde.ca.gov/ds/fd/fd/,2026-02-04,SACS unaudited actual; obj 1000-7999 funds 01-29; dtype='unified school district'
0611040,CA,CA-5071068,2025,actual,25948815.16,5.426785136133571,1335700.830000002,https://www.cde.ca.gov/ds/fd/fd/,2026-02-04,SACS unaudited actual; obj 1000-7999 funds 01-29; dtype='unified school district'
0616650,CA,CA-5071092,2025,actual,18756770.91,16.490693401860515,2655252.0999999996,https://www.cde.ca.gov/ds/fd/fd/,2026-02-04,SACS unaudited actual; obj 1000-7999 funds 01-29; dtype='elementary school district'
0619620,CA,CA-5071134,2025,actual,22986620.43,-2.461229515696239,-580029.3399999999,https://www.cde.ca.gov/ds/fd/fd/,2026-02-04,SACS unaudited actual; obj 1000-7999 funds 01-29; dtype='elementary school district'
0630030,CA,CA-5071217,2025,actual,135945514.87,-0.07676471584185382,-104438.3599999845,https://www.cde.ca.gov/ds/fd/fd/,2026-02-04,SACS unaudited actual; obj 1000-7999 funds 01-29; dtype='unified school district'
0627200,CA,CA-5073601,2025,actual,71898939.8,-1.5655640700591718,-1143526.6099999994,https://www.cde.ca.gov/ds/fd/fd/,2026-02-04,SACS unaudited actual; obj 1000-7999 funds 01-29; dtype='unified school district'
0600060,CA,CA-5075549,2025,actual,44571902.56,9.1439417577798,3734177.7700000033,https://www.cde.ca.gov/ds/fd/fd/,2026-02-04,SACS unaudited actual; obj 1000-7999 funds 01-29; dtype='unified school district'
0600061,CA,CA-5075556,2025,actual,74203897.13,8.378282175973965,5736400.099999994,https://www.cde.ca.gov/ds/fd/fd/,2026-02-04,SACS unaudited actual; obj 1000-7999 funds 01-29; dtype='unified school district'
0600062,CA,CA-5075564,2025,actual,92864709.96,3.777517618921211,3380289.7399999946,https://www.cde.ca.gov/ds/fd/fd/,2026-02-04,SACS unaudited actual; obj 1000-7999 funds 01-29; dtype='unified school district'
0600063,CA,CA-5075572,2025,actual,48175067.84,2.0087814100349566,948675.0,https://www.cde.ca.gov/ds/fd/fd/,2026-02-04,SACS unaudited actual; obj 1000-7999 funds 01-29; dtype='unified school district'
0600158,CA,CA-5075739,2025,actual,278228606.81,2.9930898113739586,8085622.149999976,https://www.cde.ca.gov/ds/fd/fd/,2026-02-04,SACS unaudited actual; obj 1000-7999 funds 01-29; dtype='unified school district'
0691042,CA,CA-5110512,2025,actual,63792818.44,1.0510984273622337,663550.7399999946,https://www.cde.ca.gov/ds/fd/fd/,2026-02-04,SACS unaudited actual; obj 1000-7999 funds 01-29; dtype='county office of education'
0622050,CA,CA-5171399,2025,actual,41832850.78,-1.344582157920153,-570143.0899999961,https://www.cde.ca.gov/ds/fd/fd/,2026-02-04,SACS unaudited actual; obj 1000-7999 funds 01-29; dtype='unified school district'
0623800,CA,CA-5171407,2025,actual,4082252.24,15.710603575570639,554267.6700000004,https://www.cde.ca.gov/ds/fd/fd/,2026-02-04,SACS unaudited actual; obj 1000-7999 funds 01-29; dtype='elementary school district'
0624690,CA,CA-5171415,2025,actual,1799236.35,21.97636979299148,324166.75000000023,https://www.cde.ca.gov/ds/fd/fd/,2026-02-04,SACS unaudited actual; obj 1000-7999 funds 01-29; dtype='elementary school district'
0627750,CA,CA-5171423,2025,actual,11795607.49,19.212232914541094,1900979.0600000005,https://www.cde.ca.gov/ds/fd/fd/,2026-02-04,SACS unaudited actual; obj 1000-7999 funds 01-29; dtype='elementary school district'
0642900,CA,CA-5171456,2025,actual,3224561.91,-7.464126536596548,-260099.54000000004,https://www.cde.ca.gov/ds/fd/fd/,2026-02-04,SACS unaudited actual; obj 1000-7999 funds 01-29; dtype='elementary school district'
0643470,CA,CA-5171464,2025,actual,234736083.17000002,-6.223555590418898,-15578465.059999973,https://www.cde.ca.gov/ds/fd/fd/,2026-02-04,SACS unaudited actual; obj 1000-7999 funds 01-29; dtype='unified school district'
0691043,CA,CA-5210520,2025,actual,50759902.12,6.561366719660873,3125469.789999999,https://www.cde.ca.gov/ds/fd/fd/,2026-02-04,SACS unaudited actual; obj 1000-7999 funds 01-29; dtype='county office of education'
0613170,CA,CA-5271522,2025,actual,22576166.61,4.132456010212975,895926.3900000006,https://www.cde.ca.gov/ds/fd/fd/,2026-02-04,SACS unaudited actual; obj 1000-7999 funds 01-29; dtype='elementary school district'
0622860,CA,CA-5271571,2025,actual,11858033.52,-0.9400960473692984,-112534.83999999985,https://www.cde.ca.gov/ds/fd/fd/,2026-02-04,SACS unaudited actual; obj 1000-7999 funds 01-29; dtype='unified school district'
0691044,CA,CA-5310538,2025,actual,13683966.67,-0.368249863955619,-50577.43999999948,https://www.cde.ca.gov/ds/fd/fd/,2026-02-04,SACS unaudited actual; obj 1000-7999 funds 01-29; dtype='county office of education'
0637630,CA,CA-5373833,2025,actual,3701011.98,-7.224165389062407,-288186.2799999998,https://www.cde.ca.gov/ds/fd/fd/,2026-02-04,SACS unaudited actual; obj 1000-7999 funds 01-29; dtype='unified school district'
0600018,CA,CA-5375028,2025,actual,9463056.51,30.83606756453085,2230298.2299999995,https://www.cde.ca.gov/ds/fd/fd/,2026-02-04,SACS unaudited actual; obj 1000-7999 funds 01-29; dtype='unified school district'
0601331,CA,CA-5376513,2025,actual,14733547.34,-0.7769059456986148,-115362.06000000052,https://www.cde.ca.gov/ds/fd/fd/,2026-02-04,SACS unaudited actual; obj 1000-7999 funds 01-29; dtype='unified school district'
0691045,CA,CA-5410546,2025,actual,388844217.2,5.110850550002661,18906941.300000012,https://www.cde.ca.gov/ds/fd/fd/,2026-02-04,SACS unaudited actual; obj 1000-7999 funds 01-29; dtype='county office of education'
0602010,CA,CA-5471803,2025,actual,9165850.62,-5.726787311240413,-556795.25,https://www.cde.ca.gov/ds/fd/fd/,2026-02-04,SACS unaudited actual; obj 1000-7999 funds 01-29; dtype='unified school district'
0602220,CA,CA-5471811,2025,actual,11318350.77,-1.4367467100530844,-164986.47000000067,https://www.cde.ca.gov/ds/fd/fd/,2026-02-04,SACS unaudited actual; obj 1000-7999 funds 01-29; dtype='elementary school district'
0606570,CA,CA-5471837,2025,actual,108598993.7,5.026397610325657,5197376.420000002,https://www.cde.ca.gov/ds/fd/fd/,2026-02-04,SACS unaudited actual; obj 1000-7999 funds 01-29; dtype='elementary school district'
0610350,CA,CA-5471860,2025,actual,117047174.38,7.081928597905667,7740986.200000003,https://www.cde.ca.gov/ds/fd/fd/,2026-02-04,SACS unaudited actual; obj 1000-7999 funds 01-29; dtype='unified school district'
0621870,CA,CA-5471993,2025,actual,109235486.67999999,-6.6572287324003625,-7790700.99000001,https://www.cde.ca.gov/ds/fd/fd/,2026-02-04,SACS unaudited actual; obj 1000-7999 funds 01-29; dtype='unified school district'
0638040,CA,CA-5472140,2025,actual,3150923.28,2.917177587825607,89312.61999999965,https://www.cde.ca.gov/ds/fd/fd/,2026-02-04,SACS unaudited actual; obj 1000-7999 funds 01-29; dtype='elementary school district'
0641160,CA,CA-5472256,2025,actual,604264092.64,-3.040727318364025,-18950248.73000002,https://www.cde.ca.gov/ds/fd/fd/,2026-02-04,SACS unaudited actual; obj 1000-7999 funds 01-29; dtype='unified school district'
0600035,CA,CA-5475325,2025,actual,54375303.52,-3.6276259090409173,-2046782.1999999955,https://www.cde.ca.gov/ds/fd/fd/,2026-02-04,SACS unaudited actual; obj 1000-7999 funds 01-29; dtype='unified school district'
0600064,CA,CA-5475523,2025,actual,365273583.84,2.905270869218864,10312578.679999948,https://www.cde.ca.gov/ds/fd/fd/,2026-02-04,SACS unaudited actual; obj 1000-7999 funds 01-29; dtype='unified school district'
0600065,CA,CA-5475531,2025,actual,147156077.31,-10.445911061190047,-17164814.180000007,https://www.cde.ca.gov/ds/fd/fd/,2026-02-04,SACS unaudited actual; obj 1000-7999 funds 01-29; dtype='unified school district'
0601418,CA,CA-5476794,2025,actual,53738188.66,4.262415827190397,2196903.879999995,https://www.cde.ca.gov/ds/fd/fd/,2026-02-04,SACS unaudited actual; obj 1000-7999 funds 01-29; dtype='unified school district'
0601423,CA,CA-5476836,2025,actual,54715404.39,2.4014807603954003,1283164.950000003,https://www.cde.ca.gov/ds/fd/fd/,2026-02-04,SACS unaudited actual; obj 1000-7999 funds 01-29; dtype='unified school district'
0691046,CA,CA-5510553,2025,actual,22820350.3,3.4159144347647206,753775.3200000003,https://www.cde.ca.gov/ds/fd/fd/,2026-02-04,SACS unaudited actual; obj 1000-7999 funds 01-29; dtype='county office of education'
0638280,CA,CA-5572413,2025,actual,14382519.68,5.330406341624537,727849.4100000001,https://www.cde.ca.gov/ds/fd/fd/,2026-02-04,SACS unaudited actual; obj 1000-7999 funds 01-29; dtype='high school district'
0691137,CA,CA-5575184,2025,actual,9584943.38,3.572734429951506,330631.97000000067,https://www.cde.ca.gov/ds/fd/fd/,2026-02-04,SACS unaudited actual; obj 1000-7999 funds 01-29; dtype='unified school district'
0691047,CA,CA-5610561,2025,actual,281152862.85,1.3006672723927386,3609910.350000024,https://www.cde.ca.gov/ds/fd/fd/,2026-02-04,SACS unaudited actual; obj 1000-7999 funds 01-29; dtype='county office of education'
0613800,CA,CA-5672454,2025,actual,100909502.78,16.69267170831688,14434918.469999999,https://www.cde.ca.gov/ds/fd/fd/,2026-02-04,SACS unaudited actual; obj 1000-7999 funds 01-29; dtype='unified school district'
0624720,CA,CA-5672470,2025,actual,11911613.33,12.125314585161306,1288130.6899999995,https://www.cde.ca.gov/ds/fd/fd/,2026-02-04,SACS unaudited actual; obj 1000-7999 funds 01-29; dtype='elementary school district'
0628270,CA,CA-5672520,2025,actual,51444774.4,9.79124020850876,4587871.879999995,https://www.cde.ca.gov/ds/fd/fd/,2026-02-04,SACS unaudited actual; obj 1000-7999 funds 01-29; dtype='unified school district'
0629270,CA,CA-5672546,2025,actual,376181183.49,-3.3569759398839167,-13066966.75,https://www.cde.ca.gov/ds/fd/fd/,2026-02-04,SACS unaudited actual; obj 1000-7999 funds 01-29; dtype='high school district'
0630990,CA,CA-5672553,2025,actual,105556770.7,-0.8558038862906595,-911156.6599999964,https://www.cde.ca.gov/ds/fd/fd/,2026-02-04,SACS unaudited actual; obj 1000-7999 funds 01-29; dtype='elementary school district'
0636840,CA,CA-5672603,2025,actual,313771593.83,-0.01547864503549531,-48575.110000014305,https://www.cde.ca.gov/ds/fd/fd/,2026-02-04,SACS unaudited actual; obj 1000-7999 funds 01-29; dtype='unified school district'
0640980,CA,CA-5672652,2025,actual,367274715.54,16.642615662146337,52402905.22000003,https://www.cde.ca.gov/ds/fd/fd/,2026-02-04,SACS unaudited actual; obj 1000-7999 funds 01-29; dtype='unified school district'
0609640,CA,CA-5673759,2025,actual,299766261.4,-0.11909652986843679,-357436.9100000262,https://www.cde.ca.gov/ds/fd/fd/,2026-02-04,SACS unaudited actual; obj 1000-7999 funds 01-29; dtype='unified school district'
0627850,CA,CA-5673874,2025,actual,74827676.75,6.166781717120415,4346424.950000003,https://www.cde.ca.gov/ds/fd/fd/,2026-02-04,SACS unaudited actual; obj 1000-7999 funds 01-29; dtype='unified school district'
0625690,CA,CA-5673940,2025,actual,101170301.96,2.5691994225919723,2534159.2099999934,https://www.cde.ca.gov/ds/fd/fd/,2026-02-04,SACS unaudited actual; obj 1000-7999 funds 01-29; dtype='unified school district'
0601421,CA,CA-5676828,2025,actual,125210607.97,-0.753376729915172,-950468.1899999976,https://www.cde.ca.gov/ds/fd/fd/,2026-02-04,SACS unaudited actual; obj 1000-7999 funds 01-29; dtype='unified school district'
0691049,CA,CA-5710579,2025,actual,78675084.71,4.784191355381914,3592113.0399999917,https://www.cde.ca.gov/ds/fd/fd/,2026-02-04,SACS unaudited actual; obj 1000-7999 funds 01-29; dtype='county office of education'
0610620,CA,CA-5772678,2025,actual,167089997.3,-5.483123026436957,-9693242.530000001,https://www.cde.ca.gov/ds/fd/fd/,2026-02-04,SACS unaudited actual; obj 1000-7999 funds 01-29; dtype='unified school district'
0612930,CA,CA-5772686,2025,actual,23859721.95,10.032267029351019,2175426.4299999997,https://www.cde.ca.gov/ds/fd/fd/,2026-02-04,SACS unaudited actual; obj 1000-7999 funds 01-29; dtype='unified school district'
0641580,CA,CA-5772694,2025,actual,177034410.07,-6.239616991045581,-11781382.26000002,https://www.cde.ca.gov/ds/fd/fd/,2026-02-04,SACS unaudited actual; obj 1000-7999 funds 01-29; dtype='unified school district'
0642930,CA,CA-5772702,2025,actual,40140566.68,7.540656544293155,2814621.339999996,https://www.cde.ca.gov/ds/fd/fd/,2026-02-04,SACS unaudited actual; obj 1000-7999 funds 01-29; dtype='unified school district'
0643080,CA,CA-5772710,2025,actual,200992470.01,10.82616322100008,19634147.95999998,https://www.cde.ca.gov/ds/fd/fd/,2026-02-04,SACS unaudited actual; obj 1000-7999 funds 01-29; dtype='unified school district'
0691048,CA,CA-5810587,2025,actual,55188764.04,1.3314100858299383,725134.2599999979,https://www.cde.ca.gov/ds/fd/fd/,2026-02-04,SACS unaudited actual; obj 1000-7999 funds 01-29; dtype='county office of education'
0607260,CA,CA-5872728,2025,actual,1152814.99,-11.635001037478055,-151790.90999999992,https://www.cde.ca.gov/ds/fd/fd/,2026-02-04,SACS unaudited actual; obj 1000-7999 funds 01-29; dtype='elementary school district'
0624090,CA,CA-5872736,2025,actual,218657603.5,-4.430705118889542,-10137224.139999986,https://www.cde.ca.gov/ds/fd/fd/,2026-02-04,SACS unaudited actual; obj 1000-7999 funds 01-29; dtype='unified school district'
1200030,FL,FL-01,2025,actual,291056818.74,2.9808801062167407,8424918.100000024,https://www.fldoe.org/finance/fl-edu-finance-program-fefp/school-dis-annual-financial-reports-af.stml,2026-01-05,FLDOE AFR; General Fund TOTAL EXPENDITURES (Fund 100)
1200060,FL,FL-02,2025,actual,46445940.42,-2.2029814638696705,-1046244.0199999958,https://www.fldoe.org/finance/fl-edu-finance-program-fefp/school-dis-annual-financial-reports-af.stml,2026-01-05,FLDOE AFR; General Fund TOTAL EXPENDITURES (Fund 100)
1200090,FL,FL-03,2025,actual,283731504.73,5.459524536808957,14688470.470000029,https://www.fldoe.org/finance/fl-edu-finance-program-fefp/school-dis-annual-financial-reports-af.stml,2026-01-05,FLDOE AFR; General Fund TOTAL EXPENDITURES (Fund 100)
1200120,FL,FL-04,2025,actual,29563979.78,5.13566001970315,1444139.4000000022,https://www.fldoe.org/finance/fl-edu-finance-program-fefp/school-dis-annual-financial-reports-af.stml,2026-01-05,FLDOE AFR; General Fund TOTAL EXPENDITURES (Fund 100)
1200150,FL,FL-05,2025,actual,800223562.05,9.966547421781373,72526293.37,https://www.fldoe.org/finance/fl-edu-finance-program-fefp/school-dis-annual-financial-reports-af.stml,2026-01-05,FLDOE AFR; General Fund TOTAL EXPENDITURES (Fund 100)
1200180,FL,FL-06,2025,actual,2947013768.34,4.383914747545925,123768658.72000027,https://www.fldoe.org/finance/fl-edu-finance-program-fefp/school-dis-annual-financial-reports-af.stml,2026-01-05,FLDOE AFR; General Fund TOTAL EXPENDITURES (Fund 100)
1200210,FL,FL-07,2025,actual,21497418.99,1.221841433717976,259493.76999999955,https://www.fldoe.org/finance/fl-edu-finance-program-fefp/school-dis-annual-financial-reports-af.stml,2026-01-05,FLDOE AFR; General Fund TOTAL EXPENDITURES (Fund 100)
1200240,FL,FL-08,2025,actual,225039345.09,12.272763552078493,24599507.349999994,https://www.fldoe.org/finance/fl-edu-finance-program-fefp/school-dis-annual-financial-reports-af.stml,2026-01-05,FLDOE AFR; General Fund TOTAL EXPENDITURES (Fund 100)
1200270,FL,FL-09,2025,actual,169809886.39,6.523049644001197,10398484.859999985,https://www.fldoe.org/finance/fl-edu-finance-program-fefp/school-dis-annual-financial-reports-af.stml,2026-01-05,FLDOE AFR; General Fund TOTAL EXPENDITURES (Fund 100)
1200300,FL,FL-10,2025,actual,403197348.73,6.659845802096648,25175661.47000003,https://www.fldoe.org/finance/fl-edu-finance-program-fefp/school-dis-annual-financial-reports-af.stml,2026-01-05,FLDOE AFR; General Fund TOTAL EXPENDITURES (Fund 100)
1200330,FL,FL-11,2025,actual,706896440.58,11.15961995074276,70967277.73000002,https://www.fldoe.org/finance/fl-edu-finance-program-fefp/school-dis-annual-financial-reports-af.stml,2026-01-05,FLDOE AFR; General Fund TOTAL EXPENDITURES (Fund 100)
1200360,FL,FL-12,2025,actual,87516737.79,0.8352368293345168,724917.25,https://www.fldoe.org/finance/fl-edu-finance-program-fefp/school-dis-annual-financial-reports-af.stml,2026-01-05,FLDOE AFR; General Fund TOTAL EXPENDITURES (Fund 100)
1200390,FL,FL-13,2025,actual,4225068746.6,11.66664905454136,441424496.1700001,https://www.fldoe.org/finance/fl-edu-finance-program-fefp/school-dis-annual-financial-reports-af.stml,2026-01-05,FLDOE AFR; General Fund TOTAL EXPENDITURES (Fund 100)
1200420,FL,FL-14,2025,actual,47459551.85,10.804301740881147,4627684.219999999,https://www.fldoe.org/finance/fl-edu-finance-program-fefp/school-dis-annual-financial-reports-af.stml,2026-01-05,FLDOE AFR; General Fund TOTAL EXPENDITURES (Fund 100)
1200450,FL,FL-15,2025,actual,18902828.66,-0.06463597523246536,-12225.929999999702,https://www.fldoe.org/finance/fl-edu-finance-program-fefp/school-dis-annual-financial-reports-af.stml,2026-01-05,FLDOE AFR; General Fund TOTAL EXPENDITURES (Fund 100)
1200480,FL,FL-16,2025,actual,1318750339.0,7.046266774677965,86806079.06999993,https://www.fldoe.org/finance/fl-edu-finance-program-fefp/school-dis-annual-financial-reports-af.stml,2026-01-05,FLDOE AFR; General Fund TOTAL EXPENDITURES (Fund 100)
1200510,FL,FL-17,2025,actual,379913229.21,8.646970833295226,30236449.180000007,https://www.fldoe.org/finance/fl-edu-finance-program-fefp/school-dis-annual-financial-reports-af.stml,2026-01-05,FLDOE AFR; General Fund TOTAL EXPENDITURES (Fund 100)
1200540,FL,FL-18,2025,actual,139625595.32,6.211345603413199,8165444.3099999875,https://www.fldoe.org/finance/fl-edu-finance-program-fefp/school-dis-annual-financial-reports-af.stml,2026-01-05,FLDOE AFR; General Fund TOTAL EXPENDITURES (Fund 100)
1200570,FL,FL-19,2025,actual,16669163.61,5.708185548580665,900125.9299999997,https://www.fldoe.org/finance/fl-edu-finance-program-fefp/school-dis-annual-financial-reports-af.stml,2026-01-05,FLDOE AFR; General Fund TOTAL EXPENDITURES (Fund 100)
1200600,FL,FL-20,2025,actual,48088426.37,,,https://www.fldoe.org/finance/fl-edu-finance-program-fefp/school-dis-annual-financial-reports-af.stml,2026-01-05,FLDOE AFR; General Fund TOTAL EXPENDITURES (Fund 100)
1200630,FL,FL-21,2025,actual,31385956.34,9.794471341204403,2799857.280000001,https://www.fldoe.org/finance/fl-edu-finance-program-fefp/school-dis-annual-financial-reports-af.stml,2026-01-05,FLDOE AFR; General Fund TOTAL EXPENDITURES (Fund 100)
1200660,FL,FL-22,2025,actual,21975444.65,-2.4168295595454485,-544262.950000003,https://www.fldoe.org/finance/fl-edu-finance-program-fefp/school-dis-annual-financial-reports-af.stml,2026-01-05,FLDOE AFR; General Fund TOTAL EXPENDITURES (Fund 100)
1200690,FL,FL-23,2025,actual,24075471.02,6.186063341752478,1402560.5999999978,https://www.fldoe.org/finance/fl-edu-finance-program-fefp/school-dis-annual-financial-reports-af.stml,2026-01-05,FLDOE AFR; General Fund TOTAL EXPENDITURES (Fund 100)
1200720,FL,FL-24,2025,actual,16537052.67,7.044264745506506,1088254.2599999998,https://www.fldoe.org/finance/fl-edu-finance-program-fefp/school-dis-annual-financial-reports-af.stml,2026-01-05,FLDOE AFR; General Fund TOTAL EXPENDITURES (Fund 100)
1200750,FL,FL-25,2025,actual,45898251.74,-1.4539358423539983,-677176.8500000015,https://www.fldoe.org/finance/fl-edu-finance-program-fefp/school-dis-annual-financial-reports-af.stml,2026-01-05,FLDOE AFR; General Fund TOTAL EXPENDITURES (Fund 100)
1200780,FL,FL-26,2025,actual,111378797.09,10.768785633700222,10828090.090000004,https://www.fldoe.org/finance/fl-edu-finance-program-fefp/school-dis-annual-financial-reports-af.stml,2026-01-05,FLDOE AFR; General Fund TOTAL EXPENDITURES (Fund 100)
1200810,FL,FL-27,2025,actual,250745975.0,6.901435537299438,16187876.0,https://www.fldoe.org/finance/fl-edu-finance-program-fefp/school-dis-annual-financial-reports-af.stml,2026-01-05,FLDOE AFR; General Fund TOTAL EXPENDITURES (Fund 100)
1200840,FL,FL-28,2025,actual,121867233.24,6.279437121506175,7200429.819999993,https://www.fldoe.org/finance/fl-edu-finance-program-fefp/school-dis-annual-financial-reports-af.stml,2026-01-05,FLDOE AFR; General Fund TOTAL EXPENDITURES (Fund 100)
1200870,FL,FL-29,2025,actual,2258882871.0,10.89982695268729,222015066.0,https://www.fldoe.org/finance/fl-edu-finance-program-fefp/school-dis-annual-financial-reports-af.stml,2026-01-05,FLDOE AFR; General Fund TOTAL EXPENDITURES (Fund 100)
1200900,FL,FL-30,2025,actual,29919686.23,-2.131127962874893,-651511.3399999999,https://www.fldoe.org/finance/fl-edu-finance-program-fefp/school-dis-annual-financial-reports-af.stml,2026-01-05,FLDOE AFR; General Fund TOTAL EXPENDITURES (Fund 100)
1200930,FL,FL-31,2025,actual,186664499.21,6.545400707818967,11467355.110000014,https://www.fldoe.org/finance/fl-edu-finance-program-fefp/school-dis-annual-financial-reports-af.stml,2026-01-05,FLDOE AFR; General Fund TOTAL EXPENDITURES (Fund 100)
1200960,FL,FL-32,2025,actual,63641916.72,4.666335101137087,2837345.0700000003,https://www.fldoe.org/finance/fl-edu-finance-program-fefp/school-dis-annual-financial-reports-af.stml,2026-01-05,FLDOE AFR; General Fund TOTAL EXPENDITURES (Fund 100)
1200990,FL,FL-33,2025,actual,12235199.81,5.360238105737253,622469.9700000007,https://www.fldoe.org/finance/fl-edu-finance-program-fefp/school-dis-annual-financial-reports-af.stml,2026-01-05,FLDOE AFR; General Fund TOTAL EXPENDITURES (Fund 100)
1201020,FL,FL-34,2025,actual,14591306.01,14.045804816601773,1797055.459999999,https://www.fldoe.org/finance/fl-edu-finance-program-fefp/school-dis-annual-financial-reports-af.stml,2026-01-05,FLDOE AFR; General Fund TOTAL EXPENDITURES (Fund 100)
1201050,FL,FL-35,2025,actual,503372470.15,8.224703016349512,38254566.26999998,https://www.fldoe.org/finance/fl-edu-finance-program-fefp/school-dis-annual-financial-reports-af.stml,2026-01-05,FLDOE AFR; General Fund TOTAL EXPENDITURES (Fund 100)
1201080,FL,FL-36,2025,actual,1091172038.0,7.267178465134282,73925147.0,https://www.fldoe.org/finance/fl-edu-finance-program-fefp/school-dis-annual-financial-reports-af.stml,2026-01-05,FLDOE AFR; General Fund TOTAL EXPENDITURES (Fund 100)
1201110,FL,FL-37,2025,actual,332800216.36,6.6836064044032,20849554.420000017,https://www.fldoe.org/finance/fl-edu-finance-program-fefp/school-dis-annual-financial-reports-af.stml,2026-01-05,FLDOE AFR; General Fund TOTAL EXPENDITURES (Fund 100)
1201140,FL,FL-38,2025,actual,58583626.6,9.93967866163359,5296562.8999999985,https://www.fldoe.org/finance/fl-edu-finance-program-fefp/school-dis-annual-financial-reports-af.stml,2026-01-05,FLDOE AFR; General Fund TOTAL EXPENDITURES (Fund 100)
1201170,FL,FL-39,2025,actual,14227557.81,7.1649275566225565,951238.6500000004,https://www.fldoe.org/finance/fl-edu-finance-program-fefp/school-dis-annual-financial-reports-af.stml,2026-01-05,FLDOE AFR; General Fund TOTAL EXPENDITURES (Fund 100)
1201200,FL,FL-40,2025,actual,22696660.15,6.2318535554527,1331448.6899999976,https://www.fldoe.org/finance/fl-edu-finance-program-fefp/school-dis-annual-financial-reports-af.stml,2026-01-05,FLDOE AFR; General Fund TOTAL EXPENDITURES (Fund 100)
1201230,FL,FL-41,2025,actual,604119297.0,8.331921381260504,46463447.0,https://www.fldoe.org/finance/fl-edu-finance-program-fefp/school-dis-annual-financial-reports-af.stml,2026-01-05,FLDOE AFR; General Fund TOTAL EXPENDITURES (Fund 100)
1201260,FL,FL-42,2025,actual,505147853.0,11.735575308904503,53055624.0,https://www.fldoe.org/finance/fl-edu-finance-program-fefp/school-dis-annual-financial-reports-af.stml,2026-01-05,FLDOE AFR; General Fund TOTAL EXPENDITURES (Fund 100)
1201290,FL,FL-43,2025,actual,222642664.89,6.394197532844248,13380628.0,https://www.fldoe.org/finance/fl-edu-finance-program-fefp/school-dis-annual-financial-reports-af.stml,2026-01-05,FLDOE AFR; General Fund TOTAL EXPENDITURES (Fund 100)
1201320,FL,FL-44,2025,actual,156807126.0,4.326275926055379,6502589.0,https://www.fldoe.org/finance/fl-edu-finance-program-fefp/school-dis-annual-financial-reports-af.stml,2026-01-05,FLDOE AFR; General Fund TOTAL EXPENDITURES (Fund 100)
1201350,FL,FL-45,2025,actual,151367717.33,14.41664613014248,19072529.13000001,https://www.fldoe.org/finance/fl-edu-finance-program-fefp/school-dis-annual-financial-reports-af.stml,2026-01-05,FLDOE AFR; General Fund TOTAL EXPENDITURES (Fund 100)
1201380,FL,FL-46,2025,actual,323161126.12,-3.163887680455376,-10558514.600000024,https://www.fldoe.org/finance/fl-edu-finance-program-fefp/school-dis-annual-financial-reports-af.stml,2026-01-05,FLDOE AFR; General Fund TOTAL EXPENDITURES (Fund 100)
1201410,FL,FL-47,2025,actual,65051993.65,9.959985073750385,5892296.960000001,https://www.fldoe.org/finance/fl-edu-finance-program-fefp/school-dis-annual-financial-reports-af.stml,2026-01-05,FLDOE AFR; General Fund TOTAL EXPENDITURES (Fund 100)
1201440,FL,FL-48,2025,actual,2239713324.94,6.989027975419335,146308639.1300001,https://www.fldoe.org/finance/fl-edu-finance-program-fefp/school-dis-annual-financial-reports-af.stml,2026-01-05,FLDOE AFR; General Fund TOTAL EXPENDITURES (Fund 100)
1201470,FL,FL-49,2025,actual,740798147.49,11.173117942808075,74451677.04999995,https://www.fldoe.org/finance/fl-edu-finance-program-fefp/school-dis-annual-financial-reports-af.stml,2026-01-05,FLDOE AFR; General Fund TOTAL EXPENDITURES (Fund 100)
1201500,FL,FL-50,2025,actual,2711177793.79,9.938910433414451,245101148.9499998,https://www.fldoe.org/finance/fl-edu-finance-program-fefp/school-dis-annual-financial-reports-af.stml,2026-01-05,FLDOE AFR; General Fund TOTAL EXPENDITURES (Fund 100)
1201530,FL,FL-51,2025,actual,861351863.0,10.624271145311068,82723580.0,https://www.fldoe.org/finance/fl-edu-finance-program-fefp/school-dis-annual-financial-reports-af.stml,2026-01-05,FLDOE AFR; General Fund TOTAL EXPENDITURES (Fund 100)
1201560,FL,FL-52,2025,actual,1071651826.04,3.5437735843268934,36677158.860000014,https://www.fldoe.org/finance/fl-edu-finance-program-fefp/school-dis-annual-financial-reports-af.stml,2026-01-05,FLDOE AFR; General Fund TOTAL EXPENDITURES (Fund 100)
1201590,FL,FL-53,2025,actual,1142777535.0,9.124296401586145,95551965.0,https://www.fldoe.org/finance/fl-edu-finance-program-fefp/school-dis-annual-financial-reports-af.stml,2026-01-05,FLDOE AFR; General Fund TOTAL EXPENDITURES (Fund 100)
1201620,FL,FL-54,2025,actual,102202045.06,10.185754506988513,9447727.120000005,https://www.fldoe.org/finance/fl-edu-finance-program-fefp/school-dis-annual-financial-reports-af.stml,2026-01-05,FLDOE AFR; General Fund TOTAL EXPENDITURES (Fund 100)
1201740,FL,FL-55,2025,actual,510162571.9,5.685603263814098,27445384.179999948,https://www.fldoe.org/finance/fl-edu-finance-program-fefp/school-dis-annual-financial-reports-af.stml,2026-01-05,FLDOE AFR; General Fund TOTAL EXPENDITURES (Fund 100)
1201770,FL,FL-56,2025,actual,503965971.84,5.448981924096046,26041991.310000002,https://www.fldoe.org/finance/fl-edu-finance-program-fefp/school-dis-annual-financial-reports-af.stml,2026-01-05,FLDOE AFR; General Fund TOTAL EXPENDITURES (Fund 100)
1201650,FL,FL-57,2025,actual,281705913.93,3.1534522110293026,8611889.550000012,https://www.fldoe.org/finance/fl-edu-finance-program-fefp/school-dis-annual-financial-reports-af.stml,2026-01-05,FLDOE AFR; General Fund TOTAL EXPENDITURES (Fund 100)
1201680,FL,FL-58,2025,actual,675448483.0,8.702531109802468,54075203.0,https://www.fldoe.org/finance/fl-edu-finance-program-fefp/school-dis-annual-financial-reports-af.stml,2026-01-05,FLDOE AFR; General Fund TOTAL EXPENDITURES (Fund 100)
1201710,FL,FL-59,2025,actual,610623562.0,3.1545433882630354,18673327.0,https://www.fldoe.org/finance/fl-edu-finance-program-fefp/school-dis-annual-financial-reports-af.stml,2026-01-05,FLDOE AFR; General Fund TOTAL EXPENDITURES (Fund 100)
1201800,FL,FL-60,2025,actual,125987073.11,10.940592560673698,12424426.469999999,https://www.fldoe.org/finance/fl-edu-finance-program-fefp/school-dis-annual-financial-reports-af.stml,2026-01-05,FLDOE AFR; General Fund TOTAL EXPENDITURES (Fund 100)
1201830,FL,FL-61,2025,actual,58585087.87,5.9452703041644535,3287585.960000001,https://www.fldoe.org/finance/fl-edu-finance-program-fefp/school-dis-annual-financial-reports-af.stml,2026-01-05,FLDOE AFR; General Fund TOTAL EXPENDITURES (Fund 100)
1201860,FL,FL-62,2025,actual,31287610.17,-6.966199722169376,-2342758.6599999964,https://www.fldoe.org/finance/fl-edu-finance-program-fefp/school-dis-annual-financial-reports-af.stml,2026-01-05,FLDOE AFR; General Fund TOTAL EXPENDITURES (Fund 100)
1201890,FL,FL-63,2025,actual,22900911.75,-4.350056650349688,-1041508.8599999994,https://www.fldoe.org/finance/fl-edu-finance-program-fefp/school-dis-annual-financial-reports-af.stml,2026-01-05,FLDOE AFR; General Fund TOTAL EXPENDITURES (Fund 100)
1201920,FL,FL-64,2025,actual,604959789.0,6.749731065437188,38251299.0,https://www.fldoe.org/finance/fl-edu-finance-program-fefp/school-dis-annual-financial-reports-af.stml,2026-01-05,FLDOE AFR; General Fund TOTAL EXPENDITURES (Fund 100)
1201950,FL,FL-65,2025,actual,50815930.38,4.114747615228939,2008310.3800000027,https://www.fldoe.org/finance/fl-edu-finance-program-fefp/school-dis-annual-financial-reports-af.stml,2026-01-05,FLDOE AFR; General Fund TOTAL EXPENDITURES (Fund 100)
1201980,FL,FL-66,2025,actual,179142838.43,12.889773158943562,20454559.22,https://www.fldoe.org/finance/fl-edu-finance-program-fefp/school-dis-annual-financial-reports-af.stml,2026-01-05,FLDOE AFR; General Fund TOTAL EXPENDITURES (Fund 100)
1202010,FL,FL-67,2025,actual,38948565.26,8.26472558980959,2973260.2399999946,https://www.fldoe.org/finance/fl-edu-finance-program-fefp/school-dis-annual-financial-reports-af.stml,2026-01-05,FLDOE AFR; General Fund TOTAL EXPENDITURES (Fund 100)
